transaction_amount,transaction_hour,account_age_days,transactions_last_1h,transactions_last_24h,failed_attempts,new_device,location_changed,international_transaction,device_change_count,avg_historical_amount,is_fraud
2310.16,9,459,0,0,2,0,0,0,1,3499.96,0
891.23,23,206,4,13,5,0,1,0,2,1671.3,0
2897.29,16,803,1,3,0,0,0,0,0,306.3,0
10770.27,20,136,0,0,1,0,0,0,1,2192.71,0
771.83,1,15,3,11,0,0,0,0,0,233.26,0
771.85,5,383,3,17,3,0,0,0,2,2145.39,0
11717.27,4,420,2,8,0,0,0,0,0,448.5,0
3467.37,3,294,2,13,0,0,0,0,0,676.33,0
542.28,1,419,3,18,1,0,0,0,0,230.47,0
2474.61,11,270,1,3,5,0,0,0,0,3032.08,0
547.23,2,430,1,6,0,0,0,0,0,312.08,0
545.34,5,16,1,6,0,0,0,0,0,303.45,0
1576.47,23,167,1,2,1,0,0,0,0,406.02,0
62.18,13,86,2,10,1,0,0,1,1,458.02,0
82.49,7,38,3,20,3,0,0,0,0,1243.6,0
471.81,20,97,1,2,3,1,1,0,2,303.54,1
240.03,20,77,0,0,1,1,0,0,1,784.01,0
1757.01,13,1320,0,0,5,1,0,0,0,1773.24,0
280.89,2,123,2,15,3,0,0,0,1,3048.63,0
131.83,15,95,1,5,0,0,0,0,0,856.55,0
9882.03,14,657,2,7,0,0,0,0,1,329.17,0
781.59,6,198,3,16,3,1,1,0,0,724.23,0
1213.53,14,199,0,0,1,0,0,0,0,69.96,0
129.4,12,213,3,14,1,0,0,0,0,478.13,0
484.65,5,196,0,0,3,0,0,0,1,161.13,0
1295.15,14,144,1,2,0,0,0,0,2,282.88,0
195.1,16,123,1,5,0,1,0,0,1,425.92,0
1926.67,3,779,1,5,0,0,0,0,2,2332.09,0
445.43,21,64,4,12,0,0,0,0,0,735.77,0
708.01,21,72,0,0,0,1,0,0,0,358.45,0
444.72,13,309,2,8,0,1,0,0,0,186.94,0
17648.7,14,153,1,4,0,0,0,0,0,372.21,0
1074.65,11,199,1,3,2,0,0,0,0,816.31,0
224.4,18,599,1,6,0,0,0,0,0,629.15,0
3766.18,21,853,4,16,3,0,0,1,0,1286.25,0
175.69,9,570,3,20,1,0,0,0,2,1150.68,0
1500.11,5,97,1,2,0,0,0,0,0,102.69,0
58.0,8,1427,1,3,1,0,0,0,0,839.69,0
149.56,1,164,3,13,1,0,0,0,0,4688.17,0
1473.35,3,67,1,4,0,0,0,0,1,5247.82,0
3319.93,8,252,3,13,2,0,0,0,1,1015.46,0
1418.07,14,471,1,5,5,0,0,0,1,265.45,0
921.98,12,31,1,5,0,0,0,0,0,859.67,0
698.09,19,367,2,10,1,0,0,0,0,2907.44,0
119.37,7,712,0,0,1,1,0,0,0,3477.58,0
372.5,18,110,0,0,0,0,0,0,0,194.65,0
549.52,18,431,3,21,0,0,0,0,0,287.19,0
5354.45,15,186,0,0,5,0,0,0,0,717.03,1
1836.15,10,195,3,9,5,0,0,0,0,1285.02,0
77.9,9,120,3,17,1,0,0,0,1,547.9,0
1783.13,7,357,3,10,5,1,1,0,0,582.53,0
615.46,0,163,5,38,1,0,1,0,0,508.27,0
397.27,9,648,1,4,0,0,1,0,1,780.61,0
2744.94,17,1202,1,3,0,0,0,0,0,968.04,0
5148.7,2,998,4,23,2,0,1,0,0,484.21,0
4433.39,10,65,0,0,1,0,0,0,0,613.15,1
311.43,17,5,3,16,0,0,0,0,0,633.42,0
689.65,2,210,0,0,0,0,0,0,0,596.69,0
1802.44,7,476,1,6,1,0,1,1,0,389.78,0
4737.75,13,1384,3,22,3,0,0,0,0,809.59,1
534.45,5,558,1,7,1,0,0,0,0,274.91,0
830.07,14,317,2,12,2,1,0,0,0,357.35,1
208.62,13,9,2,14,5,0,0,0,1,123.72,0
182.31,6,637,2,15,3,1,0,0,0,385.52,0
3710.01,9,71,1,2,0,0,0,0,1,740.31,0
8386.34,14,20,1,4,0,0,0,0,0,1191.68,0
984.35,9,693,2,7,1,0,0,0,1,830.11,0
4940.88,21,304,1,4,2,0,0,0,0,3672.29,0
1886.45,16,50,2,15,1,0,0,0,0,1677.33,0
416.68,18,178,1,7,1,0,1,0,0,1436.33,0
1885.77,16,32,1,7,0,1,0,0,0,332.76,0
11015.46,11,370,1,3,2,0,0,0,1,526.69,0
1039.26,14,121,1,6,5,1,0,0,1,178.39,1
11463.98,11,733,2,13,0,0,1,0,1,1862.82,0
21.55,8,161,0,0,1,0,0,0,1,1760.33,0
3762.56,4,249,1,6,0,0,0,0,0,823.58,0
1249.59,3,23,2,14,1,0,1,0,0,876.75,0
700.29,11,117,1,7,1,0,0,0,1,2226.81,0
1258.46,15,412,2,4,1,0,0,0,0,584.56,0
55.63,8,486,2,7,0,0,0,0,1,253.96,0
788.78,2,101,0,0,0,1,0,0,1,1089.56,0
1873.7,20,255,2,7,0,0,1,0,0,3510.29,0
10065.22,2,620,0,0,1,0,0,0,0,196.45,0
504.01,17,174,1,3,0,0,0,0,0,224.39,0
326.12,16,52,2,10,1,0,0,0,1,1940.55,0
516.65,9,206,2,8,0,0,0,0,2,2838.24,0
4329.05,1,335,3,20,0,0,0,0,1,1159.8,0
1795.66,23,2,0,0,1,0,1,0,0,745.07,0
495.4,10,156,0,0,3,0,0,1,1,485.79,0
2368.24,23,341,2,15,0,0,0,0,1,1296.05,0
1268.53,2,1107,1,7,1,0,0,0,0,831.46,0
4688.97,22,191,2,14,2,0,0,0,0,582.58,0
382.57,22,64,0,0,0,0,0,0,1,497.56,0
670.82,1,278,1,6,0,0,0,0,1,538.68,0
609.01,8,122,1,4,0,0,1,0,0,1524.68,0
122.09,18,88,1,3,5,0,0,0,1,530.5,0
1709.88,1,325,3,22,0,0,0,0,0,1274.09,0
1622.27,18,903,2,11,5,0,0,0,1,3057.21,0
1105.08,1,658,0,0,2,0,1,0,0,803.66,0
771.33,14,73,1,7,0,0,0,0,0,4410.03,0
131.23,23,529,0,0,0,0,0,0,0,643.5,0
583.49,20,95,0,0,0,0,1,0,0,89.19,0
655.85,2,125,1,2,5,1,0,0,0,2517.19,0
329.17,4,922,3,18,0,0,0,0,1,366.17,0
860.98,10,883,2,10,3,0,0,0,2,551.75,0
2010.37,23,67,2,7,0,0,0,1,1,192.07,0
18569.56,6,24,0,0,1,0,1,0,1,364.64,0
1424.91,5,126,1,3,0,0,0,0,1,413.87,0
1613.77,13,318,1,3,0,1,0,0,0,386.16,0
980.76,0,764,2,14,5,1,0,0,0,1044.5,0
61.67,16,46,2,9,3,0,0,0,3,688.43,0
1053.88,16,195,2,12,0,0,0,0,0,5237.76,0
1200.32,13,115,4,19,1,0,0,0,1,382.99,0
44128.59,9,5,2,9,0,0,0,1,1,558.42,0
821.77,7,566,2,13,1,1,0,0,1,3224.53,0
1723.86,7,612,4,26,5,0,0,0,3,98.57,0
1041.0,13,91,1,3,2,0,0,0,2,938.11,0
189.99,6,59,1,5,5,0,0,0,1,856.79,0
6088.97,5,56,1,6,0,0,0,0,2,603.52,0
3387.68,3,227,0,0,5,0,0,0,1,254.26,0
3592.3,0,103,1,2,2,0,0,0,0,2071.46,0
280.32,14,261,1,4,2,0,0,0,0,213.84,1
8992.91,14,177,1,4,1,0,0,0,1,280.77,0
133.92,0,86,2,12,0,0,0,0,0,247.1,0
2644.63,19,507,1,6,0,0,0,0,1,256.69,0
29309.98,2,59,0,0,5,0,0,0,1,2042.8,1
248.19,22,585,2,11,0,0,0,0,0,3438.64,0
468.98,4,300,6,35,5,0,0,0,0,801.19,0
1273.44,4,651,1,5,0,0,1,0,0,204.13,0
515.32,3,1,2,10,0,0,0,0,2,163.97,0
107.13,16,504,2,11,0,0,1,0,0,1374.87,0
1215.42,20,19,3,21,2,0,0,0,0,297.68,1
222.86,19,1094,1,7,1,0,0,0,3,118.15,0
2231.41,13,442,1,2,0,1,0,1,0,238.62,0
276.13,7,140,2,4,0,0,0,0,1,957.11,0
11213.81,1,140,2,10,0,1,0,0,0,75.08,0
338.7,7,721,2,8,0,0,0,0,0,590.93,0
676.48,0,850,2,9,0,0,0,0,2,5641.25,0
3715.53,3,810,3,14,3,0,1,0,1,860.87,1
173.07,18,603,2,14,0,1,0,0,1,814.6,0
1542.55,4,623,2,11,0,0,1,0,0,126.25,0
7790.92,4,310,2,9,1,0,0,0,0,1634.1,1
98.37,20,10,7,33,0,0,0,0,1,7747.9,0
1446.57,19,33,1,7,0,0,0,0,0,339.36,0
1619.42,23,382,3,9,1,1,0,0,0,1230.4,0
3543.02,18,187,2,4,0,0,0,0,0,1263.98,0
171.5,11,305,2,9,0,0,0,0,0,286.63,0
151.31,19,95,1,7,5,0,0,1,0,97.57,0
2399.25,0,382,0,0,0,0,0,0,0,444.31,0
1712.1,6,101,2,8,0,0,0,0,0,2962.88,0
1596.77,16,225,4,12,0,0,0,0,0,425.32,0
1843.96,1,237,0,0,0,0,0,0,0,1141.48,0
395.43,10,71,0,0,0,0,0,0,0,2125.67,0
1553.68,6,762,1,6,0,0,0,1,1,69.15,0
1702.08,16,272,1,5,0,0,0,0,1,133.09,0
375.58,2,735,0,0,0,0,0,0,0,1452.45,0
18009.63,21,111,0,0,0,0,0,1,0,88.94,0
2232.21,5,69,2,10,0,0,0,0,0,112.39,0
183.65,21,6,3,15,0,1,0,0,2,1104.96,0
2936.08,10,35,0,0,5,0,0,0,1,475.37,1
254.16,17,58,4,21,3,0,1,0,0,1421.49,0
3571.09,17,29,2,11,0,1,1,0,1,562.09,0
6234.75,21,829,2,6,0,0,0,0,1,294.13,0
320.21,9,884,1,5,1,0,1,0,0,459.13,0
4652.05,4,1011,2,4,0,0,0,0,0,1523.54,0
2036.87,22,1173,1,7,5,0,0,0,0,2099.36,0
3763.45,22,247,2,4,2,0,0,0,1,331.02,0
18867.37,20,275,1,7,0,1,1,0,1,347.19,0
758.94,23,51,1,7,0,0,0,0,0,605.72,0
354.03,21,53,1,5,0,0,1,0,0,479.72,0
288.8,14,540,0,0,0,0,0,0,1,1485.24,0
322.56,20,706,2,6,3,0,0,1,0,751.66,0
976.86,19,560,0,0,2,0,0,0,1,490.69,0
1829.37,22,656,1,3,0,0,0,0,0,2170.64,0
1660.77,3,118,0,0,3,0,0,0,0,126.92,0
3792.48,20,229,3,19,1,0,0,1,1,824.57,1
1118.23,20,224,2,8,0,0,0,0,0,1280.37,0
9704.07,0,1955,1,6,1,0,0,0,0,102.27,0
737.31,14,1087,4,21,0,0,1,0,0,406.6,0
64877.34,16,333,1,2,0,0,0,0,0,601.63,0
2803.16,18,54,0,0,0,1,0,0,0,102.02,0
303.16,13,109,2,10,0,0,1,0,0,2925.17,0
220.01,18,165,1,2,0,1,0,0,1,3417.37,0
2261.33,17,753,1,5,3,0,0,0,0,560.05,0
784.31,1,68,1,4,2,0,0,0,0,344.47,0
3200.3,5,90,0,0,0,0,0,0,0,134.91,0
2230.22,12,156,3,11,1,0,0,0,0,581.68,0
983.15,16,954,3,20,1,0,0,0,1,679.29,0
307.91,5,255,0,0,1,0,0,0,1,2474.16,0
113.04,20,379,3,20,0,0,0,0,1,3809.94,0
561.28,21,178,3,6,3,0,0,1,0,473.7,0
3962.37,4,76,0,0,3,0,0,1,1,467.81,1
1511.93,6,92,1,3,1,0,0,0,0,123.54,0
169.25,0,592,1,4,0,1,0,0,1,251.01,0
1421.93,12,817,1,7,0,0,1,0,2,583.16,0
1954.67,18,247,3,8,0,0,0,0,0,384.91,0
291.26,21,161,3,7,3,0,0,0,0,1176.59,0
1381.03,0,602,0,0,0,1,0,0,0,2324.35,0
1196.69,12,408,3,8,3,0,0,0,1,410.79,0
197.46,10,15,0,0,0,1,0,0,0,2723.16,0
1875.59,6,157,1,6,1,0,0,0,0,2606.52,0
2543.2,19,418,3,8,0,0,0,0,1,376.97,0
5566.81,2,311,3,9,0,0,0,0,1,506.63,0
5327.85,0,1394,2,11,0,0,0,0,0,585.22,0
138.86,7,733,1,4,1,0,0,0,1,2850.74,0
268.61,16,22,2,4,1,0,0,0,0,1319.53,0
2374.53,12,472,2,15,1,0,0,0,0,963.86,0
2370.08,13,149,1,5,0,0,0,0,1,4514.61,0
2374.57,4,418,2,11,0,1,0,0,0,1672.36,0
354724.69,23,350,2,14,1,0,0,0,1,6617.42,0
2582.04,21,255,5,37,0,0,1,0,0,474.73,0
6023.05,22,699,6,14,0,0,0,0,0,323.87,0
4587.1,23,450,1,2,1,0,0,0,1,176.81,0
2913.43,5,804,0,0,5,0,0,0,1,688.29,0
683.41,21,120,1,6,5,0,0,0,1,1860.38,0
3423.62,5,156,2,6,0,0,1,0,0,430.25,0
344.04,20,355,0,0,1,0,0,0,0,486.1,0
768.75,7,1239,2,11,0,0,0,0,0,1315.46,0
529.51,12,169,1,6,0,0,0,0,1,68.63,0
1239.93,17,11,1,5,3,0,0,0,1,209.34,1
35312.34,22,215,3,20,0,1,0,0,0,5692.89,0
66.63,3,286,1,3,0,0,0,0,1,134.68,0
3069.87,16,589,3,11,5,0,0,0,0,4982.11,0
97.6,4,476,2,5,5,0,0,0,0,584.73,0
540.29,2,1220,0,0,0,1,0,0,0,2043.88,0
5616.29,3,557,1,6,0,0,0,0,1,617.64,1
1207.64,22,129,0,0,5,1,0,0,0,170.05,0
217.76,4,374,0,0,1,0,0,0,0,1123.31,0
375.04,13,407,1,6,0,0,0,0,1,208.56,0
3039.34,14,2272,3,21,5,0,0,0,0,409.66,1
366.67,19,54,0,0,5,0,0,0,1,179.3,0
1517.3,16,77,3,19,0,0,1,0,0,63.95,0
1174.22,5,61,3,12,0,0,0,0,1,164.38,0
412.65,9,324,1,6,1,1,0,0,1,1464.63,0
27334.81,21,53,1,4,0,0,0,0,0,1014.59,0
2838.07,22,389,0,0,0,1,0,0,0,581.04,0
52.58,15,594,1,7,0,0,1,0,0,493.11,0
1450.53,16,206,1,2,2,0,0,0,0,1710.12,0
406.39,13,300,2,14,0,0,0,0,0,1977.73,0
3938.87,19,890,0,0,1,0,0,0,0,241.66,0
334.03,11,307,1,5,1,0,0,0,1,1230.5,0
923.25,8,85,0,0,0,0,0,0,0,7585.66,0
2339.01,14,153,1,5,5,0,0,0,0,363.3,0
4018.37,11,275,4,27,5,0,0,0,0,3910.33,0
181.19,13,61,4,12,5,0,0,0,0,903.54,0
663.98,21,346,3,19,0,0,0,0,0,4766.68,0
537.85,17,2624,1,4,0,0,0,0,2,2823.73,0
411.58,19,385,1,7,0,0,0,0,1,2021.06,0
15493.59,5,170,3,15,0,0,0,0,0,664.05,0
2013.18,3,147,1,2,0,0,0,0,0,835.02,0
165.45,22,979,1,7,5,0,0,1,0,385.83,0
4345.05,11,748,2,15,0,0,0,1,0,180.41,0
26455.9,12,233,1,3,5,0,0,0,1,80.48,0
5160.03,18,159,0,0,1,0,1,0,1,2050.45,0
112.27,21,452,2,9,0,1,0,0,0,313.44,0
530.41,12,137,4,29,0,0,1,0,0,1117.4,0
7334.66,11,46,2,8,0,0,0,1,0,574.15,0
379.36,19,135,0,0,0,0,0,0,0,1133.99,0
2133.95,2,207,0,0,2,0,1,0,2,885.53,0
3505.02,2,107,1,7,5,0,0,0,1,172.13,0
273.04,13,89,1,2,1,0,0,1,0,144.25,0
1002.96,17,2,0,0,1,0,0,0,1,115.87,0
10.0,18,363,2,13,3,0,0,0,1,872.76,0
235.9,9,347,0,0,2,0,0,0,0,5310.35,0
750.81,16,76,0,0,0,0,0,0,0,296.13,0
168.73,14,1049,2,11,0,0,0,0,1,2546.9,0
12690.6,18,192,1,6,2,0,0,0,1,129.18,0
128.35,8,9,1,7,0,1,0,1,1,129.97,0
566.76,3,90,2,9,0,0,0,0,0,377.84,0
1334.23,14,429,1,6,2,0,0,0,1,528.13,0
9527.24,18,82,1,6,2,0,0,0,0,2014.77,0
127.26,15,20,0,0,1,0,0,0,1,584.8,0
6277.62,7,350,3,12,3,0,0,0,0,221.04,0
1113.6,16,266,2,14,0,0,0,1,0,528.25,0
251.57,20,522,0,0,5,0,0,0,1,1923.49,0
2193.28,0,540,2,7,0,0,0,0,1,300.97,0
1478.21,6,1174,1,7,5,0,0,0,0,763.44,0
445.71,20,21,2,7,0,0,0,0,1,374.5,0
1217.68,17,14,2,14,0,0,0,0,1,502.74,0
615.25,11,1590,1,4,0,0,0,0,0,1058.07,0
1300.2,15,377,4,21,3,0,0,0,2,427.0,0
2960.74,0,458,0,0,1,0,1,0,0,81.07,0
11837.47,14,37,3,9,1,0,0,0,1,481.79,1
171.28,6,26,3,18,1,0,0,1,0,360.71,0
26891.08,16,63,3,23,0,0,0,0,0,593.74,0
58.67,2,203,4,29,0,0,0,0,1,681.03,0
873.34,10,42,3,23,0,0,0,0,1,5551.9,0
2650.43,5,215,0,0,0,0,0,0,0,533.7,0
1671.52,5,300,1,2,0,0,1,0,0,1368.8,0
430.93,14,0,3,15,0,0,0,0,0,449.33,0
802.57,6,44,2,11,3,0,0,0,1,1042.81,0
523.48,10,171,1,2,0,0,0,0,0,521.6,0
453.03,16,20,0,0,0,0,0,0,0,404.51,0
3922.18,22,52,0,0,3,0,0,0,0,1238.68,1
1873.42,17,96,4,18,5,0,0,0,0,925.89,0
387.86,21,204,0,0,0,0,0,1,0,2901.44,0
4227.64,23,457,1,3,5,1,0,0,0,452.48,0
1738.8,20,51,2,15,0,0,1,0,0,459.54,0
3711.88,18,488,0,0,0,0,0,0,1,317.72,0
2819.86,7,704,3,18,0,0,0,0,1,534.65,0
316.24,23,384,1,7,0,0,0,0,0,884.47,0
473.3,19,16,1,3,1,0,0,0,0,750.96,0
3364.18,7,212,1,7,5,0,0,0,1,1851.51,0
2739.57,20,393,0,0,0,0,0,0,1,524.19,0
1062.78,10,1401,1,7,0,1,1,0,0,209.51,0
1307.66,20,1106,0,0,3,0,0,1,1,302.17,0
7453.93,2,183,2,12,1,0,0,0,1,221.38,0
451.53,22,349,0,0,3,0,1,0,2,355.7,0
2491.51,13,808,5,20,0,1,0,0,3,1433.74,0
809.74,8,649,3,11,0,0,0,0,0,228.7,0
791.14,0,238,2,12,0,0,0,0,4,483.42,0
5699.68,0,110,3,13,5,0,0,0,1,1769.66,0
3782.44,11,53,0,0,1,0,0,0,0,212.09,0
3715.48,10,244,4,13,2,0,0,0,1,903.82,0
7771.5,20,468,0,0,1,0,0,0,1,492.99,0
1131.73,0,1277,0,0,3,1,0,0,0,801.78,0
3050.1,19,722,0,0,0,0,0,0,0,483.95,0
688.56,11,83,2,5,0,0,1,0,0,192.44,0
1783.35,16,464,2,7,1,0,0,1,0,105.93,0
902.15,14,124,1,4,5,0,0,0,1,623.51,0
1268.38,1,419,3,14,1,1,0,0,3,546.47,0
2677.76,17,400,1,6,1,0,0,0,0,536.57,0
321.39,15,116,1,4,0,0,0,0,0,1189.76,0
25300.54,3,97,0,0,0,0,0,0,0,944.73,0
242.49,7,40,4,28,2,0,0,0,0,175.03,0
177.46,1,18,6,27,5,0,0,0,0,2560.78,0
6230.22,13,713,5,18,0,0,0,0,0,606.61,0
3595.7,14,18,0,0,0,0,0,0,0,119.83,0
2796.66,8,33,0,0,3,0,0,1,1,637.17,0
2814.44,1,99,0,0,5,0,0,0,1,97.46,1
1076.67,16,797,2,8,5,0,1,0,2,493.28,0
285.46,9,147,2,6,0,0,1,1,1,9052.67,0
1228.69,8,77,1,6,3,0,0,0,0,3247.39,0
397.13,1,458,3,7,5,0,0,0,0,590.46,0
4734.73,23,140,0,0,5,1,0,1,0,5386.32,0
879.55,18,148,1,6,0,0,0,0,0,1328.66,0
317.91,16,490,1,5,1,0,0,0,0,1016.28,0
677.17,10,105,3,19,0,0,0,0,0,947.97,0
2037.33,16,828,0,0,0,1,0,0,0,5783.97,0
470.79,9,300,2,6,0,0,0,0,0,2540.96,0
319.47,17,281,7,34,0,0,0,0,0,495.38,0
1580.55,22,112,1,6,5,0,0,1,0,4735.96,0
1583.59,5,657,1,3,1,0,0,0,1,733.99,0
512.65,15,310,1,7,0,1,0,0,1,1652.21,0
541.01,17,61,1,3,3,0,0,0,1,2744.3,0
1553.2,19,84,0,0,0,0,0,0,0,204.0,0
124.94,17,230,6,40,0,0,0,0,2,509.08,0
132.79,0,552,2,15,0,1,0,0,0,4007.16,0
373.28,2,1022,0,0,5,0,0,0,0,243.86,0
796.18,14,397,1,2,0,0,0,0,1,1479.55,0
1748.23,19,257,1,3,2,0,0,0,1,1674.89,0
10026.98,9,105,2,11,3,0,0,0,0,171.54,0
3969.87,20,407,1,5,0,0,0,0,0,61.66,0
862.72,4,1471,2,11,2,0,0,0,1,468.58,0
1065.79,14,236,0,0,1,0,1,0,0,1199.6,0
243.77,22,64,1,2,3,1,0,1,1,179.4,0
1066.6,13,39,1,3,5,1,0,0,0,692.4,0
711.24,14,114,2,12,0,0,0,0,0,2878.72,0
1779.48,9,307,1,5,0,0,0,1,1,1774.16,0
317.08,23,1070,2,11,1,0,0,0,1,7893.43,0
2389.93,8,129,0,0,0,0,0,0,0,218.12,0
10928.27,11,133,0,0,0,0,0,0,0,4104.25,0
931.56,6,239,1,7,1,0,0,0,0,273.81,0
2003.33,4,915,0,0,1,1,0,0,0,82.07,0
3087.81,23,198,3,19,3,0,0,0,0,937.99,0
600.74,9,92,2,11,5,1,0,0,0,466.37,1
1534.77,7,65,4,27,3,0,0,0,0,1401.31,0
1117.54,21,222,2,15,1,0,0,0,0,1602.39,0
1269.67,19,588,2,11,0,0,1,0,0,780.6,0
343.95,15,125,0,0,0,0,0,0,1,585.65,0
1137.7,11,262,2,13,0,0,1,0,0,733.35,0
2314.61,8,337,1,5,3,1,0,0,1,2831.03,0
9669.34,9,218,2,15,0,0,0,0,0,926.38,0
4623.5,15,77,1,3,0,0,0,0,0,666.69,0
27716.24,9,929,1,7,3,0,0,1,0,245.05,0
346.88,8,304,1,5,1,0,0,0,0,731.17,0
4058.14,2,476,2,15,0,0,0,0,0,703.77,0
1443.77,18,368,0,0,0,0,1,0,0,259.35,0
29281.3,10,2277,1,7,1,0,0,1,0,213.35,0
326.21,5,222,2,7,3,0,0,0,0,877.31,0
311.19,5,201,3,9,1,0,0,0,0,798.54,0
446.26,14,162,0,0,0,0,0,0,0,3514.85,0
45.34,14,163,1,4,0,0,0,0,2,465.06,0
498.38,12,117,0,0,3,0,0,0,0,744.64,0
351.18,21,1439,1,4,3,0,1,0,1,219.32,0
1374.15,4,746,2,5,0,0,0,0,1,49.51,0
1831.03,13,138,2,9,0,0,0,0,1,159.39,0
18292.68,20,132,4,20,0,0,0,0,1,2563.28,0
4562.54,1,39,2,4,5,0,0,0,0,4755.31,1
461.57,22,764,1,3,0,0,0,0,1,1127.76,0
284.97,11,169,3,6,1,0,0,0,0,865.61,0
2293.6,19,310,1,5,2,0,1,0,1,2828.84,0
151.36,13,841,2,7,0,0,0,0,0,289.21,0
17106.06,18,191,1,3,0,0,0,0,2,221.73,0
6432.77,23,600,3,21,5,0,0,0,1,1095.43,1
542.53,19,205,2,4,0,0,0,0,1,1173.39,0
83.96,14,440,1,6,1,0,0,0,0,692.91,0
8356.61,19,205,0,0,0,0,0,0,2,516.94,1
923.52,23,182,1,6,1,0,0,0,0,446.43,0
7021.45,16,1707,2,5,5,0,0,0,0,856.58,0
100.32,13,345,2,14,1,0,0,0,0,335.1,0
446.28,22,167,1,3,1,0,0,0,0,6638.83,0
1105.29,17,108,0,0,1,0,0,0,0,1209.44,0
1176.7,21,14,1,5,0,1,0,0,0,195.15,0
558.3,23,447,0,0,0,0,0,0,2,257.16,0
2791.33,4,169,1,4,0,0,0,0,1,352.61,0
221.09,21,628,2,10,5,0,0,1,2,5875.5,0
885.75,11,165,3,13,0,0,0,0,1,223.91,0
1313.49,9,170,1,2,5,0,0,0,0,1550.66,0
2372.4,7,551,2,13,0,0,0,0,1,578.61,0
3188.87,5,245,0,0,0,1,0,1,0,513.97,0
202.97,14,789,2,9,0,0,0,0,0,1464.0,0
109.82,11,325,0,0,3,0,0,0,1,801.54,0
7454.07,5,100,2,10,1,1,0,0,1,581.42,0
1805.28,11,306,2,14,5,1,0,0,1,119.19,1
356.83,14,1,0,0,2,0,0,0,0,311.97,1
11234.31,11,136,2,6,0,0,0,0,0,658.98,0
1304.42,8,85,1,5,1,0,0,0,0,1199.91,0
6431.39,18,387,2,7,0,0,0,0,3,644.12,0
1213.52,20,53,3,6,1,0,0,0,1,337.94,0
24127.85,1,125,3,22,3,0,0,0,1,494.85,1
15260.32,12,146,3,20,3,0,0,1,1,5727.66,0
754.88,12,1,1,7,1,0,0,0,0,86.16,0
4709.59,7,17,2,12,0,1,0,0,0,485.71,0
2887.26,12,136,2,9,0,0,0,0,2,2318.02,0
8543.68,3,91,0,0,5,0,0,0,0,564.78,0
257.91,5,45,2,6,3,0,0,0,0,308.89,0
3068.91,5,61,2,8,3,0,1,0,0,1395.84,0
5364.92,20,658,2,5,0,1,0,0,0,1741.68,0
78.41,11,419,2,9,0,0,0,0,0,2087.56,0
185.88,11,241,2,11,0,0,0,0,0,1144.75,0
51.48,16,874,1,3,1,0,0,0,2,2039.11,0
732.08,6,10,0,0,0,0,0,1,0,1219.6,0
3217.35,14,154,0,0,5,0,0,0,0,287.82,0
10441.42,23,632,0,0,5,0,0,0,0,620.47,0
1225.55,16,361,1,3,1,0,0,0,0,721.62,0
12618.55,9,1460,4,12,5,1,0,1,0,1832.01,0
138.36,22,1055,2,15,1,1,0,0,1,395.47,0
85.19,19,67,2,6,1,1,0,0,1,1172.46,0
1008.96,5,1304,1,3,0,0,0,0,0,2694.45,0
1951.0,8,1062,1,2,2,1,0,0,0,168.03,0
1044.15,14,170,2,8,0,0,1,0,0,110.3,1
49.35,15,1484,0,0,5,0,0,0,0,1434.52,0
959.41,20,13,1,2,0,1,1,0,0,588.5,0
154.98,7,394,9,26,3,0,0,0,0,3010.02,0
2994.43,15,112,0,0,3,0,1,0,0,15136.45,0
1900.55,4,50,2,11,0,0,0,0,0,2718.45,0
267.78,17,314,3,8,0,0,0,0,0,171.76,0
507.35,19,133,1,5,0,0,0,0,0,4901.58,0
223.9,13,401,1,3,5,0,0,0,1,1332.24,0
998.23,1,283,0,0,2,1,0,0,1,1358.84,0
4594.95,22,181,0,0,0,0,0,0,0,185.91,0
249.99,22,73,2,5,0,1,0,0,1,414.03,0
2335.71,2,335,2,11,0,0,0,0,0,754.24,0
495.03,13,645,3,8,0,1,0,0,0,641.05,0
333.85,6,334,2,10,0,0,0,1,0,861.68,0
933.98,14,344,4,28,2,0,0,0,0,424.43,0
232.09,16,261,1,4,5,0,0,0,0,2204.24,0
477.96,0,179,5,24,0,1,0,0,0,2945.82,0
181.85,8,223,2,5,0,0,0,0,2,213.63,0
20891.29,21,1664,3,17,1,0,0,0,1,290.67,0
1156.2,13,505,1,2,0,0,0,1,0,101.16,0
383.91,15,205,3,11,1,0,0,0,1,48.99,0
1511.67,20,223,3,21,3,1,0,0,0,257.83,1
926.59,12,252,0,0,0,0,0,0,0,1807.65,0
787.25,5,393,0,0,0,0,0,0,0,347.23,0
2755.21,21,228,2,11,0,0,0,0,1,1214.44,0
3416.12,0,423,3,8,0,0,0,0,0,1281.8,0
494.85,20,145,0,0,3,0,1,0,0,675.16,0
462.33,3,192,3,17,0,0,0,0,0,444.09,0
725.91,2,728,0,0,0,0,0,0,1,792.69,0
34.71,16,145,2,11,0,0,0,0,0,135.48,0
112.98,1,1217,2,12,5,0,0,0,0,2357.48,0
8521.19,18,69,2,8,1,0,1,0,1,390.33,0
12931.89,19,100,1,2,0,0,0,0,1,4094.2,0
754.79,22,227,3,15,0,1,0,0,0,1096.98,0
2604.08,21,582,2,11,0,0,1,0,0,2482.9,0
1749.13,7,480,2,12,5,0,0,0,0,686.18,0
111115.03,14,69,4,13,5,0,0,0,0,358.39,1
5880.3,5,98,1,3,0,0,1,0,0,5318.46,0
905.17,22,312,5,34,3,1,0,0,2,303.85,1
261.57,19,127,1,7,5,0,0,0,0,423.35,0
98.53,1,200,1,7,1,0,0,1,0,237.3,0
1488.01,14,243,1,4,0,1,0,0,0,270.65,0
352.65,19,329,2,4,0,0,0,0,2,757.54,0
129.88,11,105,0,0,0,1,0,0,0,373.29,0
415.77,2,65,1,4,1,0,0,0,0,1039.0,0
216.52,9,185,3,6,0,0,0,0,1,1335.98,0
13776.4,13,31,2,10,3,0,0,0,0,146.81,1
4115.27,21,273,1,3,1,0,0,0,0,1612.44,0
1083.6,13,667,2,5,0,0,0,0,1,114.36,0
10096.22,2,46,0,0,1,1,0,0,1,820.87,0
1231.58,0,43,3,11,0,1,0,0,0,618.01,0
301.29,19,30,2,10,1,1,0,0,1,286.25,0
10771.79,0,687,0,0,0,0,0,0,0,516.01,0
2461.1,1,30,2,8,0,0,0,0,0,3944.47,0
231.4,18,1497,4,28,0,0,0,0,0,2748.59,0
824.26,23,161,3,17,5,0,0,0,0,4804.03,0
294.88,9,145,1,7,0,0,0,0,1,1099.04,0
137.8,3,35,1,6,0,0,0,0,1,527.65,0
4399.59,3,321,2,12,0,0,0,0,0,1642.06,0
19228.04,12,321,1,7,1,0,0,0,1,1733.39,0
134.58,8,248,1,2,0,1,0,0,0,167.18,0
2551.54,6,135,1,4,0,1,0,0,0,686.79,0
413.24,15,167,0,0,3,0,0,0,0,155.25,0
528.11,17,141,2,6,3,1,0,0,0,459.86,0
450.97,2,202,2,11,3,1,0,0,0,1611.71,0
300.07,19,152,2,13,1,0,1,0,0,204.58,0
1179.43,19,410,1,7,5,0,0,0,0,5750.99,0
315.32,9,127,1,7,3,0,0,1,0,623.56,0
1645.31,23,157,2,12,2,1,0,0,0,778.82,0
1017.03,21,208,0,0,2,0,1,0,1,1000.17,0
766.3,15,1,1,4,0,0,1,0,0,1721.79,0
281.08,2,247,3,10,3,0,0,0,1,1359.11,0
461.67,10,107,3,23,2,1,0,0,0,1459.31,0
3405.29,9,21,3,23,1,0,0,0,0,318.33,0
2324.77,15,883,4,18,2,0,1,0,1,505.61,0
253.07,7,142,3,13,3,0,0,0,0,1170.87,0
1272.83,8,202,0,0,1,0,0,0,1,531.98,0
3384.9,14,641,0,0,3,1,0,0,1,1118.61,0
89.65,20,66,4,28,2,0,0,0,2,554.58,0
2477.59,2,693,3,13,0,0,0,0,2,750.26,0
405.88,3,100,1,7,0,0,0,0,1,390.78,0
2580.91,12,324,1,6,1,0,0,0,0,2008.85,0
349.01,11,422,1,7,1,0,0,0,1,691.58,0
73.16,20,859,3,18,1,0,1,0,0,1788.3,0
95.46,8,341,3,13,0,0,0,0,0,692.57,0
1178.65,13,220,3,22,0,0,0,0,0,1632.81,0
1619.03,18,309,2,6,0,0,0,0,0,682.88,0
282.46,6,82,1,7,0,1,0,0,0,1988.19,0
2858.03,15,426,4,9,3,1,0,0,1,3086.22,0
90.71,21,75,0,0,0,0,1,0,0,452.08,0
993.15,19,297,1,2,0,0,0,0,0,2477.36,0
178.3,4,380,2,6,1,0,0,0,0,307.85,0
412.5,9,835,0,0,1,0,0,0,1,177.06,0
1177.44,17,218,1,2,2,0,0,0,2,524.91,0
301.68,10,544,1,7,3,0,0,1,0,1019.38,0
615.95,6,66,1,6,0,0,0,0,0,73.85,0
4961.38,13,61,0,0,2,0,0,0,0,543.9,0
461.58,19,271,1,7,0,0,0,0,0,2682.65,0
3841.19,17,331,0,0,0,0,0,0,2,1452.18,0
201.43,10,365,2,7,0,0,0,0,2,223.08,0
2427.72,21,499,0,0,0,1,0,1,0,1268.61,0
9531.46,11,127,0,0,2,0,0,0,1,1195.31,0
26.91,17,355,2,7,5,0,0,0,0,4545.11,0
331.84,1,76,1,4,2,0,0,0,0,970.85,0
2606.09,22,90,1,5,1,0,0,0,1,263.56,0
808.7,0,25,2,8,0,0,0,1,1,443.6,0
1913.56,22,501,1,3,0,0,0,0,1,1354.36,0
443.2,9,258,0,0,0,0,0,0,0,203.23,0
1248.73,20,99,3,10,0,0,0,0,1,859.31,0
868.25,0,296,2,14,0,1,0,0,0,785.78,0
6321.26,5,159,1,6,0,0,1,0,0,103.93,0
1606.21,6,662,3,12,5,0,0,0,1,199.53,0
1819.66,16,274,4,30,0,0,0,0,1,426.86,0
591.22,8,11,3,13,0,0,0,0,0,8159.88,0
527.73,6,1535,2,10,0,0,0,0,0,1447.03,0
573.16,16,28,2,10,1,0,0,0,0,1275.56,0
1981.64,2,434,4,10,0,0,0,0,0,168.6,0
583.2,15,209,3,13,0,0,0,0,0,955.37,0
1693.69,4,104,2,4,0,0,0,0,0,464.99,0
24664.03,19,411,4,12,2,1,0,0,0,1181.86,0
4050.87,17,49,1,6,0,0,0,0,2,697.99,0
672.47,0,713,2,7,0,0,0,0,2,3263.16,0
6646.34,3,105,0,0,0,1,0,0,0,198.67,0
594.6,22,163,1,6,5,0,1,0,1,814.22,0
51.56,10,365,0,0,0,0,0,0,0,2220.86,0
241.74,19,0,1,5,0,1,0,0,0,857.8,0
66.27,8,233,3,22,0,1,0,0,0,102.87,0
647.25,7,820,3,21,0,0,1,0,0,341.76,0
1127.35,7,416,2,10,1,0,0,0,1,539.48,0
13556.97,4,179,0,0,0,0,0,0,0,117.13,0
1790.75,11,394,2,7,2,0,0,0,1,455.19,0
789.46,0,1006,1,5,5,0,0,0,1,138.63,0
3805.14,14,75,0,0,3,0,0,0,1,182.6,1
39.78,17,276,2,13,0,0,0,0,1,657.92,0
1561.53,5,97,2,8,0,0,0,0,0,1037.94,0
3485.26,9,702,1,7,0,0,0,0,0,1362.48,0
119.36,13,466,1,6,2,1,0,0,0,884.99,0
6097.48,20,589,2,4,0,0,0,0,0,853.77,0
1822.1,7,1045,1,6,5,0,0,0,1,1856.72,0
588.2,2,96,0,0,0,0,0,0,0,682.27,0
2833.23,21,18,4,15,0,0,0,0,1,1082.95,0
33058.67,21,125,4,14,0,0,0,1,0,735.78,0
1440.58,18,185,2,11,3,0,0,0,0,2822.83,0
1591.34,11,358,1,2,5,0,0,0,0,461.18,0
550.57,11,583,1,6,0,0,0,0,0,278.53,0
306.5,14,157,0,0,0,0,0,1,0,468.66,0
3810.45,6,234,1,4,1,0,0,0,0,1009.51,0
303.65,3,561,2,14,0,0,0,0,2,1425.3,0
1220.91,20,93,5,33,5,0,0,0,1,1188.87,0
535.67,8,89,1,2,0,0,0,0,1,739.87,0
2249.51,21,324,0,0,1,0,0,0,0,729.0,0
1808.93,15,209,3,13,1,0,0,0,0,386.41,0
5199.46,12,1085,1,7,1,0,0,0,0,350.87,0
510.29,3,161,2,7,2,0,0,0,1,624.86,0
731.57,23,520,3,14,5,0,0,0,0,502.69,0
252.61,8,319,1,4,3,1,0,0,0,326.67,0
563.16,20,20,2,11,0,0,0,0,1,3494.61,0
1931.3,17,32,2,7,5,0,0,0,0,386.95,0
3413.46,14,82,1,7,0,0,0,0,0,807.67,0
274.99,14,56,0,0,5,0,0,0,0,3162.52,0
4041.65,5,145,1,7,3,0,0,0,0,449.13,1
8378.77,10,315,2,12,5,0,0,0,0,254.47,1
2038.87,7,336,1,3,0,0,0,0,0,484.87,0
18309.84,20,323,1,2,5,0,0,0,1,578.68,0
343.54,16,45,1,4,2,0,0,0,0,1499.21,0
169.53,23,334,1,7,0,0,0,0,0,377.88,0
76.09,16,192,2,14,0,0,0,0,0,243.25,0
10343.01,23,851,1,7,3,0,0,0,1,502.92,0
2926.46,17,887,1,5,0,0,0,0,0,1650.21,0
1008.91,3,533,2,5,0,1,0,0,1,1110.15,0
1668.95,14,443,1,2,3,0,0,0,2,2318.69,0
202.71,1,44,3,21,2,1,0,0,0,1200.57,0
42985.92,1,32,2,6,0,0,0,0,2,412.23,0
1331.19,9,670,1,2,0,0,0,0,0,1384.58,0
1292.19,2,203,2,12,0,0,0,0,1,1692.19,0
3257.29,7,219,0,0,0,0,0,0,0,1166.81,0
2256.37,19,687,1,6,3,0,1,0,0,1061.28,0
1534.29,6,354,1,3,1,0,0,0,1,3974.45,0
335.05,11,72,2,7,0,0,0,0,0,224.4,0
2224.31,18,86,2,6,2,0,1,0,0,404.43,1
18454.01,14,2,0,0,3,0,0,0,1,382.07,0
8251.33,13,452,1,4,5,0,1,0,0,269.59,0
11965.47,15,242,2,5,0,0,0,0,0,4115.92,0
509.37,13,1093,0,0,0,0,0,0,0,296.41,0
248.54,2,456,1,7,0,0,1,0,0,976.88,0
908.07,17,39,1,6,0,0,0,0,1,647.33,0
1192.24,21,64,1,6,0,0,1,1,0,2591.7,0
5660.61,5,254,2,10,0,1,1,0,0,1966.99,0
86.6,16,944,0,0,0,0,0,0,2,107.6,0
10876.13,22,103,2,13,1,1,0,0,0,187.11,0
865.22,13,637,0,0,0,0,0,0,0,292.24,0
578.06,13,136,3,7,0,0,0,0,1,419.91,0
240.29,19,114,1,7,0,0,0,0,0,510.15,0
91.63,12,845,3,19,2,0,0,0,1,248.31,0
3769.72,2,17,1,4,0,0,0,0,0,652.78,0
1224.12,12,394,1,4,1,0,0,0,0,5534.01,0
158.39,23,16,0,0,1,0,0,0,0,4222.44,0
157.18,1,588,1,6,3,0,0,0,1,1803.25,0
662.7,8,645,0,0,1,0,1,0,0,19445.43,0
13407.0,12,816,5,26,5,0,0,0,1,620.19,1
742.94,7,75,0,0,1,0,0,0,1,1038.29,0
115.04,15,48,1,6,0,1,0,0,0,992.24,0
758.53,23,255,1,7,1,0,0,0,0,8919.74,0
728.45,2,115,1,6,1,0,0,0,2,1372.98,0
19.2,12,340,1,5,2,0,0,0,2,432.45,0
1010.86,3,263,0,0,0,0,0,0,0,217.71,0
775.57,17,57,3,18,2,0,0,0,0,70.06,1
3116.01,1,490,2,12,2,0,0,0,1,3272.75,0
17560.97,19,594,4,25,0,0,0,0,1,322.65,0
5942.28,21,1203,0,0,1,1,0,0,0,1319.14,0
732.65,20,183,1,3,1,0,0,0,1,495.23,0
208.56,14,150,0,0,1,0,0,0,1,430.29,0
52054.14,16,77,0,0,0,0,0,0,0,795.5,0
1198.5,9,72,1,7,0,0,0,0,0,3628.0,0
1119.79,0,141,2,11,2,0,0,0,1,923.57,0
1057.66,5,1462,1,7,2,0,0,0,0,283.09,0
1476.05,2,35,0,0,2,0,0,0,0,352.52,0
883.12,18,109,3,7,0,0,0,0,0,374.76,0
463.82,6,32,4,23,0,0,0,0,1,290.77,0
482.85,12,116,3,19,0,0,0,0,2,156.16,0
1044.06,12,35,0,0,0,0,0,0,1,677.91,0
485.35,16,259,0,0,0,0,0,1,0,1682.1,0
376.43,0,210,2,4,0,1,0,0,0,1202.84,0
1286.45,13,69,3,23,0,0,0,0,0,568.22,0
748.1,2,70,0,0,1,0,0,0,1,324.49,0
10467.07,13,359,1,4,0,0,0,0,1,529.7,0
20.56,23,178,1,4,0,0,1,0,1,1166.98,0
5637.86,0,21,0,0,0,0,0,0,1,792.36,0
7109.08,15,922,3,19,0,0,0,0,0,1058.14,0
48.91,9,189,1,5,0,1,0,0,0,137.36,0
655.87,12,326,4,10,1,0,0,1,1,674.29,0
628.19,3,790,1,3,0,0,0,0,0,551.62,0
132.79,8,187,2,9,0,0,0,0,2,4767.94,0
341.48,13,627,1,2,1,0,0,0,0,971.87,0
207.29,3,898,0,0,0,0,0,0,0,240.47,0
15190.2,9,69,1,3,0,1,1,0,0,1020.54,0
4462.74,7,814,2,13,5,0,0,0,1,1438.67,0
7385.93,22,46,2,13,0,0,1,0,1,1906.17,0
3237.34,2,117,1,5,1,0,0,0,1,2910.71,0
201.63,22,602,1,4,5,0,0,0,0,216.26,0
499.31,6,842,1,2,3,1,0,0,1,2673.57,0
2284.86,9,420,1,5,2,0,1,0,0,148.04,0
175.35,2,40,0,0,5,0,0,0,0,2372.78,0
3195.5,1,270,2,13,0,0,1,0,0,1745.17,0
764.72,14,310,0,0,0,0,0,0,1,69.48,0
625.01,8,120,0,0,1,1,0,0,1,1051.73,0
3185.74,14,1731,2,4,2,0,0,0,0,456.11,0
2135.37,16,149,3,7,1,0,0,0,0,7099.6,0
638.14,6,86,1,3,0,0,0,0,0,654.11,0
6241.62,19,42,1,2,0,0,0,0,0,326.6,0
216.68,17,173,2,6,0,0,0,0,0,389.14,0
2762.53,14,430,1,6,3,1,0,0,1,566.12,0
2669.51,17,96,3,9,1,0,0,0,1,788.9,0
689.3,23,535,1,6,1,0,1,0,0,260.26,0
1788.62,22,53,0,0,0,0,0,0,2,601.48,0
167.89,11,211,4,26,0,0,0,0,0,2542.06,0
4385.42,22,442,1,2,3,1,1,0,2,1239.47,0
831.01,20,53,1,2,0,1,0,1,0,850.96,0
500.65,7,332,0,0,5,1,0,0,0,774.62,0
5289.68,1,585,1,7,0,0,0,0,0,839.59,0
381.26,1,330,1,5,0,1,0,0,0,627.16,0
132.6,4,261,2,11,0,0,0,0,0,1546.32,0
106.17,0,665,1,7,0,0,0,0,0,616.61,0
2721.71,21,1543,2,13,0,0,0,0,0,237.3,0
160.67,3,73,2,5,0,0,0,0,0,1481.41,0
15247.81,5,429,2,9,0,0,0,0,2,189.84,0
48.28,22,30,1,6,1,0,0,0,0,387.55,0
13970.24,12,15,3,17,0,0,0,0,0,1215.16,1
1504.97,18,120,3,9,1,0,1,0,0,787.13,0
948.55,10,1291,1,6,1,0,0,0,0,340.0,0
484.26,12,293,3,16,5,0,0,1,0,1657.84,0
1995.61,7,114,3,20,0,1,0,0,2,4080.82,0
1036.44,6,51,0,0,3,0,0,0,0,467.51,0
5738.5,12,922,2,9,5,1,0,1,1,774.6,1
1301.59,0,164,2,12,2,0,0,0,1,733.7,0
1373.96,5,133,1,7,1,0,0,0,0,4880.75,0
635.61,6,712,0,0,3,1,1,0,1,408.98,1
1006.85,15,338,1,2,2,0,0,0,1,116.62,0
1740.11,14,67,0,0,3,1,0,0,1,689.57,0
84.33,19,199,1,2,2,1,0,0,1,161.97,0
145.14,1,961,2,7,0,0,1,0,1,1165.36,0
3343.91,22,844,1,5,5,0,1,0,1,618.59,1
1417.0,15,26,3,12,0,0,0,0,0,521.1,0
832.16,16,114,2,7,1,0,0,0,0,977.2,0
1127.38,23,61,1,2,0,0,1,0,0,1045.52,0
1847.1,14,278,1,3,0,0,0,0,0,615.46,0
488.02,2,505,3,12,1,0,0,0,1,857.34,0
341.23,3,127,0,0,5,0,0,1,0,630.73,0
1471.1,11,517,3,17,3,0,0,0,1,1116.49,0
252.76,4,403,0,0,0,0,1,0,0,166.31,0
2023.09,16,475,1,6,0,0,0,0,1,398.49,0
85.3,5,1080,3,9,5,0,0,0,0,950.82,0
5134.48,9,201,2,11,1,1,0,0,0,1101.85,0
2228.08,21,153,2,9,3,0,0,0,1,1324.83,0
1610.09,17,420,3,11,5,0,0,0,0,1266.04,0
4788.81,9,601,1,4,0,0,0,0,0,421.41,0
13335.86,5,77,4,19,3,1,0,0,0,863.46,1
5021.86,23,684,1,5,0,0,0,1,0,680.44,0
69.32,5,21,0,0,0,0,0,0,1,1200.28,0
160.88,19,2,5,28,0,0,0,0,0,467.8,0
429.56,14,62,0,0,2,0,0,0,1,228.7,0
1140.4,3,1404,1,6,0,0,0,0,1,8093.21,0
2383.89,15,270,0,0,0,0,0,0,0,370.8,0
369.22,21,17,0,0,0,1,0,0,0,407.19,0
1451.21,23,2142,3,10,0,0,0,0,0,235.36,0
353.16,7,498,3,15,3,1,0,0,0,429.93,0
438.22,6,664,3,18,0,0,0,0,1,265.57,0
132.95,18,87,3,7,1,0,0,0,0,404.52,0
274.55,16,40,1,2,1,0,0,0,1,446.51,0
144.38,20,264,2,4,0,0,0,0,2,456.35,0
253.71,12,539,2,8,1,1,0,0,0,189.25,0
5326.57,14,370,1,6,5,0,0,0,1,858.34,0
263.99,1,363,1,4,0,0,0,0,1,902.8,0
56872.84,9,516,3,16,1,0,0,0,1,980.6,1
2298.42,12,93,2,11,1,0,0,0,0,818.53,0
1447.01,17,395,1,2,3,0,0,0,1,670.47,0
302.62,22,181,2,6,1,1,0,0,1,637.33,0
3135.25,10,26,2,14,0,1,0,0,0,1637.5,0
462.45,12,82,0,0,3,0,0,0,1,3831.78,0
1316.87,18,576,3,13,1,0,0,0,0,541.12,0
51027.85,23,825,1,6,0,1,0,0,0,1706.91,0
949.48,23,121,2,4,5,0,0,0,3,671.91,0
6148.17,21,77,2,14,0,0,0,1,1,1275.6,0
381.93,4,9,0,0,5,1,0,1,0,1396.95,0
1040.56,2,1077,0,0,0,0,0,0,0,408.24,0
15618.34,18,420,3,7,0,1,0,0,0,306.1,0
428.18,22,1148,0,0,0,1,0,0,1,1047.57,0
16625.17,12,727,1,3,1,0,0,0,0,569.15,0
3170.45,4,151,1,3,3,0,0,0,2,164.79,0
471.68,11,43,3,9,0,0,0,0,1,161.3,0
2831.64,13,252,0,0,0,1,0,0,0,1716.37,0
4716.54,5,9,3,16,0,0,0,0,1,412.95,0
2786.98,21,59,1,2,3,0,0,0,2,1285.37,0
104.03,8,97,0,0,2,0,0,0,0,242.24,0
368.45,16,399,3,16,5,0,0,0,1,228.34,0
756.51,7,260,3,18,0,0,0,0,0,635.12,0
980.78,12,131,2,15,2,0,1,0,0,294.59,0
2782.23,4,303,1,5,5,0,0,0,0,612.42,0
1431.61,21,48,2,5,0,0,0,1,0,606.45,0
147.97,21,514,2,11,0,1,0,0,1,4930.1,1
1939.72,16,454,1,7,3,0,0,0,0,878.72,0
2740.45,2,89,1,7,0,0,0,0,1,257.22,0
2539.41,5,340,1,6,0,0,0,0,0,866.17,0
5547.88,13,255,1,6,0,0,0,0,1,586.79,0
3831.01,14,22,2,13,0,0,0,0,1,233.91,0
2183.69,13,118,4,10,5,0,0,0,0,3708.16,0
987.08,10,2761,0,0,1,0,0,0,1,1017.33,0
90.79,10,38,2,12,1,0,0,0,2,308.16,0
2088.97,8,257,3,7,0,0,0,0,0,3472.28,0
1497.47,5,690,0,0,0,1,0,0,0,555.1,0
1648.08,14,130,0,0,5,0,0,0,0,2299.67,0
161.56,11,110,1,2,1,0,0,0,1,3007.61,0
216.68,5,808,1,2,5,0,0,0,2,295.79,0
5322.66,0,132,0,0,0,0,1,0,0,2477.6,0
1033.46,15,384,0,0,0,0,0,0,1,353.67,0
3048.03,19,492,3,7,0,0,0,0,0,954.3,0
1144.22,14,567,1,6,2,0,0,0,0,379.21,0
1146.69,1,1916,2,6,0,0,0,0,2,1807.53,0
4480.21,16,593,1,5,3,0,0,0,0,985.78,0
505.69,2,390,1,4,0,1,1,0,0,287.92,0
1266.71,2,824,1,7,0,0,0,0,0,1104.51,0
548.17,4,862,1,7,0,0,0,0,0,978.61,0
571.49,16,1320,0,0,3,1,0,0,1,521.85,0
689.69,22,546,1,5,0,0,0,0,0,486.07,0
1530.27,16,79,1,7,0,0,0,0,0,560.04,0
534.79,19,451,0,0,0,0,0,0,0,852.6,0
7212.96,5,28,0,0,0,0,0,0,1,190.4,0
286.6,0,139,2,12,2,0,0,0,0,959.29,0
828.56,6,44,2,10,1,0,0,0,2,452.21,0
567.03,14,1093,3,22,0,0,0,0,0,386.92,0
9609.11,6,150,3,16,0,0,0,0,0,339.46,0
1472.67,18,455,2,10,5,0,0,0,0,364.81,1
5155.23,19,309,1,7,2,0,0,0,0,213.69,0
118.12,21,41,1,4,0,0,0,1,0,200.38,0
1636.93,10,300,6,33,1,0,0,0,1,1184.66,0
4164.89,22,394,1,7,1,0,0,1,0,1083.98,0
1240.69,13,778,0,0,0,0,0,1,0,982.17,0
5422.0,12,26,1,3,0,0,0,0,0,417.5,0
504.75,19,127,2,10,1,0,0,0,0,655.3,0
9081.74,8,430,0,0,3,0,0,0,0,115.47,1
34487.33,8,12,3,23,0,1,0,0,0,549.8,0
636.35,15,83,2,4,0,0,1,0,0,306.37,0
562.14,11,90,0,0,5,0,0,0,0,333.33,0
9701.9,9,403,2,4,0,0,0,0,0,265.56,0
11723.59,5,122,2,11,0,0,0,0,0,3508.72,0
500.55,17,334,1,4,3,1,0,0,2,3992.57,0
583.89,1,1227,2,14,0,0,0,0,0,397.86,0
718.61,19,575,2,10,3,0,0,0,0,713.9,0
145.96,8,147,3,20,3,0,0,0,1,242.77,0
276.45,18,233,2,12,2,0,0,0,0,364.29,0
243.18,5,81,3,14,5,0,0,0,0,2834.12,1
346.65,1,5,1,4,2,0,0,0,1,639.54,0
1041.04,14,124,0,0,2,0,0,1,1,100.38,0
1558.26,16,168,3,6,0,0,0,0,1,849.8,0
11223.34,15,303,3,6,1,0,0,0,1,596.81,0
245.3,20,1052,3,10,0,0,0,0,1,119.83,0
4800.54,7,1078,3,16,0,0,0,1,0,3491.71,0
795.54,9,26,2,15,2,0,0,0,1,175.64,0
1018.21,9,348,2,12,0,0,0,0,0,2746.58,0
3017.64,17,15,2,4,5,0,1,0,1,591.43,1
203.55,9,381,0,0,1,1,0,0,1,1694.8,0
1946.16,8,45,0,0,2,0,0,0,1,330.47,0
1407.65,23,1068,1,5,2,0,0,0,1,626.9,0
2295.43,18,729,2,11,0,0,0,0,1,1193.92,0
1692.15,0,8,0,0,1,0,1,0,0,1769.93,0
43606.01,3,556,0,0,0,0,1,0,2,459.1,0
421.32,23,368,1,5,0,0,0,0,0,1453.89,0
494.48,2,249,2,12,0,0,0,0,1,273.58,0
430.65,9,336,1,4,0,0,0,0,1,116.46,0
476.65,11,413,2,5,0,0,0,0,1,4207.57,0
421.54,17,787,3,18,0,1,0,0,0,334.15,0
6525.84,22,532,0,0,0,0,0,0,0,706.1,0
9235.0,19,312,2,10,0,0,0,1,0,839.32,0
465.86,5,635,1,3,0,0,0,0,2,276.87,0
314.65,20,1582,5,28,0,0,1,0,0,1457.9,0
2224.13,1,130,2,9,1,1,0,0,1,226.9,0
478.98,9,46,2,8,5,1,0,0,1,134.51,0
2833.87,1,479,2,14,3,1,0,0,0,770.17,0
1486.8,8,1403,0,0,0,0,0,0,1,259.46,0
112.89,9,45,1,5,3,0,0,0,1,557.98,0
11173.03,1,206,1,4,2,0,0,0,0,496.32,0
16217.02,7,23,3,10,0,0,0,0,1,579.58,0
437.39,23,546,1,4,1,1,0,0,0,1628.42,0
613.05,16,1084,1,5,0,0,0,0,0,1019.81,0
1683.78,16,252,2,4,1,0,0,0,0,127.56,0
1811.09,3,192,0,0,3,0,0,1,1,911.29,0
2944.86,17,869,0,0,1,0,0,0,1,740.56,0
22366.21,11,52,3,16,3,0,1,0,1,266.11,0
840.99,16,810,1,6,0,0,0,0,0,320.13,0
331.14,8,181,1,2,0,0,0,0,0,5047.23,0
138.52,18,299,0,0,0,0,0,0,0,1656.87,0
366.36,13,274,3,10,1,1,0,0,0,428.97,0
1043.47,13,349,3,15,0,1,0,0,1,246.49,0
16184.95,16,1040,4,19,5,0,0,0,0,991.08,0
504.51,1,1101,1,2,3,0,0,0,0,665.7,0
1534.07,7,649,2,13,1,0,0,0,0,1085.79,0
1069.95,4,77,2,12,0,0,0,0,0,125.58,0
6519.74,6,148,2,13,5,0,0,0,0,111.25,0
48552.39,21,244,1,2,1,0,0,0,0,106.03,0
494.57,15,860,1,5,0,0,0,0,0,1884.36,0
526.28,15,268,0,0,0,1,0,0,0,8036.43,0
5251.35,16,1383,3,6,0,0,0,0,1,828.91,0
3049.82,21,1505,3,23,0,0,0,0,0,318.9,0
17501.83,6,333,1,6,2,0,0,0,1,448.38,0
2633.03,19,766,3,10,0,0,1,0,0,3315.59,0
639.74,7,2613,4,23,5,0,1,0,1,1297.62,0
2659.74,7,691,1,2,0,0,0,0,0,454.28,0
5785.18,22,390,0,0,0,0,0,0,0,4003.63,0
3754.55,10,680,0,0,0,0,0,0,0,145.86,0
2347.04,14,31,1,7,0,0,0,0,1,1399.1,0
5431.72,17,367,0,0,0,0,0,0,1,268.37,0
6335.62,5,89,2,9,1,0,0,0,0,1049.99,0
8718.81,21,45,0,0,0,0,0,0,2,514.46,0
2901.74,11,815,1,3,0,0,0,0,0,296.37,0
853.48,14,372,3,12,5,0,0,0,0,328.45,0
1366.59,22,101,2,6,1,0,0,0,0,1546.2,0
6699.33,5,178,0,0,2,0,0,0,2,174.52,0
322.01,17,1322,4,15,0,0,0,0,0,901.33,0
1906.47,23,723,0,0,0,0,0,0,1,561.18,0
607.89,19,5,2,9,0,0,0,0,0,578.69,0
1144.95,8,1424,1,7,0,0,1,0,0,840.6,0
7462.74,7,167,1,5,5,1,0,0,0,497.3,0
1460.67,13,433,1,6,2,0,0,0,0,1241.61,0
1175.74,18,455,0,0,0,0,0,0,1,118.42,0
142.62,18,885,3,10,0,0,0,0,2,259.07,0
3358.94,7,789,1,6,0,1,0,0,1,726.36,0
2887.73,1,120,2,11,0,1,1,0,0,152.15,0
28138.16,3,376,1,5,1,0,0,0,2,753.44,0
691.13,5,182,1,2,0,1,1,0,0,1328.54,0
1523.44,2,272,3,16,2,0,0,0,0,382.7,0
1594.12,2,295,2,5,1,0,0,1,0,1789.62,0
11686.39,18,184,0,0,0,0,0,0,1,325.7,0
950.57,10,227,3,22,3,0,0,0,0,712.15,0
1666.59,9,85,0,0,3,0,0,0,0,323.83,0
2729.42,11,341,1,4,1,0,0,0,0,2162.97,0
1450.86,13,519,4,19,5,0,1,0,0,1211.81,0
561.35,17,205,1,2,2,0,0,0,0,305.07,0
1467.24,23,1387,0,0,5,0,0,0,0,1570.07,0
5488.71,8,21,0,0,0,0,0,0,1,225.32,1
235.15,14,324,2,8,1,1,0,0,0,1089.03,0
1338.7,23,319,1,5,3,0,0,0,1,446.16,0
383.68,2,13,0,0,1,0,0,0,1,426.14,0
6585.13,22,92,1,7,0,1,0,0,2,412.77,1
111.63,10,861,2,6,0,0,0,0,0,444.56,0
474.19,9,287,0,0,2,0,0,0,0,2265.75,0
1931.05,17,209,1,4,0,0,0,0,1,251.54,0
11479.13,3,196,4,30,0,0,0,0,1,355.96,1
993.64,12,799,0,0,2,0,0,0,1,2120.91,0
476.85,5,166,0,0,0,0,0,0,0,1639.39,0
18430.01,20,715,2,4,0,0,0,0,2,1417.8,0
124.96,12,135,2,15,0,1,1,0,0,4076.28,0
40.52,19,276,2,5,2,0,0,0,0,1068.38,0
2121.8,4,56,2,10,0,0,0,0,2,769.91,0
516.42,19,636,0,0,3,0,0,0,0,268.1,0
237.02,13,486,0,0,1,0,0,0,1,841.24,0
3173.32,12,275,3,13,1,0,1,1,0,3722.49,0
1580.82,13,9,2,9,1,0,0,0,1,873.76,0
470.54,7,239,0,0,5,0,0,0,0,982.82,0
160.7,15,93,4,26,0,0,0,0,2,541.93,0
4058.98,12,194,0,0,2,0,0,0,0,271.14,0
2908.24,23,708,0,0,5,1,0,0,0,400.47,0
945.05,14,535,0,0,0,0,0,0,0,1183.62,0
17499.99,18,101,2,11,0,0,0,0,0,2934.86,0
220.27,0,1531,1,6,0,1,0,0,0,3744.92,0
111.24,21,852,1,2,3,0,0,0,0,802.97,0
388.44,1,274,0,0,0,0,0,0,0,2666.74,0
1024.15,17,275,0,0,0,0,1,0,0,685.65,0
1579.73,18,845,1,7,0,0,0,0,1,1062.13,0
763.68,7,369,1,7,1,0,0,0,1,1269.62,0
1859.54,2,280,4,24,5,0,0,0,0,876.74,1
167.79,22,504,1,5,0,0,0,1,0,1756.23,0
9562.91,13,97,1,6,0,0,0,0,0,1689.14,1
969.49,8,768,0,0,2,0,0,0,1,1061.95,0
5860.23,7,276,0,0,2,0,0,0,1,124.09,0
1833.69,16,337,1,6,0,0,0,0,0,729.47,0
2175.75,22,34,2,10,0,0,0,0,2,211.25,0
2577.7,22,135,2,5,2,0,0,0,0,603.56,0
2146.43,23,203,2,6,5,0,1,0,1,215.66,0
2875.79,15,195,2,6,3,0,0,0,0,851.05,0
8052.43,9,549,1,6,0,0,1,0,0,995.03,0
1472.6,20,121,0,0,5,0,0,1,1,397.53,0
3176.41,9,73,2,4,2,1,0,0,1,3079.06,0
958.53,23,318,1,7,0,0,0,0,1,2146.27,0
9510.73,5,348,2,11,3,0,0,0,0,1578.66,0
397.59,21,47,4,25,0,0,0,0,0,435.79,0
16340.64,16,0,3,22,0,0,0,0,0,1838.87,0
1032.53,15,911,2,7,0,0,0,0,1,1687.23,0
128.23,14,30,2,11,2,0,0,0,2,132.55,0
1328.97,21,832,2,13,0,0,0,0,0,443.02,0
394.82,13,185,2,10,1,0,0,0,2,2274.32,0
3869.83,3,386,0,0,1,0,1,0,0,1972.5,0
412.02,3,74,1,7,2,0,0,0,2,1032.48,0
561.56,1,633,3,10,0,0,1,0,2,328.74,0
64.44,10,72,0,0,3,0,0,0,0,1626.99,0
556.43,3,178,4,31,0,0,0,0,0,1687.07,0
28.91,20,99,0,0,2,0,0,0,0,2680.89,0
101.92,20,663,0,0,5,0,0,0,0,331.91,0
3431.05,15,713,1,7,5,0,0,0,1,3844.72,0
3564.22,20,169,2,4,0,0,0,0,0,1563.89,0
2075.98,3,134,2,11,0,0,0,0,0,1394.12,0
257.12,0,542,2,8,1,0,1,0,1,468.46,0
1020.89,23,769,2,13,0,0,0,0,5,1076.96,0
1090.72,18,357,1,3,1,0,1,0,2,215.02,0
192.95,1,957,1,4,3,0,0,0,2,1178.7,0
10457.74,8,176,3,15,0,0,0,0,0,1129.7,0
4088.95,22,60,1,4,0,1,0,0,0,278.61,0
787.26,12,72,3,10,5,0,0,0,1,438.72,0
1141.76,17,404,6,24,1,0,0,0,1,731.39,0
1499.03,15,191,1,7,3,0,0,0,0,2661.04,0
51.28,15,62,0,0,3,0,0,0,0,785.97,1
756.9,9,126,3,22,0,0,0,0,0,746.51,0
394.27,8,276,3,9,0,0,1,0,0,488.12,0
244.1,10,47,2,12,1,1,0,1,1,803.91,0
719.35,3,1,0,0,0,0,1,0,2,343.93,0
16261.08,9,909,1,2,0,0,0,0,1,545.74,0
2867.7,2,132,1,5,0,0,0,0,0,1883.37,0
465.56,5,91,1,2,0,0,0,0,0,2080.14,0
2588.6,2,437,0,0,3,0,0,0,0,432.03,0
8946.64,8,700,2,10,1,0,0,0,0,290.1,0
4389.41,2,365,1,2,5,0,0,0,0,5535.91,0
1199.24,17,107,4,24,0,0,0,0,1,156.09,0
415.55,7,721,0,0,0,0,0,1,0,1704.17,0
3125.45,21,260,2,12,1,0,0,0,1,1387.58,0
1978.76,7,175,1,2,0,1,1,0,2,402.1,0
4199.79,14,338,0,0,0,1,0,0,2,357.71,0
2843.41,12,440,2,12,5,1,0,0,0,328.9,1
5294.0,6,328,0,0,0,0,0,0,0,4333.06,0
491.35,18,923,2,4,0,0,0,0,1,1282.48,0
7911.65,7,360,3,11,0,0,0,0,0,368.75,0
1474.98,9,769,1,7,5,0,0,0,0,727.13,0
24658.85,16,322,0,0,5,0,0,0,0,192.27,0
390.03,0,145,1,4,1,0,0,0,0,768.13,0
14823.15,12,277,2,12,1,0,0,0,0,803.56,0
1475.67,12,32,2,15,0,0,0,0,0,219.2,0
412.76,23,95,1,4,5,0,0,0,0,235.55,0
530.69,15,530,0,0,0,0,0,0,0,1809.78,0
678.22,8,395,1,5,3,0,0,0,2,565.78,0
2071.96,9,66,1,3,3,0,0,0,0,1539.6,0
2402.47,5,210,0,0,3,0,0,1,0,1939.31,0
463.8,4,55,1,4,1,0,0,0,0,100.9,0
1057.29,1,706,2,4,0,0,0,0,1,663.86,0
27266.27,10,42,0,0,1,0,0,0,0,2215.11,0
14637.1,8,387,1,3,2,0,0,0,1,2385.57,0
2110.09,5,340,0,0,0,0,0,0,0,722.16,0
1160.96,7,233,1,7,1,0,0,0,0,105.49,0
1312.97,8,119,1,7,2,0,0,0,2,4908.64,0
2752.53,8,188,1,5,1,0,0,0,1,899.84,0
236.47,7,599,0,0,0,0,0,0,0,798.21,0
745.41,11,523,2,14,1,0,0,0,1,1309.23,0
89.76,7,490,1,7,0,0,0,0,1,1270.86,0
1995.87,2,505,1,5,0,0,0,0,2,722.0,0
2895.15,12,56,1,6,0,0,0,0,0,242.64,0
531.24,18,38,1,2,0,1,0,0,0,707.23,0
11625.78,1,721,1,5,0,0,0,0,1,305.45,0
174.4,16,662,2,9,0,1,0,0,0,569.99,0
121.93,15,417,1,5,0,0,0,0,2,468.27,0
1535.6,3,339,1,6,5,0,0,0,0,309.18,0
5274.54,17,166,1,2,0,0,0,0,1,2017.83,0
13710.15,13,92,0,0,1,1,0,0,0,2650.64,0
550.97,1,402,1,3,1,0,0,0,1,390.08,0
5530.43,12,891,0,0,0,1,0,0,1,833.89,0
1035.08,20,209,4,18,0,0,0,0,0,525.33,0
846.46,19,131,0,0,3,0,0,0,0,171.71,0
4127.76,16,115,3,23,2,0,0,0,0,424.81,1
2917.51,14,8,2,7,0,1,0,0,0,333.92,1
103.07,19,268,1,3,5,0,0,0,0,451.42,0
10044.8,4,1621,2,7,0,0,0,0,0,793.65,0
8691.81,6,616,2,7,3,1,0,0,0,690.3,0
429.09,17,831,0,0,0,0,0,0,0,54.29,0
1985.66,23,354,2,10,0,0,0,0,1,720.54,0
2300.88,10,239,3,6,3,1,0,0,0,150.92,0
1621.34,17,1697,3,19,2,0,0,0,0,1073.18,0
480.36,4,216,2,13,5,0,0,0,1,1133.33,0
400.44,12,907,0,0,1,0,0,0,1,22.23,0
1055.39,17,523,3,23,1,0,1,0,0,951.87,0
6368.34,1,146,4,26,2,0,1,0,0,3098.89,0
2478.48,19,255,1,2,0,0,0,0,0,399.4,0
628.97,3,177,1,7,1,0,0,0,1,706.65,0
3489.62,12,53,3,21,2,0,0,0,3,545.63,1
15.29,23,161,0,0,5,0,0,0,0,2179.36,0
6143.49,15,802,1,5,0,1,0,0,1,562.89,0
80.68,5,509,1,5,0,1,0,0,1,686.43,0
636.73,7,118,2,15,0,0,0,0,1,132.67,0
204.49,15,167,0,0,1,0,0,1,1,414.6,0
157.27,12,349,2,5,3,0,0,0,0,760.91,0
6255.65,22,196,0,0,2,0,0,0,0,185.47,0
543.73,3,255,1,4,5,0,0,1,0,2586.05,0
1844.12,1,437,1,3,5,0,0,0,0,314.79,0
1022.1,8,229,1,2,1,0,0,0,5,940.97,0
2242.98,17,77,1,2,3,0,0,0,0,136.89,1
1230.57,16,268,2,4,0,1,0,0,1,49.42,0
160.05,7,160,3,18,5,0,0,0,0,764.43,0
4887.32,14,125,5,29,1,0,0,0,1,895.22,1
522.89,8,145,1,2,0,0,0,0,0,1848.32,0
106.18,16,210,4,15,0,0,0,0,1,1289.32,0
576.99,22,794,1,3,5,0,0,0,0,1188.09,1
10416.43,1,483,0,0,0,0,0,0,0,606.71,0
3925.83,5,402,3,12,0,1,1,1,1,285.77,1
650.03,4,232,1,6,0,0,0,0,0,1130.2,0
649.44,16,0,1,7,1,0,0,0,0,581.6,0
676.92,1,151,1,3,0,0,0,0,1,217.08,0
24713.92,17,612,2,5,3,0,0,0,1,529.64,0
1944.78,9,179,1,7,1,0,0,0,0,415.5,0
2090.3,9,302,0,0,1,0,0,0,2,249.85,0
5143.17,5,83,2,7,0,0,0,0,1,1048.29,0
1568.98,11,903,1,2,0,0,0,0,1,1537.6,0
743.55,16,936,2,11,2,0,0,0,1,318.11,0
816.87,12,57,0,0,0,0,0,0,1,1944.34,0
984.96,19,470,4,8,2,0,0,0,1,1725.05,0
1037.08,15,28,2,9,3,0,0,0,1,669.17,0
3266.4,9,333,1,5,2,1,1,0,1,2189.92,0
1185.5,20,71,1,3,1,0,0,0,0,1871.93,0
3291.04,1,57,2,11,0,1,0,0,0,974.84,0
971.58,1,1,1,3,2,0,0,1,1,255.18,0
1233.92,22,1032,2,4,0,0,0,0,0,2425.38,0
54.75,6,645,2,5,0,0,0,0,0,1263.44,0
4335.06,5,29,3,16,0,0,0,0,1,2290.62,0
1844.07,0,333,4,23,0,0,0,0,1,1822.3,0
4900.12,11,96,1,7,0,0,0,0,0,1222.34,0
14.23,12,111,1,2,1,0,0,0,1,1380.77,0
25148.71,11,756,0,0,0,0,0,0,0,307.44,0
889.46,18,44,3,15,0,0,1,0,1,3782.02,0
5780.67,8,335,3,10,5,0,0,0,1,461.21,1
230.47,9,187,2,8,1,0,0,0,0,311.45,0
2749.46,16,77,2,4,2,0,0,0,0,416.38,0
225.85,17,219,2,5,1,0,0,0,0,447.56,0
430.24,7,1029,1,7,0,0,0,0,1,2725.07,0
19361.6,6,555,1,2,2,0,0,0,1,625.52,0
823.84,8,51,3,7,5,1,0,0,0,794.69,0
1519.52,9,691,2,11,0,0,1,1,0,182.32,0
4044.45,11,1011,3,12,5,0,0,0,0,116.37,1
2306.58,14,118,3,13,1,1,0,0,2,1795.4,0
1374.2,14,148,3,8,0,0,0,0,0,59.18,0
1895.89,3,49,1,2,0,0,0,0,0,1068.84,0
40340.99,3,154,1,7,0,1,0,0,0,471.06,0
1005.83,22,408,2,8,0,1,0,0,2,167.55,0
1482.74,0,115,1,2,0,0,0,0,0,4633.64,0
5302.75,11,2,2,6,0,0,0,0,0,382.25,1
5757.67,1,150,2,5,1,0,0,0,0,1685.11,0
6506.43,14,220,1,4,1,0,0,0,0,388.99,0
2858.62,16,304,1,6,5,0,0,0,1,296.75,1
197.45,6,420,1,4,0,0,1,0,1,1057.56,0
12710.04,5,23,0,0,0,1,0,1,1,421.86,0
196.46,11,231,1,6,2,0,0,0,0,2154.99,0
1726.68,18,113,1,6,0,1,0,0,0,449.34,0
353.75,0,1078,1,5,2,0,0,0,0,525.36,0
996.05,20,162,4,21,1,0,1,0,2,595.1,0
1795.69,13,38,1,4,1,0,0,0,2,628.09,0
1775.85,3,15,1,4,5,0,0,0,1,245.38,0
2064.99,4,112,0,0,5,0,0,0,0,172.26,0
12339.58,0,71,2,10,0,0,0,0,0,107.11,0
2165.27,0,382,2,9,1,0,0,0,1,292.16,0
760.34,20,685,1,3,0,1,0,0,0,4078.06,0
4657.02,5,136,2,7,0,0,0,0,0,2606.44,0
6530.28,4,314,3,14,0,0,0,0,0,720.53,0
173.92,1,478,0,0,1,0,1,0,0,372.44,0
2686.78,20,185,2,6,2,0,0,0,1,1845.61,0
3139.31,4,25,1,7,0,1,0,0,1,132.19,0
701.8,8,95,1,6,0,0,0,0,1,343.18,0
8634.84,18,783,0,0,0,0,0,0,0,807.56,0
875.61,20,635,2,4,1,0,0,0,0,400.51,0
1323.94,14,33,2,4,1,0,0,0,0,613.38,0
845.89,12,92,0,0,1,0,0,0,0,820.95,0
1122.56,11,535,0,0,1,0,0,0,1,1106.96,0
211.79,4,242,2,8,0,0,0,0,0,880.56,0
126.46,1,520,2,4,0,0,0,0,0,319.01,0
11989.15,3,86,2,13,0,0,0,0,0,111.76,0
307.83,17,1113,3,10,0,0,0,1,1,1492.98,0
247.87,20,558,1,7,0,1,0,0,1,633.76,0
43.38,9,80,1,5,0,0,0,0,1,1757.21,0
420.55,12,298,1,6,1,0,0,0,1,733.0,0
150.71,11,43,1,4,0,0,0,0,2,276.26,0
12874.74,1,163,1,2,0,0,0,1,0,575.16,0
4987.68,14,393,2,4,1,0,0,0,0,341.28,0
390.64,13,146,2,15,0,0,0,1,0,945.68,0
32165.63,9,390,1,4,0,0,0,1,0,484.21,0
4782.16,21,102,1,3,0,0,0,0,0,398.55,0
673.68,7,466,1,6,0,0,0,0,2,4054.26,0
25.81,14,162,1,7,2,0,0,0,0,429.92,0
34078.22,12,570,2,7,3,0,0,0,3,976.6,0
136.41,7,53,1,5,0,0,1,0,1,2432.36,0
92.94,20,164,5,17,2,0,0,0,1,513.91,0
5084.01,20,227,1,6,0,0,0,0,0,543.81,0
42600.81,21,201,2,5,1,0,0,0,1,123.14,0
8746.5,13,207,5,21,0,0,0,0,1,2831.6,0
2555.14,0,214,1,4,5,0,0,0,0,1486.96,0
2676.14,12,1639,0,0,0,0,0,1,0,3956.39,0
3944.68,7,78,1,3,0,0,1,1,0,795.5,0
3423.41,17,534,1,4,0,1,0,0,0,1302.88,0
1672.02,21,292,1,5,1,0,0,0,0,1107.81,0
1282.16,8,194,3,22,1,0,0,0,1,872.27,0
998.36,12,366,1,5,0,0,0,0,0,1147.39,0
353.91,2,701,2,5,0,0,1,1,0,513.09,0
719.81,17,229,1,2,5,0,1,0,0,243.75,0
86.54,9,730,0,0,0,1,0,0,1,412.19,0
946.23,4,35,2,15,0,0,0,0,0,249.24,0
248.92,5,386,1,3,5,0,0,0,0,187.68,0
209.48,7,147,3,19,0,0,0,0,0,1252.71,0
1436.32,23,178,3,10,2,0,1,0,1,54.83,0
8848.5,6,308,2,13,0,0,0,0,0,546.37,0
4348.02,20,238,0,0,0,0,0,0,2,748.79,0
103.99,17,175,3,13,0,0,0,0,0,2014.54,0
248.53,13,134,1,5,3,0,0,1,0,478.42,0
4496.96,14,351,1,7,1,1,0,0,0,2281.57,0
251.2,9,257,1,7,0,0,0,0,0,1293.75,0
782.94,20,142,1,3,0,0,0,0,0,865.17,0
2502.58,11,83,2,15,2,1,0,0,0,809.64,0
256.59,6,543,1,5,0,0,0,0,1,211.31,0
1284.42,6,586,0,0,0,0,0,0,1,2577.54,0
148.26,10,87,2,14,0,0,0,0,0,3059.57,0
444.94,12,110,1,3,3,0,0,0,0,2731.37,0
1771.66,14,99,2,8,2,0,0,0,0,851.05,0
100.54,17,788,2,15,1,1,0,0,0,789.28,0
2123.27,6,543,2,4,0,0,1,1,0,418.42,0
1064.8,5,28,4,28,3,0,0,0,1,969.18,0
2511.75,22,652,4,28,2,0,0,0,0,201.74,1
1534.36,10,13,0,0,2,1,0,0,1,1763.4,0
8486.32,7,106,1,6,5,0,0,0,1,254.42,0
1323.24,19,917,2,7,0,0,0,0,2,1145.43,0
575.88,0,729,1,5,0,0,1,0,0,4685.65,0
1317.44,7,555,1,4,1,0,0,0,1,1921.86,0
2477.36,7,223,2,5,1,0,0,1,0,1805.23,0
1180.02,18,141,0,0,3,0,0,0,1,1105.09,0
1165.48,2,778,0,0,0,1,0,0,0,1233.68,0
382.61,4,390,1,4,1,0,0,0,0,106.09,0
405.71,2,127,2,14,3,0,0,0,0,783.2,0
133.77,14,227,2,7,0,0,0,0,0,1114.04,0
15128.95,13,778,1,5,1,0,0,0,1,59.16,0
169.73,20,853,1,7,0,0,0,0,2,762.85,0
387.86,14,393,1,4,1,0,1,1,2,672.96,0
373.3,23,481,2,13,0,0,0,0,1,2254.11,0
4198.1,16,14,2,10,0,0,0,0,3,401.6,0
704.56,17,338,1,2,0,0,0,0,0,261.6,0
7126.77,1,426,0,0,0,0,0,0,0,496.18,0
399.32,11,7,0,0,0,0,0,0,0,1038.4,0
1666.52,15,677,0,0,0,0,0,0,1,1749.65,0
313.24,3,961,0,0,2,0,0,0,1,552.3,0
27384.26,1,99,0,0,0,0,0,0,1,228.7,0
184.68,13,682,1,5,0,0,0,0,2,1326.77,0
1745.39,10,399,1,2,0,1,0,0,2,213.35,0
2837.46,12,317,2,12,5,1,0,0,1,103.37,0
2039.99,6,676,2,13,0,0,0,0,0,479.36,0
830.53,9,122,2,14,5,0,0,0,1,1614.18,0
902.59,23,571,1,5,0,1,0,0,0,752.67,0
1171.12,0,137,2,5,0,0,0,0,0,1051.44,0
879.63,20,565,2,13,2,0,0,0,0,611.95,0
4655.57,3,218,3,11,0,0,0,0,1,1418.56,0
30205.66,17,45,2,14,0,0,0,0,0,3173.84,0
475.21,5,175,1,7,2,0,0,0,1,297.83,0
140.51,1,97,2,5,5,1,0,0,0,964.48,0
960.62,2,38,2,4,0,0,0,0,0,471.21,0
52552.29,13,42,2,14,5,0,1,0,1,175.56,1
328.48,7,552,1,7,0,0,0,0,1,296.26,0
12818.89,15,778,2,11,0,1,0,0,0,567.62,0
13582.69,18,955,3,21,2,0,0,0,0,1021.47,0
478.0,17,702,4,30,0,0,0,0,0,2341.96,0
2574.66,5,647,1,5,0,1,1,0,0,2035.71,0
12614.41,13,26,3,18,0,0,0,0,1,741.11,0
620.99,2,569,1,5,5,0,0,0,2,217.51,0
808.05,15,558,2,6,3,0,0,0,0,1644.13,0
458.28,0,51,1,4,0,0,0,0,0,460.98,0
239.34,11,395,3,18,2,0,0,0,0,869.83,0
414.09,13,219,1,5,0,1,1,1,1,383.74,0
174.88,18,840,1,3,3,1,1,0,1,365.8,0
1154.16,21,433,2,14,3,0,0,0,0,3011.85,0
345.52,18,1100,2,13,5,1,0,0,0,2010.39,0
1557.25,8,40,2,4,0,1,0,0,2,30.42,0
106.29,6,15,2,8,3,0,0,0,0,1375.3,0
1801.4,13,1326,2,15,1,0,0,0,1,356.15,0
3828.75,4,30,2,8,3,0,0,0,1,1740.99,0
55.11,17,178,1,5,1,0,0,0,0,57.59,0
1921.93,8,383,2,5,2,0,0,0,0,439.38,0
6915.38,20,774,1,3,0,0,0,0,1,629.27,0
178.67,6,107,1,7,0,0,0,0,1,345.11,0
13478.6,8,10,1,5,1,0,1,0,1,2310.18,1
2056.02,3,268,1,6,0,0,0,0,1,195.99,0
380.88,16,232,2,4,2,0,1,0,0,2568.21,0
1008.63,11,133,0,0,0,0,0,0,0,1825.41,0
2533.84,5,755,2,7,0,0,1,0,1,244.6,0
1229.06,17,505,2,14,0,0,0,0,1,663.74,0
2460.53,7,712,0,0,0,0,0,0,1,1903.54,0
275.61,20,64,1,6,2,0,0,0,1,671.19,0
1413.81,14,430,2,5,0,0,1,0,2,1409.15,0
131.56,2,1347,1,4,5,0,0,0,1,476.8,0
928.12,1,345,2,9,0,0,0,0,0,835.29,0
282.63,23,68,0,0,1,0,0,0,1,737.31,0
363.84,22,1995,0,0,0,0,0,0,0,109.7,0
7003.32,8,274,3,11,1,0,0,0,0,603.81,0
5636.2,7,669,3,17,0,1,0,0,0,765.74,0
2734.51,3,59,0,0,0,0,0,1,2,1609.52,0
213.05,1,400,2,13,0,0,0,0,0,494.58,0
682.24,13,889,3,22,1,0,0,0,0,304.48,0
6765.87,1,277,2,14,0,0,0,0,0,1419.22,0
1356.38,1,124,0,0,2,0,1,0,0,775.28,0
35560.63,21,49,1,5,1,0,0,0,0,393.75,0
1978.27,6,128,3,20,5,0,0,0,0,3157.39,0
1462.75,11,159,0,0,0,0,1,0,0,745.64,0
689.75,5,451,2,13,0,1,0,0,2,458.68,0
1339.85,17,71,1,5,0,0,0,0,0,360.16,0
872.44,3,40,1,2,1,0,0,0,0,548.18,0
3172.14,18,178,0,0,0,0,0,0,1,239.72,0
4605.72,12,223,3,17,0,0,1,0,1,712.79,0
337.31,19,361,0,0,2,1,0,0,1,319.28,0
148.88,20,448,1,4,1,0,0,0,0,561.5,0
69.8,22,803,0,0,0,0,0,0,0,804.3,0
2349.57,1,124,0,0,0,1,0,0,1,2683.53,0
209.55,7,274,0,0,0,0,0,0,0,2968.06,0
43.41,18,166,2,6,5,0,0,0,0,332.37,0
1964.25,8,0,1,2,0,0,0,0,1,1053.64,0
46142.94,3,316,1,6,2,0,0,0,1,1150.35,0
1086.69,15,617,1,7,1,0,0,0,0,838.27,0
3857.35,18,13,2,15,1,0,0,0,1,813.95,0
1239.85,9,1,2,10,1,1,0,0,1,5324.96,0
945.45,5,474,2,10,0,0,0,1,0,439.77,0
4352.97,15,420,6,45,0,0,0,0,2,243.83,0
709.52,9,190,0,0,0,1,0,0,0,848.86,0
1637.77,12,395,3,10,1,1,0,0,1,344.96,0
1776.76,8,1119,2,12,1,0,0,0,1,394.6,0
402.57,6,103,2,9,0,0,1,0,1,1651.57,0
4856.45,3,103,4,26,3,1,0,1,0,966.29,1
843.5,18,75,2,13,0,0,1,0,0,350.18,0
352.97,3,469,2,15,1,1,0,0,0,2565.62,0
2452.26,18,159,0,0,0,1,0,0,1,245.89,0
284.95,18,1636,3,15,0,0,0,0,0,3817.36,0
1143.98,11,457,1,6,0,0,0,0,1,1143.31,0
1081.73,12,167,0,0,0,0,0,0,0,487.65,0
5590.61,3,58,2,11,0,0,0,0,0,1147.03,0
2235.11,9,327,4,27,0,0,0,0,0,200.92,0
1056.23,20,127,0,0,3,0,0,0,0,1282.6,0
3739.28,6,861,3,13,2,0,0,1,1,2665.95,0
8824.71,4,212,1,3,0,0,0,0,2,465.72,1
2531.88,16,126,1,6,0,0,0,0,1,369.55,0
1113.8,17,324,0,0,1,1,0,0,1,930.87,0
153.28,10,53,4,25,0,0,0,0,1,494.14,0
221.92,14,300,3,13,3,0,0,0,0,440.02,0
693.79,20,21,2,10,0,0,0,0,1,226.27,0
439.54,21,340,0,0,0,1,0,0,2,738.6,0
828.44,6,275,2,7,1,0,0,1,1,211.71,0
1193.89,17,268,1,4,0,0,0,0,1,162.82,0
2427.31,5,420,2,4,0,0,0,0,1,1081.57,0
986.59,17,16,3,7,0,0,0,0,0,257.49,0
2275.04,15,224,2,13,5,0,0,0,1,528.56,0
1207.99,1,214,1,7,0,1,0,0,0,1265.66,0
56.64,18,224,0,0,0,1,1,0,0,1269.26,0
268.0,0,1425,1,2,1,0,0,0,1,277.05,0
883.48,10,54,3,22,3,0,0,1,1,271.19,0
178.66,19,427,2,14,5,0,0,0,0,3064.13,0
2696.99,4,187,0,0,1,0,0,1,0,3092.53,0
10895.73,15,261,0,0,5,0,0,0,1,420.36,0
6823.6,22,524,1,2,0,0,0,0,0,867.29,0
796.19,0,62,2,15,2,0,0,0,0,2177.23,0
10260.83,18,526,2,15,0,0,0,0,0,1581.5,0
1370.6,13,26,1,6,0,0,0,0,1,254.78,0
661.41,2,241,3,22,0,0,1,0,1,276.62,0
436.98,1,494,2,5,0,0,0,0,2,304.41,0
696.66,23,78,3,7,5,0,0,0,2,930.37,0
612.61,4,537,3,9,0,0,0,0,0,767.12,0
1416.05,16,66,1,3,0,0,0,0,0,15524.67,0
1395.29,17,586,0,0,0,0,0,0,0,1801.11,0
1101.66,0,230,1,7,5,0,0,1,0,3357.73,0
2112.04,14,421,2,6,1,0,0,0,1,2519.01,0
6541.81,21,910,2,9,0,0,0,0,0,1631.74,0
4556.6,8,191,2,9,0,1,1,0,2,386.79,1
118.23,22,96,0,0,0,0,0,0,1,2255.82,0
23.79,4,736,3,21,0,0,0,0,1,1791.03,0
4453.65,12,64,3,15,0,0,0,0,0,190.77,0
141.13,18,364,0,0,0,0,0,0,1,64.04,0
782.78,23,937,3,10,2,0,0,0,1,884.06,0
189.58,9,409,1,5,0,0,0,0,0,584.23,0
73.48,19,79,2,13,0,0,0,0,0,3569.99,0
2470.55,20,60,2,7,0,0,0,0,1,80.02,0
3424.58,13,106,1,2,1,0,0,0,0,354.5,1
461.85,21,181,0,0,1,0,0,0,0,305.51,0
22.5,20,63,2,11,2,0,0,0,0,96.67,0
483.3,11,583,1,3,0,0,1,0,0,872.98,0
1973.78,10,161,0,0,0,0,0,0,0,266.91,0
119.3,22,1003,2,5,0,0,0,0,1,128.54,0
1443.81,6,674,3,22,3,0,0,0,0,1471.49,0
1071.74,16,874,0,0,0,0,0,0,0,2431.31,0
2614.79,17,127,3,6,0,0,0,0,1,318.02,0
1312.08,6,311,2,14,0,0,0,0,0,129.16,0
254.78,23,141,3,20,1,0,1,1,1,833.06,0
6600.21,19,108,1,4,5,0,0,0,0,1865.43,0
864.55,5,340,0,0,0,0,1,0,0,792.56,0
1052.63,10,621,1,4,0,0,0,0,0,93.08,0
270.45,11,35,0,0,5,0,0,0,1,95.98,0
564.01,15,117,2,9,1,0,0,0,0,123.12,0
290.85,18,83,2,9,2,0,0,0,0,459.83,1
846.05,22,584,2,4,0,0,0,0,1,283.77,0
14293.54,18,988,0,0,0,0,0,0,1,920.75,0
140.07,10,30,1,7,1,0,0,0,0,1137.35,0
97.48,15,174,0,0,1,0,0,0,0,405.85,0
9964.22,22,897,1,3,0,1,0,0,2,330.3,0
801.12,11,154,2,14,5,1,1,0,0,1114.37,1
401.98,7,455,3,8,0,0,0,0,1,480.69,0
5217.94,2,38,1,3,1,0,0,0,0,107.17,1
442.12,1,214,1,6,0,0,0,0,0,965.22,0
16966.81,5,255,1,3,2,0,0,0,0,92.98,0
3031.73,15,517,1,5,0,1,0,0,2,654.49,0
527.49,19,124,1,6,1,0,0,0,1,372.86,0
27888.29,23,111,3,10,0,0,0,0,0,1008.62,0
442.05,14,131,2,7,0,0,0,0,0,589.79,0
3338.05,13,296,0,0,1,0,0,0,0,822.71,0
1718.04,1,761,0,0,0,0,0,0,0,265.08,0
7728.05,19,648,1,5,3,0,0,0,0,1521.43,0
11410.24,17,21,2,4,3,0,0,0,1,466.55,1
1150.56,13,770,1,4,0,0,0,0,1,771.04,0
354.2,17,36,2,7,0,0,0,0,1,1562.14,0
2186.28,1,195,0,0,3,0,0,0,0,479.49,0
396.8,0,529,1,3,5,0,0,0,0,915.3,0
22473.25,19,31,2,14,0,0,0,0,0,1021.93,0
1345.88,1,15,2,8,0,0,0,1,0,1361.86,0
633.98,8,146,2,6,0,0,0,0,0,2260.01,0
1446.67,8,477,1,5,0,0,0,0,1,424.51,0
145.37,15,269,1,4,0,0,1,1,1,344.95,0
255.34,10,196,0,0,3,0,0,0,1,853.89,0
6638.36,22,612,1,7,5,0,0,0,0,1953.76,0
409.39,5,531,1,7,2,0,0,0,2,763.5,0
228.07,11,562,1,3,5,0,0,0,0,252.42,0
2452.78,2,224,1,2,5,0,0,0,0,310.82,1
6493.5,11,7,3,22,2,0,0,0,1,89.11,1
3224.17,22,68,1,6,2,0,0,0,1,1409.16,0
4885.72,0,493,2,7,0,0,0,0,0,222.61,0
352.41,8,510,1,6,0,0,0,0,1,2161.55,0
129.97,19,1308,1,6,5,0,0,0,3,170.89,0
10425.4,21,76,0,0,0,0,0,0,0,1505.77,0
675.86,5,47,1,7,0,0,0,0,1,107.71,0
752.76,10,54,2,7,5,0,1,0,0,475.12,0
8040.86,2,74,1,4,0,1,0,0,0,4095.62,0
2525.88,3,274,0,0,2,0,0,0,1,208.75,0
2172.93,9,1349,0,0,0,0,0,0,0,245.0,0
28212.02,18,324,4,22,1,0,0,0,0,1447.46,0
417.68,5,269,2,12,0,0,0,0,1,493.35,0
4410.57,0,408,3,7,5,0,0,0,0,1300.96,0
1194.54,7,28,1,4,3,0,0,0,0,2152.07,0
1640.72,7,616,1,5,2,0,1,0,0,779.84,0
10858.49,5,379,2,15,2,1,0,0,0,755.06,0
2349.02,16,68,0,0,0,0,0,0,1,254.0,0
2458.84,18,363,3,9,0,0,0,1,0,637.1,0
5479.46,0,331,1,5,3,0,0,1,1,559.8,0
634.33,14,24,3,7,2,1,0,0,0,634.54,0
311.43,12,113,2,7,0,0,0,0,0,375.24,0
228.79,20,180,0,0,3,0,0,0,1,1284.02,0
57.42,2,102,1,2,5,0,0,0,1,964.12,0
23964.06,1,101,2,14,0,0,0,0,0,2278.25,0
209.6,2,310,3,20,0,0,0,0,1,1640.35,0
786.91,8,232,0,0,5,0,0,0,1,328.13,0
723.99,15,401,0,0,0,0,0,0,0,253.97,0
1739.08,23,1143,3,21,2,1,1,0,1,1148.83,1
3727.92,12,394,1,2,0,0,0,1,0,1136.67,0
3986.66,18,318,1,2,1,0,0,0,1,2272.37,0
457.32,17,686,3,11,0,0,0,0,0,389.72,0
853.48,20,364,1,4,0,0,0,0,2,180.8,0
1675.51,11,66,0,0,0,1,0,0,1,160.85,0
755.19,11,137,4,11,1,1,0,0,0,412.7,0
12222.31,0,482,2,7,0,0,0,0,0,2390.84,0
2290.36,19,489,0,0,0,0,0,0,0,383.44,0
3302.11,7,1585,0,0,0,0,0,0,0,6200.5,0
2964.08,16,359,2,11,3,1,0,0,0,108.3,1
6375.46,20,838,1,3,0,0,0,0,0,2934.29,0
1438.75,19,20,3,8,5,1,0,0,2,1502.68,1
156.77,21,304,0,0,1,0,0,0,0,1893.96,0
1997.26,6,921,0,0,0,1,0,0,1,1071.63,0
412.8,8,123,0,0,5,0,0,0,0,1296.62,0
496.25,16,61,1,7,3,0,0,0,0,214.95,0
2642.67,9,157,2,9,0,0,0,0,1,698.72,0
7026.36,3,573,2,14,1,0,0,0,0,192.67,0
1132.19,21,32,0,0,0,0,0,0,0,645.43,0
1742.8,6,334,1,7,0,0,0,0,2,1222.24,0
14091.43,6,53,0,0,0,0,0,0,1,461.47,0
1573.61,7,208,2,6,0,0,1,0,0,769.57,0
54313.31,23,1233,0,0,3,0,0,0,1,687.0,0
2561.29,23,79,1,7,0,0,0,0,0,614.29,0
78.17,7,12,1,5,0,1,0,1,0,1234.65,0
3394.84,15,203,1,6,1,0,0,0,0,1019.38,0
1942.51,11,314,4,27,2,0,0,0,1,772.78,0
7590.32,14,128,3,20,1,0,0,0,0,1251.6,0
3010.23,7,284,3,14,0,0,0,0,0,2108.66,0
890.97,21,1119,2,12,1,0,0,0,0,1905.34,0
174.78,8,136,5,26,2,0,0,0,0,6591.26,0
801.48,2,135,3,13,0,1,1,0,1,1021.18,0
306.19,21,240,4,11,2,0,0,0,0,146.61,0
459.08,20,264,2,14,0,0,0,0,1,563.48,0
2651.47,15,0,3,13,0,0,0,0,2,1304.06,0
13424.77,14,349,2,6,3,0,0,0,1,452.27,0
1982.29,23,2166,2,6,5,0,0,0,1,833.61,0
182.4,3,126,1,3,0,0,0,0,2,640.35,0
2136.46,19,363,3,6,5,0,0,0,0,1701.56,0
6600.81,15,1,1,4,5,0,0,0,0,1543.15,0
439.36,9,338,2,14,0,1,0,0,1,675.31,0
896.93,10,216,2,4,0,0,0,0,1,1629.44,0
1121.06,4,275,0,0,3,0,0,0,1,580.62,0
337.87,10,286,2,6,0,0,0,0,0,208.65,0
2899.87,12,71,3,18,1,0,0,0,0,1748.9,0
914.68,14,536,1,6,1,1,0,0,2,714.85,0
2057.61,5,295,2,12,5,1,0,0,0,1634.0,0
289.68,15,114,3,12,2,0,1,0,1,810.09,0
568.96,14,1011,2,12,2,0,0,0,2,724.78,0
3240.79,10,4,1,4,0,0,0,0,1,1111.48,0
626.88,19,472,1,2,1,0,0,0,0,203.81,0
14624.39,1,175,4,12,5,0,0,0,0,386.82,0
602.17,1,269,3,6,0,0,0,0,0,318.93,0
1536.14,11,125,1,3,2,0,0,0,2,147.54,0
4442.12,15,141,0,0,0,1,0,0,0,831.01,0
130.64,18,5,1,7,0,0,0,0,1,468.73,0
78.16,1,477,2,5,0,0,1,0,0,651.26,0
111.22,16,452,1,4,3,0,0,0,0,2261.39,0
7287.21,13,387,4,12,0,0,0,0,1,1326.78,0
479.25,23,767,0,0,0,0,0,0,0,800.06,0
50883.75,15,845,0,0,1,0,0,0,2,362.53,0
470.42,4,296,1,2,2,0,0,0,0,715.58,0
1446.39,9,421,2,14,0,0,0,0,0,2103.14,0
11082.97,16,4,0,0,5,0,0,1,0,365.12,1
22228.7,12,683,1,3,5,0,0,1,1,1643.22,0
24155.21,15,618,0,0,3,0,0,1,0,303.44,0
6718.02,8,7,1,2,2,0,0,0,0,268.44,0
5095.4,23,285,1,2,1,1,0,0,1,3803.55,0
2667.22,3,865,2,9,2,1,1,0,0,323.74,1
3524.67,23,73,1,5,5,0,0,0,0,501.04,0
479.73,15,158,2,6,2,0,0,0,1,470.35,1
321.4,22,146,2,6,0,0,0,0,0,637.3,0
1091.1,10,160,5,15,1,0,0,0,0,241.24,0
849.56,6,15,3,20,2,0,0,0,0,416.61,0
555.66,16,119,0,0,1,1,1,0,0,3806.05,0
3116.86,21,127,5,12,1,0,0,0,0,1034.39,0
4596.07,12,733,1,2,1,0,0,1,2,3256.96,0
1252.14,3,158,4,8,0,0,0,0,0,1063.05,0
10059.73,13,216,2,10,5,1,0,0,2,97.93,0
197.84,9,174,1,2,5,0,0,0,0,456.89,0
820.17,9,46,1,3,3,0,0,0,0,973.05,0
374.19,9,1694,2,13,0,0,0,0,2,4320.02,0
66.7,11,637,3,23,1,0,0,0,1,1311.06,0
968.72,1,284,4,28,3,0,0,0,0,822.18,0
913.59,22,236,0,0,2,0,0,0,2,1516.97,0
10616.61,8,382,0,0,1,0,0,0,0,722.63,0
2824.87,4,144,2,15,0,0,0,0,0,383.06,0
235.97,7,18,3,14,0,0,0,0,0,560.14,0
17696.8,20,189,1,6,0,0,0,0,1,160.1,0
6846.89,13,1508,1,7,0,0,0,0,0,4461.19,0
2625.81,6,73,2,12,0,1,0,1,0,1482.9,0
780.76,6,273,1,7,0,0,0,0,1,762.5,0
260.04,8,3,0,0,0,0,0,0,0,902.7,0
627.47,2,47,3,11,0,0,0,0,0,3365.97,0
5614.58,13,322,1,4,0,0,0,0,0,2728.61,0
18525.06,16,128,2,9,0,0,1,0,0,1331.95,0
11101.83,17,861,0,0,1,1,0,0,0,954.59,0
526.75,11,190,1,7,5,0,0,0,0,560.05,0
204.5,21,85,2,11,1,0,0,0,0,477.04,0
1354.69,13,287,2,6,0,0,0,0,1,287.76,0
77.27,12,578,2,6,3,0,0,0,1,62.23,0
1780.68,13,7,1,5,0,0,0,0,1,1487.31,0
878.83,8,257,1,5,5,0,1,0,2,316.62,0
545.09,18,541,4,14,0,0,0,0,1,2847.97,0
100.28,1,39,3,9,5,0,0,0,1,1288.46,1
2369.42,10,850,4,25,2,0,0,0,0,125.03,0
493.22,16,112,1,6,0,0,0,0,0,798.53,0
189.64,1,68,0,0,0,0,0,1,0,1040.86,0
14.76,18,324,0,0,0,0,0,0,0,4204.78,0
1052.29,6,70,3,18,3,0,0,0,1,1201.98,0
15652.37,17,415,1,4,0,0,0,0,1,390.82,0
13251.8,12,245,1,7,0,0,0,0,1,886.56,0
552.45,4,42,1,2,0,0,0,0,0,201.78,0
444.38,17,889,1,7,0,0,0,1,0,1449.96,0
2215.34,22,408,1,3,2,0,0,0,0,678.89,0
245.29,23,288,1,6,0,0,0,0,1,401.85,0
1724.49,23,171,1,3,0,0,0,0,0,1762.75,0
3460.33,15,52,6,46,2,1,0,0,0,96.08,1
6907.75,14,448,2,4,1,0,1,0,0,889.48,0
943.66,7,613,1,5,1,0,0,0,1,1059.79,0
807.94,14,49,2,14,2,0,0,0,0,189.17,0
293.84,0,249,2,9,0,0,1,0,3,246.19,0
317.25,16,242,3,21,0,0,0,0,1,2496.17,0
780.77,14,157,2,15,0,0,0,0,1,253.52,0
1902.74,13,568,0,0,0,0,0,1,0,1376.31,0
4317.26,13,38,2,9,0,0,0,0,1,854.29,0
328.73,9,83,1,6,0,0,0,1,0,171.19,0
10291.08,1,0,2,13,5,0,0,0,0,1722.53,0
730.2,5,170,0,0,1,0,0,0,0,566.08,0
1062.04,16,125,1,5,0,0,0,0,2,625.33,0
357.52,4,736,0,0,2,0,0,0,0,390.45,0
28.89,4,499,0,0,0,0,0,0,2,1081.73,0
4130.15,14,32,2,7,0,1,0,0,0,1654.53,0
3311.86,14,493,4,14,0,0,1,1,0,92.03,0
719.11,19,410,1,6,0,0,0,0,0,1376.58,0
1212.56,10,120,1,7,1,0,0,1,1,822.5,0
2377.75,4,5,1,4,1,0,0,1,0,332.24,0
105.23,0,44,1,5,0,0,0,0,1,662.92,0
495.92,10,104,0,0,0,1,0,0,1,3093.38,0
3609.76,10,619,0,0,1,0,0,0,0,519.07,0
167.1,5,228,1,6,5,0,0,0,1,1540.65,0
1703.32,22,914,1,4,5,0,0,0,0,2176.3,0
143.33,7,568,0,0,0,0,0,0,0,1328.08,0
2207.56,1,123,0,0,2,0,0,0,0,781.89,0
1039.54,14,681,1,7,0,0,0,0,1,3778.38,0
97.25,22,45,2,12,0,1,0,0,0,1919.44,0
6292.47,21,13,2,8,5,0,0,0,0,651.45,1
364.35,8,342,1,4,0,0,0,0,1,893.41,0
325.26,14,152,0,0,1,0,0,0,1,1675.65,0
1481.56,7,145,3,14,3,0,0,0,1,928.53,0
6142.31,15,424,2,12,0,0,0,0,1,1163.45,0
238.95,13,692,3,23,0,0,0,1,0,300.7,0
1202.94,14,141,1,5,1,1,1,0,1,2166.0,0
2086.46,19,143,0,0,0,0,0,0,0,729.56,0
3101.55,12,278,1,6,1,0,0,0,2,1055.72,0
1428.9,8,386,0,0,0,0,0,0,0,917.39,0
632.36,0,82,2,4,5,0,0,0,1,335.69,0
316.91,5,889,0,0,0,0,0,1,1,717.97,0
1247.9,7,387,1,4,5,0,0,0,2,153.13,0
219.6,19,358,3,23,3,0,0,0,0,1097.96,0
13.71,17,856,2,8,0,1,0,0,0,1236.91,0
2110.84,17,867,1,6,2,0,0,0,1,2028.67,0
4255.22,16,53,0,0,5,0,1,0,0,479.35,0
31.68,20,57,2,6,1,0,0,1,0,226.2,0
241.15,15,523,0,0,5,0,1,0,0,294.9,0
2775.9,12,1147,3,17,3,0,0,0,2,651.78,1
24010.42,21,400,1,4,0,0,0,0,0,3454.04,0
1131.38,3,193,3,8,0,1,0,0,0,159.62,1
367.97,3,419,1,7,0,0,0,0,0,767.02,0
833.52,20,94,1,7,0,0,0,0,0,124.11,0
8624.09,13,2262,0,0,1,0,0,0,0,399.34,0
416.15,4,205,0,0,2,0,0,0,0,252.13,0
330.7,15,979,0,0,3,0,0,0,1,401.57,0
531.6,13,205,0,0,2,0,0,0,1,1211.5,0
262.44,13,961,0,0,0,0,0,0,0,521.68,0
1318.18,13,149,1,6,0,0,0,0,0,113.4,0
12544.25,23,521,1,4,5,0,0,0,1,392.53,0
1780.45,13,1100,2,9,0,0,0,1,0,645.85,0
751.05,18,379,0,0,0,1,0,0,0,816.74,0
707.89,2,413,0,0,5,0,0,0,2,779.49,0
105.13,16,39,2,6,1,0,0,0,1,301.18,0
4124.35,13,234,1,5,0,0,0,0,0,1014.54,0
975.79,9,795,2,7,0,0,1,0,0,204.9,0
836.54,12,100,0,0,2,0,0,0,1,1727.01,0
131881.8,21,566,0,0,5,1,0,0,0,142.99,1
1716.65,3,411,1,6,0,0,0,0,1,2519.73,0
355.07,10,92,0,0,0,1,0,0,0,2487.21,0
578.51,14,121,1,6,3,1,0,1,3,83.46,0
6140.54,14,203,1,5,3,0,0,0,2,753.25,0
1299.72,23,48,2,8,0,1,0,0,0,580.35,0
126.8,1,892,3,18,0,0,0,0,0,1914.77,0
4353.97,10,490,2,13,2,0,0,0,1,572.83,1
402.54,1,165,1,6,0,0,1,0,1,2969.99,0
18214.02,22,130,1,4,0,1,0,0,2,1587.68,0
5541.79,4,426,1,3,1,0,0,0,1,323.76,0
560.61,12,201,3,12,1,0,0,0,0,1198.28,0
7491.5,0,95,7,14,1,1,0,1,1,877.13,0
1214.13,6,205,3,13,5,0,0,0,0,1129.39,0
3940.88,6,748,1,3,0,0,0,0,1,740.3,0
2269.01,9,25,1,6,0,0,0,0,0,1591.26,0
308.11,5,167,2,12,5,0,0,0,1,859.61,0
417.66,19,1196,1,2,0,0,0,0,0,992.35,0
5140.68,11,5,3,8,0,1,1,0,0,626.93,0
663.7,12,807,1,5,0,0,0,0,2,397.27,0
598.56,23,171,2,11,0,0,1,0,1,282.71,0
261.73,10,76,2,13,0,0,0,0,1,1172.76,0
2070.2,17,5,2,15,0,0,0,0,0,675.01,0
24192.24,1,26,0,0,0,0,0,0,0,338.08,0
221.12,15,68,1,5,0,0,0,0,1,750.35,0
1137.21,1,9,3,13,2,0,0,0,0,1090.84,1
9120.96,18,149,2,12,0,0,0,0,1,756.38,0
973.15,5,16,1,7,1,0,0,0,0,113.8,0
2161.5,0,430,1,4,5,1,0,0,1,366.12,1
222.83,10,623,1,5,1,0,0,0,1,3446.02,0
2084.87,17,797,1,3,1,0,0,0,0,1612.24,0
828.22,9,290,2,14,0,0,0,0,0,320.17,0
4810.69,17,1068,1,6,1,0,0,0,0,562.76,0
6509.9,0,2,3,12,2,0,0,0,0,524.25,0
53334.86,18,52,3,21,1,0,0,0,1,64.69,0
2616.13,15,126,3,23,1,0,0,0,0,4430.84,0
1787.72,6,567,0,0,0,0,0,0,1,798.57,0
1467.88,14,790,2,6,3,1,0,0,0,1275.87,0
645.65,0,351,3,20,5,0,0,0,0,7151.14,0
1822.07,22,176,1,5,0,1,0,0,2,3728.76,0
704.08,20,400,0,0,2,0,0,0,1,1062.9,0
1411.9,8,72,0,0,2,0,1,0,1,1000.11,0
7914.06,1,223,2,10,0,0,0,0,1,3003.36,0
242.3,16,258,0,0,3,0,0,0,0,259.91,0
6062.14,23,40,1,3,0,0,0,0,1,454.61,0
7908.34,9,12,0,0,5,0,0,0,0,101.44,1
918.64,5,506,1,5,1,1,0,0,0,1400.7,0
45.48,4,279,2,11,0,0,0,1,0,687.29,0
440.66,7,147,2,7,0,0,0,0,0,2663.54,0
7673.22,7,209,2,11,0,0,0,1,2,1206.08,0
1059.65,4,1154,5,34,5,0,0,0,1,404.98,0
244.95,11,177,1,6,2,0,0,0,1,2157.68,0
514.32,6,39,1,7,5,0,0,0,0,790.21,0
3869.69,12,227,1,2,5,0,0,0,0,842.94,0
2490.16,12,381,0,0,2,0,0,0,0,1894.31,0
766.32,16,4,0,0,1,0,0,0,1,357.86,0
632.55,3,147,1,6,1,0,0,0,0,694.97,0
609.33,17,182,1,6,0,0,0,0,0,300.14,0
274.89,9,227,3,8,5,0,0,0,1,1187.99,0
12370.42,2,131,0,0,1,0,1,0,1,845.48,0
676.22,11,401,2,12,0,0,0,0,1,915.32,0
6807.21,0,1056,1,2,3,0,0,0,0,676.0,1
10742.62,10,895,2,4,0,1,0,0,1,791.28,0
4902.33,17,398,2,7,1,0,0,0,0,100.73,0
573.97,12,258,1,2,1,0,0,1,1,467.06,0
2009.41,16,637,2,5,0,0,0,0,1,745.2,0
1057.55,7,659,1,3,0,0,0,0,1,451.72,0
282.72,19,645,0,0,1,0,0,1,0,639.16,0
1783.87,18,62,3,8,3,0,0,0,1,1289.13,0
187.06,16,9,4,22,1,0,0,0,0,1847.65,1
6512.76,1,1491,3,11,3,1,0,0,0,205.25,1
546.25,2,1171,5,19,0,1,0,0,1,1807.78,0
1482.88,2,303,1,7,0,0,0,1,0,1796.54,0
1677.29,5,1814,1,6,1,0,0,0,0,1858.28,0
743.7,9,537,0,0,1,1,0,0,0,1503.84,0
2643.98,23,265,1,4,0,1,0,1,0,3216.1,0
537.88,21,180,3,8,0,0,0,1,1,333.99,0
4051.92,17,327,0,0,5,0,0,0,1,511.15,0
145.62,17,264,1,2,0,0,0,0,1,526.28,0
1325.53,13,1855,5,14,1,0,0,0,0,403.99,0
20098.36,15,246,1,5,3,0,0,0,0,1396.16,1
244.57,6,659,0,0,5,0,0,0,0,1456.26,0
396.78,0,613,1,5,2,0,0,0,0,1129.01,0
2370.51,16,27,1,2,2,0,0,0,0,429.08,0
1435.65,22,33,0,0,2,0,0,0,1,1745.85,0
1855.57,4,393,1,6,1,1,0,1,2,352.39,0
2284.22,0,109,0,0,0,0,0,0,0,124.98,0
2841.49,20,391,1,2,0,0,0,0,0,203.73,0
5793.84,16,57,3,9,2,0,0,1,0,1999.71,0
2027.84,9,184,1,3,0,0,1,0,3,695.96,0
763.65,11,39,0,0,0,0,0,0,0,414.78,0
3007.49,19,120,0,0,0,0,0,0,0,5484.37,0
18955.0,1,33,2,10,1,0,0,1,1,1303.65,1
898.79,22,1287,1,2,1,0,0,0,0,2860.47,0
254.22,15,183,0,0,0,0,0,0,0,190.12,0
5771.12,14,844,3,8,2,0,0,0,0,1408.64,0
915.46,12,1294,0,0,2,0,0,0,0,368.4,0
42.14,17,877,2,11,0,0,0,0,1,1969.07,0
3909.37,19,221,1,7,1,0,0,0,0,161.03,0
491.28,21,550,4,27,0,0,0,1,3,257.55,0
957.38,13,60,1,3,0,1,1,0,1,2092.4,0
1804.38,17,36,0,0,0,0,0,0,1,176.59,0
1459.35,1,764,0,0,0,0,0,0,1,2900.05,0
3178.54,1,11,1,3,5,0,1,0,0,2879.96,0
570.65,2,1309,2,4,3,0,0,0,0,827.92,0
2367.66,4,407,4,25,0,0,0,0,0,269.87,0
742.99,15,198,0,0,1,0,0,0,1,1459.05,0
3321.65,21,55,1,3,0,0,0,0,2,1650.44,0
2760.18,14,468,2,5,1,0,0,0,1,1209.17,0
269.57,11,302,1,3,1,0,0,0,0,135.8,0
5591.33,8,453,1,7,5,0,0,0,1,475.02,0
490.81,13,197,2,12,0,0,0,0,3,621.57,0
3685.22,20,25,4,13,0,0,0,0,0,550.22,0
1902.51,15,138,0,0,0,0,0,0,0,1178.06,0
17279.49,10,138,2,5,0,1,0,1,0,184.37,0
784.31,5,3,3,18,2,0,1,0,1,279.11,0
649.38,9,3,1,4,3,0,0,0,1,620.53,0
1065.15,7,146,1,3,0,0,0,0,0,130.64,0
695.92,15,474,1,3,1,0,0,0,0,291.05,0
3640.63,2,357,1,5,0,0,0,0,1,1131.05,0
97.08,1,99,2,15,3,0,0,0,1,4017.35,0
225.76,15,336,2,12,0,0,0,0,0,3294.81,0
221.03,18,380,1,5,0,0,0,0,0,791.38,0
4561.75,8,269,3,21,0,0,0,0,0,1127.35,0
14270.08,15,268,4,21,0,0,0,0,0,187.79,0
937.6,21,168,1,3,2,1,0,1,0,659.4,0
851.3,3,48,2,15,1,0,0,0,0,167.23,1
1218.14,9,177,0,0,1,0,0,0,0,1786.24,0
6265.52,18,154,0,0,3,1,1,1,0,1924.08,0
272.86,12,327,2,13,0,0,0,0,1,125.59,0
1568.0,17,708,1,4,0,0,0,0,1,484.09,0
4735.28,14,171,1,2,3,0,0,0,0,626.78,0
2325.39,3,451,0,0,0,0,0,0,0,515.59,0
1457.35,8,609,2,9,0,0,0,0,0,133.54,0
4922.49,3,86,1,4,2,0,0,0,1,1393.88,0
19.01,15,846,0,0,3,0,0,0,2,1006.56,0
3031.5,20,26,2,6,5,0,0,0,0,966.28,0
411.12,14,846,1,5,5,1,0,0,0,184.07,0
70.39,23,65,1,7,0,0,0,0,1,69.1,0
2360.91,1,150,2,13,1,1,0,1,1,462.08,0
8608.35,13,339,2,12,1,0,0,0,1,472.94,0
892.32,2,861,4,12,1,0,0,0,1,414.05,0
4579.35,21,107,2,10,2,0,0,0,0,159.03,0
12313.08,22,526,0,0,1,0,0,1,0,720.79,0
7882.27,3,452,1,3,1,0,0,0,1,901.23,0
12835.2,0,63,3,7,3,0,0,0,0,161.76,0
3338.21,22,238,2,11,1,1,0,1,0,451.85,0
1228.01,8,239,1,6,0,1,0,0,1,1233.6,0
99.19,16,132,4,27,0,0,0,0,0,2262.64,0
758.17,13,552,4,23,0,0,0,0,1,3643.25,0
309.55,16,950,0,0,2,0,0,0,2,157.19,0
28464.53,0,460,0,0,0,1,0,0,0,3869.18,0
842.33,9,1317,2,4,0,0,0,0,0,3639.38,0
1319.23,22,18,2,12,0,0,0,0,2,631.15,0
2507.97,15,13,3,12,0,0,1,0,0,6518.65,0
1170.75,18,818,3,9,2,0,0,0,0,362.26,0
13940.82,23,832,1,2,0,0,1,0,1,2947.74,0
430.96,2,41,1,6,1,0,1,0,0,499.66,0
1468.37,11,161,2,13,1,0,0,0,0,366.82,0
360.07,2,658,1,4,0,0,0,0,0,349.49,0
151.41,14,50,3,21,0,0,0,0,0,235.86,0
438.06,16,113,3,13,0,0,0,0,1,240.13,0
1037.37,17,417,2,15,1,0,0,0,1,626.5,0
575.96,6,1464,2,15,0,0,0,0,0,1205.79,0
388.14,18,582,2,13,3,0,0,0,0,3614.25,0
133.02,6,548,1,3,0,0,0,0,0,1029.07,0
968.11,4,153,0,0,0,0,0,0,2,279.32,0
114.77,7,395,2,10,3,0,0,0,1,1537.15,0
3429.21,20,43,2,7,1,0,0,1,0,911.43,0
1240.98,15,1774,0,0,0,0,0,0,2,1088.11,0
123.18,15,239,2,15,2,0,0,0,1,181.12,0
689.65,18,371,1,7,0,0,0,0,1,461.22,0
354.87,14,762,0,0,0,0,0,0,0,1189.39,0
1770.05,6,0,2,7,5,1,0,0,0,308.78,0
8190.05,4,1361,5,14,0,0,0,0,1,266.35,0
65.84,22,162,1,2,1,0,0,1,1,1332.38,0
1303.15,10,151,1,3,0,0,0,0,0,1201.17,0
862.47,9,57,4,14,0,0,1,0,0,1010.15,0
3001.93,20,712,0,0,0,0,0,0,0,616.02,0
1509.89,22,747,1,2,1,0,0,0,1,2853.66,0
354.97,8,7,0,0,0,0,0,0,0,291.87,0
679.54,0,20,1,5,0,0,0,0,0,165.22,0
332.27,19,914,3,16,5,1,0,0,0,223.46,0
5508.3,0,47,2,10,0,0,0,0,1,1845.96,0
1132.26,7,354,3,11,1,0,0,0,0,847.1,0
18992.25,2,352,2,15,0,0,0,0,1,2831.46,0
1001.25,1,743,1,3,0,0,0,0,0,4580.55,0
378.94,3,310,0,0,3,0,0,0,0,1285.6,0
113.23,18,207,1,3,0,0,0,0,0,669.47,0
73.35,10,1337,3,23,5,0,0,0,0,460.1,0
101.88,4,94,0,0,0,0,1,0,0,2308.42,0
1637.11,23,111,2,7,0,0,0,0,1,253.34,0
2352.16,9,32,2,15,5,1,1,0,0,566.46,1
102.33,23,1351,2,11,1,0,0,0,0,798.32,0
4198.81,22,447,0,0,0,0,0,0,0,611.49,0
531.34,7,4,1,3,5,0,0,0,1,1376.49,0
1366.75,12,444,2,6,2,0,0,0,0,665.8,0
12312.02,4,188,3,21,0,1,0,1,0,34.19,0
4210.17,11,1251,3,10,0,0,0,0,0,157.52,0
733.04,12,118,1,7,2,0,0,0,0,297.86,0
288.07,21,452,0,0,0,0,0,0,0,1427.86,0
43.48,7,360,3,6,0,0,0,0,0,260.34,0
372.88,14,4,1,5,1,0,1,0,0,2519.74,0
798.96,12,790,0,0,0,0,0,0,0,929.64,0
249.44,0,54,1,7,0,0,0,0,3,495.02,0
900.65,21,397,0,0,0,0,0,0,0,926.85,0
1230.63,5,545,1,3,0,0,0,0,1,678.72,0
782.67,10,363,0,0,0,0,0,0,0,1708.66,0
413.64,12,37,1,6,0,0,0,0,0,4733.69,0
1412.31,20,1349,0,0,1,0,0,0,0,587.68,0
2127.94,19,98,2,4,0,0,0,0,0,649.73,0
213.66,0,360,2,9,1,1,0,0,1,1173.85,0
9103.36,10,582,1,5,3,0,0,0,0,984.39,0
945.88,10,1022,0,0,0,0,0,1,0,316.55,0
1128.08,7,338,2,9,1,1,0,0,0,2850.96,0
3172.65,21,109,2,13,0,0,0,0,1,576.71,0
1555.92,2,661,6,13,3,0,0,0,0,455.44,0
4581.15,18,65,1,4,0,0,0,0,0,135.36,0
1686.96,11,8,1,4,0,0,0,0,2,1575.89,0
437.62,5,871,1,6,0,0,0,0,2,648.28,0
1886.08,22,312,2,7,5,0,0,0,0,2942.56,0
197.24,7,26,2,6,3,0,0,0,0,710.55,0
1290.57,4,316,2,5,0,0,0,0,0,401.02,0
1043.31,9,57,3,23,5,0,0,0,1,275.7,0
802.57,21,11,2,9,1,0,0,0,0,581.01,0
904.33,15,45,1,2,0,0,1,0,0,2666.59,0
65.18,11,544,3,7,2,0,1,0,1,507.1,0
481.5,16,514,0,0,0,0,0,0,0,503.74,0
1260.5,5,338,0,0,0,0,0,0,0,431.89,0
1393.79,8,85,0,0,0,0,0,0,0,640.54,0
234.74,9,490,3,16,2,0,0,0,0,824.4,0
7321.44,19,191,2,13,0,0,0,0,1,675.57,0
299.09,13,260,2,4,1,1,0,0,0,2412.66,0
4694.68,13,831,2,7,2,1,1,0,1,546.93,1
2081.39,16,223,3,13,0,0,0,0,1,586.02,0
415.99,15,359,1,4,0,0,0,0,1,600.77,0
15724.36,3,1191,0,0,1,0,0,0,0,3559.11,0
183.01,1,219,1,5,5,0,0,0,1,1026.41,0
4353.48,15,300,2,7,0,0,0,0,0,255.99,0
4919.06,0,320,0,0,3,0,0,0,0,411.87,0
401.04,2,100,1,6,0,0,0,0,1,216.22,0
8854.65,22,487,0,0,0,1,1,1,0,801.44,1
753.65,10,473,1,7,3,0,0,0,0,82.96,0
1690.94,15,87,1,7,0,0,0,0,0,1875.89,0
1620.49,17,4,1,3,0,1,0,0,0,2857.82,0
896.53,14,2500,0,0,1,0,0,0,0,176.43,0
3700.46,8,318,2,8,3,1,0,0,0,400.44,1
3605.56,11,72,0,0,0,1,1,0,0,991.21,1
79.61,17,121,1,7,5,0,0,0,1,284.89,0
7758.24,4,351,0,0,0,0,0,0,1,68.1,0
90.58,23,54,1,2,1,0,0,0,0,6124.81,0
5160.66,7,13,1,5,0,0,0,0,0,174.25,0
5943.53,2,584,0,0,5,0,0,0,1,286.35,0
213.48,1,459,1,2,5,0,0,0,0,823.87,0
592.16,18,135,0,0,0,0,0,0,1,1428.62,0
208.81,7,21,2,14,0,0,1,0,2,1422.65,0
794.42,1,243,2,15,5,0,0,0,0,223.03,0
690.87,18,117,0,0,1,0,0,0,0,1426.02,0
3531.55,0,185,0,0,0,0,0,1,2,317.43,0
7828.01,21,116,2,10,2,0,0,0,1,89.84,0
8897.5,12,70,0,0,1,0,0,0,0,4200.3,0
471.89,22,178,1,4,3,0,0,0,0,1572.33,0
801.25,19,1222,2,8,0,0,0,0,0,951.76,0
87.78,16,112,0,0,0,0,0,0,0,3459.43,0
327.4,2,149,0,0,0,1,0,0,2,285.22,0
4662.36,8,145,0,0,3,1,0,0,0,166.82,1
12374.27,4,238,1,5,0,0,0,0,1,170.67,0
172.17,5,676,1,4,1,0,0,0,0,790.9,0
450.93,3,187,2,4,5,0,0,0,0,2251.44,0
1054.05,16,598,1,4,0,0,0,0,0,180.91,0
1669.44,20,44,0,0,2,0,0,0,1,438.85,0
325.58,20,822,2,15,3,0,0,0,0,1131.02,0
2071.63,20,74,0,0,5,0,0,0,0,2226.77,0
538.74,15,14,1,4,3,0,1,0,1,406.04,0
1073.12,15,62,0,0,0,0,0,0,1,3626.2,0
2488.48,21,77,0,0,5,1,0,0,0,2004.99,0
1107.25,10,259,3,12,3,0,0,0,2,258.97,0
569.88,1,218,0,0,0,0,0,0,0,853.86,0
930.37,16,459,3,12,2,0,1,1,1,348.74,0
960.5,14,19,1,4,1,0,0,0,1,435.88,0
629.54,17,251,0,0,0,1,0,0,0,3507.51,0
743.83,9,147,2,4,3,0,0,0,0,662.71,0
12063.88,5,363,1,2,1,0,1,0,0,1527.33,0
2543.71,20,16,2,6,2,0,0,0,1,1196.37,0
704.0,15,12,1,4,2,0,0,0,0,4191.1,0
3119.51,4,203,1,4,0,0,0,0,1,482.5,0
664.66,11,608,1,2,1,0,0,0,0,762.52,0
6372.12,5,405,2,14,2,0,0,0,0,904.4,0
1909.25,13,6,1,6,0,0,0,0,1,122.01,0
933.6,22,71,0,0,3,0,0,0,1,75.94,0
2146.46,15,93,1,3,5,0,0,0,1,447.1,0
103.93,6,200,3,6,0,1,0,0,0,4648.52,0
202.32,1,322,0,0,5,0,0,0,0,118.68,0
182.93,5,89,3,10,1,0,0,0,4,2319.61,0
1358.88,8,175,0,0,2,0,0,0,0,693.68,0
14746.67,6,320,2,10,2,0,0,1,0,25.85,0
31161.86,1,176,1,7,0,0,0,0,1,1173.15,0
2855.71,18,56,2,13,1,1,0,0,0,172.82,0
2324.52,7,246,3,7,2,0,0,0,2,1692.57,0
73.58,10,142,2,12,0,0,0,0,1,224.03,0
485.89,3,728,2,5,5,0,1,0,0,556.72,0
336.41,15,545,2,7,0,0,0,0,0,1000.45,0
432.13,17,77,2,10,1,0,0,0,0,424.52,0
852.17,12,60,3,14,3,0,0,0,0,104.69,1
540.16,4,155,2,12,0,0,0,0,1,962.44,0
56.32,1,193,3,20,1,0,0,0,0,1019.44,0
3367.3,10,981,2,13,0,0,0,0,0,603.04,0
219.4,0,131,2,4,5,0,1,0,0,218.98,0
1570.06,12,737,1,5,0,1,0,0,1,349.16,0
24615.31,4,256,1,7,0,0,0,0,0,6629.18,0
276.14,17,791,0,0,3,0,0,0,0,343.23,0
24.64,13,441,0,0,1,1,0,0,1,1711.04,0
714.08,12,449,1,7,0,0,0,0,0,316.33,0
5718.37,6,266,1,2,5,0,0,0,1,1325.15,0
20692.39,7,669,3,7,0,0,0,0,0,788.53,0
173.41,17,107,0,0,0,0,0,0,0,2091.63,0
2310.11,6,868,2,10,1,0,0,0,0,189.93,0
545.68,19,369,0,0,1,0,0,0,1,12854.48,0
935.5,16,210,1,4,0,0,0,0,1,495.4,0
57902.45,15,1470,1,2,0,0,0,0,0,102.58,0
115.07,10,722,2,10,3,0,0,0,1,713.99,0
1604.57,18,539,1,2,1,1,0,0,1,301.69,0
2211.75,0,116,0,0,0,0,0,0,0,677.45,0
5589.69,20,1328,4,15,0,0,0,0,2,191.66,0
1270.26,7,495,1,3,0,0,0,0,1,467.82,0
1740.76,0,339,1,4,1,0,0,1,0,1714.06,0
609.43,8,930,3,12,0,0,0,0,1,377.73,0
1642.03,18,64,2,11,0,1,0,0,0,135.63,0
655.38,20,54,0,0,0,0,0,0,1,749.35,0
2785.99,8,302,1,2,5,0,0,0,0,396.35,0
629.91,20,21,2,9,1,0,0,0,1,1122.28,0
1930.72,9,398,2,14,0,0,0,0,0,604.48,0
1049.54,23,100,3,8,1,0,0,1,2,1136.56,0
5937.69,22,46,1,7,1,0,0,0,0,695.55,0
1015.27,10,192,1,2,1,0,0,0,1,186.44,0
76.74,0,228,1,2,0,0,0,0,0,782.99,0
7279.97,19,68,0,0,2,1,0,0,1,367.62,0
281.86,7,15,0,0,1,0,0,0,1,498.99,0
411.31,19,195,1,3,1,0,0,0,0,1039.27,0
448.77,11,520,1,4,5,0,0,0,0,612.21,0
8618.42,0,756,2,15,0,0,0,0,2,264.23,0
44.54,9,37,0,0,3,0,0,0,0,131.32,0
121372.89,3,271,1,7,5,0,0,1,0,1340.95,0
5345.9,14,111,1,2,3,0,1,0,0,2026.77,0
1532.81,18,171,0,0,1,1,0,0,1,162.16,1
1009.95,5,989,2,14,3,0,0,0,1,627.17,0
1683.0,4,158,2,7,0,0,0,0,0,965.51,0
2396.31,4,165,2,10,1,0,0,0,2,1923.43,0
2886.57,17,85,2,6,3,0,0,0,0,566.15,0
2523.51,2,1175,2,5,0,0,0,0,0,135.18,0
1254.35,21,222,0,0,1,0,0,0,1,238.92,0
815.66,1,308,4,23,1,0,0,0,1,371.69,0
874.01,3,220,1,6,0,1,0,0,1,636.85,0
818.63,17,106,1,4,5,0,0,1,2,83.32,1
6006.85,8,606,1,3,3,1,0,0,1,1284.17,0
2671.34,18,10,1,4,0,0,0,0,1,781.53,0
13.32,9,427,2,4,0,0,0,0,0,186.08,0
2933.21,21,329,1,3,1,0,0,1,0,636.24,0
1468.66,14,56,1,3,1,0,0,0,0,599.46,0
1066.29,0,66,0,0,0,0,0,0,0,981.8,0
612.3,10,392,1,2,0,0,0,0,1,677.34,0
5920.46,13,136,2,6,5,0,0,1,2,93.51,0
4542.76,9,112,0,0,5,0,1,0,1,797.11,0
344.01,18,22,0,0,0,0,0,0,1,359.34,0
2019.45,23,530,1,3,1,0,0,0,0,714.36,0
255.32,20,782,0,0,0,0,0,0,0,182.71,0
138.46,15,625,3,10,0,0,0,1,1,900.35,0
428.34,7,229,2,9,0,0,0,1,1,497.02,0
3998.16,1,278,2,10,1,0,0,0,1,157.64,0
4581.07,22,101,1,2,3,0,0,0,1,49.46,1
2367.59,6,69,3,11,0,0,0,0,1,132.85,0
3254.01,18,632,0,0,3,0,0,0,3,551.26,0
2378.6,6,584,5,27,0,0,0,0,0,1120.52,0
418.96,14,548,0,0,0,0,0,0,0,344.42,0
2096.2,7,227,0,0,5,0,0,0,1,230.09,0
3643.19,13,729,1,4,5,1,0,0,1,1613.77,0
3399.68,0,951,1,4,5,0,0,0,0,373.18,0
6524.83,12,145,1,4,5,0,0,0,0,359.03,1
3173.07,2,92,1,7,3,1,1,0,1,4199.29,0
1857.84,20,227,0,0,0,0,1,0,0,877.74,0
5460.12,5,72,2,12,3,0,0,0,0,1950.12,1
1053.86,18,786,1,6,1,0,0,0,0,963.01,0
292.13,14,150,3,13,0,0,0,0,0,306.67,0
858.68,3,313,0,0,0,0,1,0,2,1604.08,0
358.76,20,329,1,7,0,0,0,0,0,215.5,0
398.31,2,264,0,0,0,0,0,0,0,3468.03,0
882.91,3,62,1,4,1,1,0,0,1,737.8,0
334.08,4,1719,0,0,0,0,0,0,0,1861.16,0
690.94,17,69,2,11,2,0,0,0,0,635.89,0
64.04,9,508,2,11,1,0,0,0,0,162.57,0
1510.11,7,572,0,0,0,1,0,0,1,258.57,0
1098.62,11,57,2,11,0,0,0,0,1,831.26,0
321.94,21,987,3,17,1,0,0,0,1,148.19,0
2947.96,2,244,1,3,0,1,0,0,0,1852.19,0
4475.42,17,361,1,6,0,0,0,0,1,250.6,0
98.36,22,375,2,14,0,1,0,0,0,730.85,0
349.29,7,256,0,0,2,0,0,0,0,130.47,0
345.95,0,55,2,14,3,1,0,0,0,457.26,0
267.77,13,508,2,8,0,0,0,0,0,6975.01,0
3805.54,21,318,2,4,0,0,0,0,1,594.12,0
819.96,22,46,3,14,3,0,0,0,0,485.28,0
737.47,12,439,0,0,3,0,0,0,0,1081.27,0
54.28,11,442,0,0,0,0,0,0,1,1497.44,0
2844.46,2,290,2,6,0,0,0,0,1,587.89,0
170.91,17,34,2,10,1,0,0,0,1,1373.47,0
1199.79,20,158,2,15,0,0,0,0,0,541.4,0
1662.48,12,19,1,2,0,0,0,0,1,356.92,0
8442.11,14,236,2,6,0,0,0,0,1,347.35,0
153.97,9,864,0,0,5,0,0,1,0,270.83,0
11.83,0,0,0,0,2,1,0,0,0,191.35,0
1444.87,5,113,1,7,1,0,0,1,2,222.5,0
16330.12,8,587,1,2,0,0,0,0,1,2679.12,0
7033.36,9,3,1,5,1,0,0,0,2,1058.89,0
1501.9,14,3,2,6,0,0,0,0,0,333.42,0
524.55,8,344,3,17,3,0,0,0,2,813.97,0
3680.06,22,568,2,9,2,0,0,0,1,1510.65,0
254.6,13,546,4,23,0,0,1,0,0,1041.13,0
2240.68,10,551,1,4,0,0,0,0,1,94.38,0
2340.7,6,163,0,0,0,0,0,0,0,8272.16,0
5379.31,23,782,2,4,0,0,0,0,0,47.33,0
68836.54,1,4,1,3,1,1,0,0,0,2350.49,1
1975.59,13,136,3,20,2,0,0,0,1,1147.75,0
511.09,5,150,0,0,0,0,0,0,2,2424.13,0
1055.36,4,66,1,3,3,0,1,1,0,419.56,0
77.2,4,149,1,2,5,1,0,0,0,428.69,0
386.81,18,321,2,7,0,0,0,0,1,167.84,0
593.52,18,268,2,9,0,0,0,0,0,155.96,0
499.63,5,140,3,6,0,1,0,0,1,701.08,0
1378.2,9,505,1,7,1,0,0,1,1,755.01,0
319.38,22,457,1,5,1,0,0,0,0,432.25,0
5893.15,13,120,0,0,1,0,0,0,0,166.5,0
1096.97,16,142,1,3,1,1,0,0,0,316.45,0
1081.44,2,123,2,4,0,1,0,0,2,313.76,0
670.59,0,50,0,0,0,0,0,0,3,173.77,0
1384.07,9,510,0,0,0,0,0,0,0,2237.06,0
3780.64,2,17,0,0,0,0,1,0,1,729.46,0
298.66,4,59,0,0,1,0,0,0,0,2199.19,0
408.64,18,40,3,14,1,0,0,0,0,1278.85,0
695.35,9,636,3,6,0,0,0,0,0,764.47,0
145.65,15,16,3,15,2,0,1,0,1,14922.57,0
320.89,0,398,0,0,0,0,0,0,0,1051.18,0
536.82,5,16,0,0,1,0,0,0,0,1572.06,0
4070.76,8,563,3,23,5,0,0,0,2,187.6,0
1625.94,4,890,1,3,0,1,0,1,0,4185.23,0
1466.13,13,243,0,0,0,0,0,1,0,709.88,0
3929.81,9,595,2,10,0,0,0,0,0,487.25,0
892.42,1,447,3,9,5,0,0,0,0,429.19,0
1969.82,4,579,0,0,0,0,0,0,3,533.38,0
939.33,0,531,3,15,1,0,1,0,0,2453.0,0
1632.79,9,83,5,25,0,0,0,0,0,3562.11,0
457.54,21,252,3,6,0,0,0,0,0,300.0,0
28.27,8,1178,0,0,0,0,0,0,2,1936.55,0
896.57,2,153,2,12,1,0,0,0,0,1737.16,0
9266.14,14,1285,2,13,0,0,0,0,0,2195.83,0
4399.84,3,319,0,0,2,1,0,1,0,1704.42,0
4666.18,12,225,0,0,5,0,0,0,0,1043.15,1
7003.72,5,391,0,0,2,0,0,0,0,273.86,0
1252.61,19,617,0,0,0,0,1,0,0,131.44,0
1474.35,16,182,1,2,0,1,0,0,1,232.31,0
434.21,22,12,1,3,1,0,0,0,1,1229.17,0
682.59,4,450,2,13,0,0,0,0,0,443.44,0
2761.85,14,1141,0,0,3,0,0,0,0,274.39,0
6673.01,7,357,1,2,0,1,0,0,1,1882.04,0
889.65,4,76,1,2,5,0,0,0,1,555.98,0
558.2,23,104,1,2,0,0,0,0,1,260.04,0
1097.5,12,877,1,3,0,0,0,0,0,254.84,0
2702.17,0,4,1,4,3,0,0,0,1,699.85,0
125.74,0,290,0,0,0,0,0,0,0,1139.59,0
35.01,6,63,1,2,0,1,0,0,2,1813.95,0
480.2,21,121,1,7,1,1,1,0,0,180.5,0
175.73,4,133,2,14,2,0,0,0,1,377.98,0
511.73,13,90,2,13,0,0,0,0,0,1548.92,0
878.6,14,573,2,12,2,0,0,1,0,518.14,0
555.64,20,147,4,23,3,0,0,0,0,438.96,0
9688.56,16,154,2,7,2,0,1,0,0,467.26,0
1790.26,23,220,0,0,0,0,0,1,0,392.29,0
1721.09,17,848,0,0,0,0,0,0,0,1728.52,0
2788.64,6,425,2,15,1,0,0,0,0,517.61,0
198.69,21,23,1,5,0,0,0,0,0,218.06,0
5211.73,17,14,0,0,0,0,1,0,1,824.01,0
978.83,18,304,4,14,3,0,0,0,0,288.52,0
2998.06,19,796,5,28,0,0,0,1,0,823.65,0
219.69,6,142,1,6,1,1,0,0,0,200.5,0
106.63,7,103,0,0,3,0,0,0,2,803.88,0
3739.98,12,503,0,0,0,1,0,0,0,590.02,0
1928.72,17,336,1,3,0,0,1,0,1,559.97,0
283.42,23,303,1,3,1,0,0,0,0,149.25,0
297.53,10,59,0,0,0,0,0,0,2,934.69,0
5932.21,8,70,2,9,5,1,0,1,0,468.12,1
184.17,22,120,3,22,0,0,0,0,0,434.72,0
12887.45,0,84,1,3,5,1,0,0,1,745.81,0
284.03,21,1297,2,5,0,0,1,0,0,844.77,0
2857.17,7,6,2,8,0,0,0,0,0,540.63,1
669.86,20,359,2,14,0,0,0,0,1,245.34,0
2710.21,11,266,2,14,0,0,0,0,0,342.78,0
484.84,1,142,4,16,3,0,0,0,0,424.41,0
859.04,14,797,4,27,0,0,0,0,0,2410.84,0
1166.05,20,404,1,2,1,1,0,0,0,4355.64,0
243.89,23,2339,3,6,2,0,0,1,0,573.59,0
3331.7,17,67,1,7,3,0,0,0,0,873.5,0
507.85,16,33,3,21,0,0,0,0,0,1164.52,0
778.29,14,54,1,2,0,0,1,0,0,1022.93,0
246.77,19,114,1,3,0,0,1,1,0,602.74,0
23.49,19,196,0,0,0,0,0,0,2,1653.22,0
823.41,8,724,2,5,0,0,0,0,1,741.93,0
40901.55,2,121,1,7,1,0,1,0,0,684.24,1
3557.83,19,900,0,0,3,0,0,0,0,1822.44,0
1065.4,18,226,2,11,0,0,0,0,1,387.6,0
739.27,17,380,0,0,0,0,0,0,1,194.45,0
1134.22,19,112,1,5,0,0,0,0,0,467.02,0
2491.6,7,61,2,6,1,1,0,0,0,475.16,0
186.57,0,743,1,3,0,0,0,0,0,174.57,0
5834.14,23,42,0,0,2,0,0,0,0,557.73,0
3206.94,23,542,0,0,1,0,0,0,0,2470.22,0
3220.46,14,317,2,10,0,0,0,0,0,124.23,0
2116.91,18,720,1,3,0,0,0,0,0,697.24,0
1129.38,9,461,0,0,5,0,0,0,0,343.23,0
3008.79,11,120,2,5,1,0,0,0,0,389.71,0
2664.37,5,311,2,4,3,0,0,0,1,1784.02,0
644.8,12,4,1,7,0,1,0,0,0,394.79,0
463.87,3,235,4,25,2,0,0,0,0,701.19,0
1277.66,12,32,3,14,0,0,0,0,0,788.5,0
11198.45,16,204,1,5,1,0,0,0,0,333.25,0
170.94,0,42,2,10,2,0,1,0,0,706.47,0
121.35,4,1135,3,22,0,0,0,1,0,2294.78,0
1404.09,23,270,2,13,1,0,0,0,1,512.54,0
1183.62,16,892,1,3,3,0,0,0,1,1786.51,0
1422.27,17,8,0,0,1,0,0,0,0,1482.15,0
1581.18,6,370,4,9,1,0,0,0,0,861.23,0
784.62,15,133,1,2,3,0,1,0,0,257.96,0
10247.56,7,206,4,19,0,0,0,1,1,727.17,1
99.35,11,753,2,6,0,0,0,0,2,1453.86,0
316.48,13,1428,0,0,2,0,0,0,0,2467.74,0
939.28,18,103,2,5,0,0,0,0,0,529.48,0
93.24,10,1080,3,22,3,1,0,0,0,727.31,1
842.37,11,425,1,2,0,0,0,0,2,551.71,0
13256.0,12,1103,4,16,1,0,0,0,2,3175.8,0
1131.53,7,301,0,0,1,0,0,0,0,1735.78,0
1550.06,0,1181,0,0,0,0,1,0,1,1086.5,0
165.63,8,813,3,22,1,0,0,0,0,1587.6,0
435.05,1,50,2,7,0,1,0,0,2,730.25,0
624.66,13,135,2,10,0,0,0,0,0,889.69,0
680.91,12,101,1,5,0,0,0,0,0,404.99,0
7498.56,15,309,1,5,2,0,0,1,0,551.45,0
2531.42,1,592,2,9,1,0,0,0,1,2107.29,1
207.02,3,520,1,5,1,0,0,0,0,1446.58,0
1587.25,11,473,0,0,5,0,0,0,0,1531.17,0
2315.39,15,171,1,7,0,0,0,0,0,57.56,0
6064.6,9,54,1,5,0,0,0,0,0,334.22,0
11740.63,2,86,5,23,0,0,0,0,1,424.75,0
239.21,3,494,1,4,5,0,0,0,0,455.72,0
324.96,5,58,1,6,0,0,1,0,0,679.17,0
166.27,22,92,4,23,0,0,0,0,1,287.44,0
771.99,4,201,4,18,0,1,0,0,0,186.93,0
2207.33,17,27,4,16,0,0,0,0,0,900.39,0
4822.28,2,87,5,39,0,0,1,0,1,698.25,1
978.55,9,59,4,26,2,0,0,0,0,215.91,0
678.73,10,1103,2,6,2,0,0,0,0,538.35,0
1376.96,18,77,2,7,0,0,0,0,1,171.89,0
313.34,13,722,0,0,0,0,0,0,0,636.89,0
25192.66,20,44,1,5,0,0,1,0,1,343.94,0
98.35,10,743,2,7,0,0,1,0,0,835.1,0
1446.8,20,333,1,4,0,1,0,0,1,334.9,0
22820.38,3,691,2,8,0,0,0,0,0,756.71,0
1107.88,23,737,0,0,0,0,0,0,1,335.9,0
824.64,21,331,2,10,5,0,0,0,0,654.98,0
641.51,5,911,0,0,1,0,0,1,1,290.85,0
836.66,16,321,2,10,2,0,0,0,1,393.78,0
8597.9,21,455,2,11,5,0,0,0,0,447.99,0
39.73,18,196,1,5,2,1,0,0,2,595.81,0
10939.67,12,895,0,0,0,0,0,0,0,929.25,0
129.55,21,634,1,3,0,0,0,0,0,1155.58,0
735.11,9,66,0,0,0,0,0,0,0,2864.41,0
576.01,10,313,1,7,2,0,0,0,0,1089.33,0
2651.37,5,829,2,8,0,0,0,0,0,200.02,0
99.76,1,575,2,7,5,0,0,0,0,990.67,0
2193.51,0,1198,1,2,1,0,0,0,1,916.53,0
22844.47,10,96,2,15,0,0,0,0,0,568.86,0
141.92,15,167,1,6,0,0,0,0,1,109.59,0
1457.62,2,258,1,6,3,0,0,0,0,139.96,1
406.27,4,96,1,4,5,0,0,0,0,33.33,0
2077.31,14,182,1,2,0,0,0,0,0,573.55,0
1128.59,14,281,0,0,0,1,0,0,0,1257.74,0
418.96,3,77,1,7,2,0,0,0,1,601.01,0
2279.72,22,108,1,3,5,0,0,0,0,2577.28,0
16424.38,3,48,0,0,1,0,0,0,0,1277.61,0
823.57,7,456,3,15,0,1,0,0,1,604.91,0
3228.06,6,163,2,12,0,0,0,1,0,229.92,0
157.6,16,90,2,9,1,0,0,0,0,228.31,0
261.22,14,258,2,15,2,0,0,0,1,552.79,0
2227.44,4,25,1,3,3,0,0,0,1,2184.71,1
10159.6,12,937,1,5,0,0,1,0,1,347.27,0
1869.49,3,127,1,2,2,0,0,0,4,784.55,0
685.68,21,794,1,4,0,0,0,0,1,9627.8,0
1095.47,16,251,1,7,0,0,0,0,0,2787.82,0
168.07,21,692,2,5,5,0,0,0,0,323.55,0
2715.61,16,103,1,5,1,1,0,0,0,828.26,0
4119.55,13,70,1,5,1,0,0,0,0,525.58,0
556.61,13,691,1,7,5,1,0,0,1,1933.78,0
541.82,16,87,0,0,0,0,0,0,1,1257.33,0
1634.05,7,500,1,5,0,0,0,0,0,120.35,0
569.59,1,154,3,23,0,0,0,0,1,173.98,0
993.07,12,503,1,6,0,0,1,0,0,800.55,0
25580.42,21,869,1,6,0,0,0,0,0,1979.51,0
757.07,15,1459,0,0,0,1,1,0,0,219.71,0
640.65,15,162,0,0,1,0,0,0,1,575.39,0
415.17,5,167,0,0,0,1,0,0,0,153.41,0
3348.57,21,1454,0,0,1,0,0,0,1,728.25,0
835.61,23,721,1,4,0,0,0,0,0,723.52,0
414.03,3,16,2,4,0,0,0,0,1,1362.73,0
7958.18,2,310,2,5,2,0,0,0,1,3099.1,0
9222.53,5,72,3,11,2,0,0,0,0,5014.03,0
445.57,3,1868,2,8,0,0,0,1,1,419.68,0
66.7,17,54,2,12,0,1,0,0,0,365.7,0
4970.47,5,299,0,0,5,0,0,0,0,1324.43,0
392.7,4,399,2,13,2,0,0,0,0,513.48,0
3590.11,8,1009,3,20,0,0,0,0,1,1089.93,0
57.1,10,685,2,11,3,0,0,0,0,791.2,0
4183.47,5,102,0,0,1,0,0,0,1,1096.83,0
178.26,15,310,3,14,5,1,0,0,0,397.25,0
3281.8,18,1120,0,0,0,0,1,1,2,141.92,0
1120.36,10,485,4,10,0,1,0,0,1,4374.27,0
262.2,20,425,0,0,0,0,0,0,0,7895.01,0
595.53,14,513,1,5,0,0,0,0,0,140.76,0
3070.14,23,142,0,0,1,0,0,0,0,1103.91,0
1285.42,8,476,1,3,5,0,1,0,0,463.3,0
2634.95,23,96,1,4,0,0,0,0,0,305.27,0
21261.66,18,203,1,7,3,0,0,0,0,503.4,0
104.97,18,805,1,7,2,0,0,0,0,689.49,0
12404.55,23,6,0,0,1,0,0,1,1,946.48,0
1282.46,8,195,3,19,0,0,0,0,2,1093.85,0
284.81,22,113,2,8,0,1,0,0,1,1464.87,0
149.09,3,80,1,5,0,0,0,0,0,362.07,0
825.77,9,665,2,6,2,0,0,0,0,529.58,0
4369.81,8,435,1,6,1,0,0,0,1,2157.34,0
905.67,18,43,1,2,5,0,0,0,0,745.98,0
10580.12,14,248,0,0,1,1,0,0,0,298.09,0
124.37,18,229,0,0,0,0,0,0,1,2603.29,0
1076.93,1,56,0,0,0,0,0,0,1,845.39,0
167.57,9,587,2,12,1,0,0,0,1,874.93,0
1892.11,18,166,3,9,0,0,0,0,0,379.71,0
4147.79,16,523,1,5,0,0,0,0,0,733.61,1
583.39,19,77,0,0,1,0,0,0,0,2243.05,0
22.06,23,138,3,23,0,0,0,0,1,224.37,0
1477.97,20,36,2,14,5,0,0,0,0,297.97,1
2111.4,1,56,2,4,0,1,0,0,1,1293.08,0
2011.11,18,783,0,0,0,0,0,0,1,486.22,0
7000.06,16,42,1,7,0,0,0,0,0,1891.69,0
219.95,17,36,3,23,0,0,0,0,0,2325.24,0
3042.16,16,1029,3,11,1,0,0,1,2,793.38,0
6560.1,1,378,1,6,1,0,0,0,1,340.57,0
76.11,18,38,1,3,1,0,0,0,0,491.75,0
1771.32,0,1301,2,4,0,0,0,0,3,945.9,0
514.78,10,58,1,6,5,1,0,1,0,4016.85,0
970.41,9,530,0,0,0,0,0,0,0,986.99,0
1847.36,4,12,2,4,1,0,0,0,1,192.73,0
528.03,15,357,1,2,5,0,0,0,0,277.55,0
397.99,23,288,1,7,5,0,0,0,0,165.77,0
1154.28,4,85,0,0,3,0,0,0,0,1876.63,0
214.68,23,376,0,0,1,0,0,0,0,633.59,0
215.13,22,350,5,21,2,0,0,0,1,2064.01,0
3038.32,11,584,3,15,3,1,0,0,0,196.96,0
195.74,3,761,1,5,1,0,0,0,0,420.84,0
2979.37,22,260,2,13,3,0,0,0,0,1544.29,0
2194.89,5,245,0,0,5,0,0,0,0,639.99,0
82.38,18,354,2,12,0,1,0,0,0,340.34,0
396.89,8,476,2,13,3,0,0,0,0,563.67,0
6575.88,11,160,1,6,3,0,0,0,0,308.63,1
251.7,14,256,1,4,0,0,0,0,0,1399.64,0
546.42,15,321,1,4,3,0,0,0,0,1808.28,0
2193.14,12,1626,2,5,0,0,0,0,2,1594.11,0
3551.36,20,323,0,0,1,0,0,0,0,372.08,0
751.97,23,92,2,12,0,0,0,0,1,1246.92,0
447.53,6,323,0,0,0,0,0,0,0,422.26,0
9260.88,22,624,2,5,0,0,0,0,0,271.68,0
14888.58,19,710,2,15,5,0,0,0,1,914.57,1
4761.35,3,587,3,10,5,0,0,0,0,758.18,0
1246.35,10,799,2,6,0,0,0,0,0,996.53,0
326.23,7,148,3,8,5,0,0,0,1,740.48,0
315.56,5,258,0,0,0,0,0,0,0,272.2,0
2401.31,9,551,2,10,5,0,0,0,0,2360.22,0
2054.11,6,112,2,7,1,0,0,0,2,256.5,0
8976.79,6,169,3,11,1,1,0,0,5,1129.92,0
2909.32,3,649,3,23,0,0,0,1,1,110.4,1
115.05,2,536,1,7,0,1,0,0,0,248.27,0
5313.05,23,1294,1,4,3,1,0,0,0,1004.72,0
245.4,6,2012,4,9,5,0,0,0,0,935.69,0
616.49,3,100,2,14,0,0,0,1,0,1258.28,0
1596.07,12,842,1,7,0,0,0,0,0,1078.46,0
21883.79,19,36,2,14,0,0,0,0,0,1336.12,0
116410.48,16,451,2,14,2,0,0,0,1,313.93,0
2724.62,6,90,0,0,2,0,0,0,0,128.5,0
833.14,16,130,1,7,1,0,0,0,0,601.69,0
2444.9,3,1067,2,15,0,0,0,0,2,670.44,1
4152.57,10,111,1,7,5,0,0,1,1,879.41,0
677.9,2,408,1,5,5,0,0,0,0,3324.67,0
16200.82,10,71,1,6,0,0,0,0,0,91.99,0
1548.6,2,35,2,12,1,0,0,0,0,470.57,0
2313.73,11,151,3,20,5,0,0,0,0,1230.25,0
2977.64,0,357,1,3,0,0,0,0,1,1552.18,0
2063.96,3,104,2,4,0,0,0,0,0,266.25,0
3859.95,13,130,3,15,3,0,1,0,0,574.38,1
434.47,0,450,1,6,1,0,0,0,1,39.0,0
474.64,13,39,0,0,2,0,0,0,0,2719.38,0
210.56,12,216,1,5,3,0,0,0,0,627.54,0
2120.17,12,1037,5,19,1,0,0,0,0,328.54,0
3527.71,23,184,1,7,2,1,0,0,0,235.27,0
2179.08,14,207,0,0,0,0,0,0,1,249.21,0
13517.48,16,489,0,0,0,1,0,0,1,614.58,0
1087.47,11,551,0,0,1,1,0,0,1,1454.65,0
2990.25,21,535,2,15,3,1,0,0,0,341.37,0
213.25,22,2244,0,0,2,1,0,0,0,6633.2,0
613.6,13,27,1,6,1,0,0,0,0,1289.89,0
3112.89,11,1471,2,10,0,1,0,1,0,1844.13,0
3919.24,17,1094,1,2,0,0,0,0,0,125.96,0
705.6,3,697,1,3,0,0,0,0,0,173.56,0
984.96,13,220,1,4,0,0,0,0,0,286.75,0
112.53,18,747,1,6,1,0,0,0,1,1236.06,0
641.92,12,91,1,5,2,0,0,0,0,539.95,0
4169.6,22,572,1,4,1,1,0,0,0,137.48,0
2598.81,17,74,1,4,0,0,0,0,3,4669.24,0
2323.89,10,616,1,6,1,0,0,0,1,492.18,0
1181.64,5,347,1,2,1,0,1,0,0,823.86,0
1108.31,8,37,2,9,2,0,0,0,0,110.27,1
407.29,11,823,1,5,3,0,0,0,2,1125.66,0
3128.29,18,314,1,5,0,0,0,0,1,1256.1,0
2062.06,13,389,0,0,0,0,0,0,1,83.61,0
2293.94,14,121,1,2,2,0,0,0,1,1367.17,0
498.17,10,749,0,0,1,0,0,0,0,1035.14,0
43.38,5,287,1,5,1,0,0,0,0,2456.43,0
5685.81,13,199,2,14,0,0,0,1,1,70.41,0
534.72,2,278,1,6,1,0,0,0,0,1695.51,0
300.62,18,443,2,4,0,1,0,0,0,1203.3,0
3103.29,19,433,4,21,5,0,0,0,0,132.74,1
609.1,10,161,2,12,5,0,1,0,0,916.02,0
5377.1,23,177,0,0,0,0,0,0,0,864.13,0
2766.97,16,301,1,6,0,0,0,0,1,460.1,0
3057.5,16,942,3,8,2,0,0,0,1,933.39,0
141.33,22,499,0,0,0,0,0,0,1,973.84,0
6754.17,2,180,0,0,5,0,0,0,1,1578.43,1
1622.75,13,150,1,6,0,1,0,0,0,333.35,0
630.23,6,270,0,0,3,0,0,0,1,322.49,0
1359.79,18,744,1,4,0,1,1,0,0,534.6,0
76.37,2,3,0,0,5,0,0,0,0,115.03,0
2024.3,1,452,2,13,0,0,0,0,1,745.04,0
234.15,16,127,2,9,3,0,0,1,1,516.04,0
144.17,8,85,3,7,5,1,0,0,0,448.57,0
111.77,21,4,4,16,1,0,0,1,0,1004.18,0
5819.87,5,828,1,2,3,0,0,0,0,126.98,0
426.71,23,888,1,7,0,0,0,0,0,230.0,0
10944.49,20,23,3,18,1,1,0,0,0,922.96,0
490.93,8,269,0,0,2,0,1,0,2,1114.6,0
84.69,4,60,1,7,0,0,0,0,0,1381.65,0
205.45,1,518,2,11,2,0,0,0,0,749.48,0
7000.36,21,399,1,2,1,0,0,0,0,107.91,0
867.97,14,128,1,5,0,0,0,0,1,265.34,0
481.82,8,45,2,13,2,0,1,0,0,1351.14,0
1394.13,18,649,1,3,0,1,1,0,0,1658.21,0
2327.79,9,409,1,7,0,1,0,0,0,184.56,0
5861.13,3,2,2,15,3,0,1,0,0,324.77,1
9631.06,9,360,3,15,2,0,0,0,0,605.53,1
639.28,7,606,4,20,0,0,0,0,0,2013.14,0
150.04,21,326,1,5,0,0,0,0,1,740.11,0
589.81,12,201,1,5,0,0,0,0,1,184.59,0
1620.39,6,320,1,2,1,0,0,0,2,221.68,0
258.36,6,352,0,0,0,0,0,0,1,750.36,0
260.94,3,372,1,3,0,0,0,0,0,273.46,0
1836.62,14,1245,0,0,0,0,0,0,1,340.4,0
1019.45,11,71,3,8,5,0,0,0,1,71.23,1
1151.93,15,356,3,23,0,0,0,0,1,280.9,0
351.52,5,76,2,10,0,0,0,0,0,3708.16,0
776.19,8,86,3,8,1,0,0,0,0,738.43,0
274.14,2,403,1,6,3,0,0,0,0,309.82,0
4168.44,7,903,2,9,0,0,0,0,1,1221.04,0
5181.63,6,63,2,6,0,0,1,0,1,97.1,0
68.77,3,1198,0,0,0,0,0,0,1,105.22,0
271.98,12,140,3,10,0,0,0,0,0,495.4,0
116.19,18,181,5,12,5,0,0,0,0,2087.74,0
413.63,6,60,1,3,3,1,0,0,0,428.33,0
967.62,9,349,1,7,0,1,0,0,1,463.65,0
124.65,11,331,3,21,0,0,0,0,1,1365.51,0
275.12,2,213,3,22,1,0,0,0,1,1860.69,0
243.24,23,235,2,14,5,0,0,0,0,945.0,0
1496.52,11,356,2,4,0,0,0,0,0,352.15,0
1216.84,18,319,0,0,1,0,0,0,0,1966.37,0
371.44,14,171,2,11,1,0,0,0,0,926.22,0
1429.72,7,786,1,7,0,0,0,0,0,248.0,0
482.98,11,402,1,6,0,0,0,0,0,3924.43,0
729.62,19,83,0,0,0,0,0,0,0,491.41,0
13496.4,5,140,0,0,3,0,0,0,0,446.14,0
8190.18,9,565,2,11,0,0,0,0,0,451.15,0
156.12,1,40,1,5,1,0,0,0,1,1269.14,0
3807.01,23,506,1,7,1,0,0,0,0,333.16,1
3703.73,12,162,0,0,3,0,0,0,0,714.9,1
195.9,6,292,1,4,0,0,0,0,1,641.34,0
3744.96,7,120,2,7,3,0,0,0,2,811.15,0
11013.73,22,1570,0,0,1,0,0,1,1,361.1,0
203.61,15,862,3,19,0,0,0,0,1,842.36,0
276.92,10,962,2,8,0,1,1,0,0,2706.27,0
5046.71,3,74,3,15,1,0,0,0,0,963.93,0
1647.88,16,672,2,7,5,0,0,0,0,733.05,0
2507.93,15,279,1,4,1,1,0,0,1,440.37,1
1827.83,18,449,1,7,2,0,0,0,0,145.36,0
1970.5,22,89,1,3,5,0,0,0,0,2264.29,0
149.95,10,454,2,15,5,0,0,1,0,345.95,0
5276.28,6,896,2,6,3,1,0,0,1,92.1,1
6338.42,12,113,1,3,1,0,0,0,0,581.69,0
777.37,18,96,3,7,0,0,0,0,0,584.13,0
1027.4,16,40,1,6,3,0,0,0,0,200.47,0
110.31,21,113,2,4,0,0,0,1,1,701.74,0
2371.75,12,280,0,0,0,0,0,0,2,1476.4,0
2586.57,11,652,1,5,5,0,0,0,0,754.14,0
998.96,6,119,2,12,0,0,0,0,1,531.39,0
5922.6,0,354,1,6,0,1,0,0,0,1197.72,0
664.4,0,238,0,0,1,0,0,0,0,781.36,0
2557.82,19,124,4,8,5,0,0,0,0,511.35,0
237.58,22,260,3,9,1,0,0,1,0,470.98,0
1058.57,13,67,1,4,0,0,0,0,0,226.14,0
844.27,14,372,2,4,0,0,0,0,0,124.86,0
1537.58,10,44,1,4,0,0,0,0,0,917.9,0
629.99,23,479,2,7,3,1,0,0,0,1662.69,0
900.36,8,71,1,4,1,0,0,0,2,333.47,0
3786.02,16,2298,3,22,0,0,1,0,0,558.91,0
569.55,3,633,2,12,5,0,0,0,0,625.99,0
98.51,19,153,2,11,0,0,0,0,1,573.27,0
15129.11,18,202,3,17,1,1,0,0,1,1790.02,0
8709.6,6,109,0,0,0,0,0,0,2,188.06,0
157.84,0,531,0,0,0,0,1,1,1,4390.56,0
3085.79,8,174,1,7,0,0,0,0,0,381.83,0
515.71,12,513,2,4,0,0,0,0,2,1218.82,0
1628.2,23,6,1,3,0,0,0,0,0,521.14,0
1705.03,1,53,0,0,3,0,0,0,2,664.22,0
771.54,1,165,4,8,0,0,0,0,0,265.31,0
338.44,23,42,2,4,0,0,0,0,0,863.86,0
389.24,14,335,1,2,2,0,0,0,0,1195.72,0
277.47,16,19,2,12,2,1,0,0,3,718.75,0
314.9,12,717,3,8,3,0,0,0,1,135.88,0
991.51,6,522,1,3,0,1,0,0,0,325.39,0
374.79,8,88,1,4,0,0,0,0,1,123.41,0
3050.55,11,241,0,0,0,0,1,0,0,299.95,0
10207.41,2,219,1,6,1,0,0,0,0,201.9,0
459.4,22,471,3,17,1,0,1,0,0,2139.69,0
1570.43,21,187,3,11,0,1,0,0,0,1376.47,0
2320.48,14,12,0,0,0,0,0,0,1,6720.86,0
2226.09,6,116,3,18,0,0,0,0,0,1749.23,0
1228.97,22,229,2,6,0,0,0,0,1,104.36,1
3340.99,0,1339,3,11,0,0,0,1,1,496.91,0
2260.57,13,777,1,4,0,0,0,0,0,114.35,0
171.32,18,73,1,4,1,0,0,0,1,1519.32,0
4038.93,15,468,2,6,0,1,0,0,0,1698.39,0
4150.3,9,1008,2,5,1,0,0,0,0,577.25,0
349.0,0,3,1,7,3,1,0,0,1,524.46,0
1160.85,4,465,4,29,0,0,0,0,2,1074.37,0
3056.4,2,224,1,5,0,0,1,0,0,1953.16,0
801.13,16,416,2,13,2,0,0,0,0,514.84,0
5483.33,17,339,2,12,3,0,0,0,1,135.44,0
38017.76,20,1524,3,7,0,0,0,0,0,116.61,0
337.32,18,124,2,10,5,1,0,0,1,199.29,0
138.16,21,562,0,0,0,0,0,0,1,821.05,0
1729.74,21,97,3,16,0,0,0,0,1,1735.03,0
3236.81,17,208,1,2,5,0,0,0,0,1253.16,0
775.65,15,1352,2,5,0,0,0,0,1,703.91,0
9700.1,1,530,3,20,3,0,0,0,1,913.56,0
147.24,14,138,3,21,0,1,0,0,1,244.35,0
3100.68,12,352,4,29,3,1,0,0,0,317.86,0
441.96,12,18,1,7,0,0,0,0,0,381.25,0
14458.92,15,113,2,14,0,0,0,0,2,73.77,0
21780.56,7,462,4,10,0,0,0,0,0,571.31,0
347.24,10,308,4,23,0,0,0,0,0,695.46,0
480.9,7,231,2,12,0,0,0,0,0,299.31,0
3981.37,21,428,0,0,1,0,0,0,0,914.58,0
613.58,9,185,1,7,1,0,0,0,1,419.34,0
1024.42,22,9,1,3,2,0,0,0,2,169.38,0
1139.2,0,212,1,5,1,0,0,0,0,585.79,0
61.59,11,848,3,21,5,0,0,0,2,1837.85,0
1074.11,8,708,2,7,0,1,0,0,1,185.57,0
389.71,4,191,2,11,3,1,0,0,0,411.19,0
523.38,8,8,2,12,0,0,0,0,3,96.17,0
9561.0,15,369,2,11,3,0,1,0,0,396.38,0
166.54,17,493,0,0,0,0,0,0,0,3378.02,0
3713.79,7,127,0,0,0,0,0,0,0,564.93,0
721.66,22,236,2,11,1,0,0,0,1,203.8,1
720.8,10,1755,1,3,3,0,1,0,1,265.52,0
3588.75,19,313,1,6,0,0,0,0,0,374.97,0
1826.35,18,157,1,5,0,1,1,0,1,179.64,0
2580.97,3,360,2,5,1,0,0,0,0,1426.48,0
4685.73,19,72,1,3,3,0,0,0,2,1861.35,0
667.17,9,81,1,2,0,0,0,0,0,352.28,0
437.75,23,945,0,0,0,0,0,1,0,480.18,0
215.35,12,99,1,3,2,0,0,0,0,2174.81,0
317.95,19,135,2,7,0,0,0,0,1,545.31,0
91458.6,13,286,0,0,0,0,0,0,1,4023.16,0
7094.1,20,839,1,7,1,0,0,0,0,951.53,0
144.52,1,555,0,0,0,0,0,0,1,842.59,0
150.85,3,16,0,0,1,0,1,0,0,1151.05,0
2259.27,6,431,0,0,1,0,0,1,2,531.21,0
2492.14,18,255,3,23,2,1,0,0,1,343.08,1
2498.2,16,235,2,5,0,1,0,0,0,363.81,0
748.12,15,429,4,15,0,0,0,0,1,479.0,0
908.52,12,79,2,10,0,0,0,0,0,192.83,0
1793.31,23,1456,3,20,5,0,0,0,1,429.44,0
1247.43,23,378,1,5,3,1,0,0,0,238.67,0
39.29,21,166,2,13,1,0,0,0,0,81.09,0
776.89,22,334,2,5,0,0,0,0,1,2378.06,0
305.79,17,89,0,0,0,1,0,0,0,368.92,0
1426.27,20,366,2,12,0,0,0,0,0,470.83,0
96556.97,11,10,2,8,0,0,1,0,0,352.2,0
1903.07,22,152,1,4,0,0,0,0,0,1147.52,0
685.2,0,502,2,13,0,0,0,0,0,649.37,0
4370.8,14,602,2,4,0,0,0,0,0,952.8,0
2262.06,2,106,1,3,2,0,0,0,1,1030.71,0
2059.34,5,282,2,7,5,0,0,0,0,286.67,1
2725.14,13,274,1,7,0,0,0,0,0,383.52,0
23976.16,22,199,0,0,0,1,0,0,0,356.78,0
201.07,5,94,3,10,3,0,0,0,1,208.71,0
2231.54,0,443,2,12,0,1,0,0,1,493.84,0
273.26,19,106,1,2,1,1,0,0,0,395.05,0
2523.16,5,883,1,6,1,0,0,0,0,2006.22,0
276.43,7,274,2,12,0,0,0,0,0,2937.07,0
586.37,14,746,0,0,0,0,0,0,0,196.76,0
704.41,13,125,3,14,0,0,0,1,0,139.27,1
4739.68,15,600,1,4,5,0,1,0,0,1790.8,0
4348.91,19,44,1,2,0,0,0,0,1,2604.16,0
169.26,22,531,1,2,0,0,0,0,1,265.93,0
1190.82,15,178,1,2,5,0,0,0,0,332.0,0
378.28,18,231,1,5,1,0,0,0,1,298.63,0
166.04,23,66,1,3,3,0,0,0,0,858.78,0
791.93,0,6,1,2,0,0,0,0,0,1513.0,0
690.4,3,400,0,0,0,0,0,0,0,169.53,0
41775.89,23,323,1,2,1,0,0,0,0,303.37,1
2099.47,9,355,1,5,3,0,0,0,0,245.65,0
138.87,19,107,1,7,1,0,0,0,1,129.33,0
470.05,17,99,4,8,2,0,0,0,3,118.3,0
5074.97,1,647,2,15,5,0,0,0,1,2160.53,0
25151.28,3,522,3,15,1,0,0,0,1,448.81,1
101.6,14,149,3,20,3,0,0,0,0,568.45,0
65.37,3,370,2,11,1,0,0,0,0,447.3,0
18150.4,15,642,0,0,3,0,0,0,0,395.6,0
1967.31,14,801,0,0,0,0,0,0,0,1045.66,0
298.14,17,2,2,4,0,0,0,0,1,1810.97,0
2445.35,6,612,0,0,3,1,0,0,1,420.99,0
21.04,14,157,1,7,0,0,0,0,0,259.71,0
1102.2,21,462,1,2,0,0,1,0,0,1266.65,0
1793.15,10,169,1,3,5,0,0,0,1,1675.66,0
4387.02,18,340,0,0,2,0,0,0,0,179.76,0
239.64,7,379,1,2,5,0,0,0,0,1287.41,0
1247.04,23,189,2,10,1,0,1,0,1,3452.73,0
273.65,0,262,1,6,0,0,0,0,1,547.78,0
1608.53,2,472,2,13,0,0,0,0,0,1156.05,0
286.28,4,236,3,16,0,0,0,0,0,499.67,0
594.58,17,5,2,10,0,0,0,0,0,901.03,0
246.23,11,4,4,25,1,0,0,0,0,1917.75,0
2912.32,11,395,1,2,0,0,0,0,0,677.43,0
3974.59,20,685,2,12,1,0,0,0,1,584.47,0
771.29,18,561,1,7,1,0,0,0,2,644.53,0
1161.37,8,135,1,6,1,0,1,0,1,780.24,0
124.85,10,232,2,4,0,0,0,0,0,1123.65,0
699.58,16,97,0,0,5,1,0,1,2,1336.33,0
1017.08,15,1651,1,6,2,0,0,0,0,310.97,0
55892.73,3,110,4,9,2,0,0,0,1,581.47,0
206.86,9,196,1,6,0,0,0,0,1,613.7,0
9860.24,21,417,5,18,1,0,0,0,0,585.35,0
4891.67,14,761,0,0,3,1,0,0,0,256.89,0
1670.63,18,19,2,15,0,0,0,0,1,669.87,0
15335.58,2,130,3,23,0,0,0,1,0,1088.85,0
1916.31,20,307,0,0,0,0,0,0,0,1369.44,0
1965.97,22,351,2,9,0,0,0,0,1,338.79,0
1012.64,4,26,2,6,1,0,0,0,1,972.13,0
6872.98,10,398,0,0,0,1,0,0,0,2155.36,0
5679.98,23,274,3,13,0,0,0,0,0,220.28,0
429.01,4,641,1,6,5,0,0,0,1,118.07,0
151.58,6,91,1,6,0,0,1,0,1,277.16,0
808.78,5,79,3,9,0,0,0,0,0,1064.55,0
330.28,12,575,2,10,2,0,0,0,1,493.42,0
996.96,1,444,0,0,0,0,0,0,0,399.02,0
7017.46,18,572,2,14,0,1,1,0,1,180.97,0
552.28,10,555,1,7,5,0,0,0,1,2715.92,0
1028.41,19,40,0,0,5,0,0,0,0,908.66,0
1196.35,4,119,1,5,0,0,0,0,0,209.05,0
3915.3,8,109,1,2,0,0,0,0,0,3601.0,0
37.7,5,995,0,0,3,0,0,0,2,440.48,0
441.4,16,243,0,0,1,1,0,0,0,870.12,0
1505.57,18,42,2,11,0,0,0,0,0,756.54,0
6635.03,22,124,0,0,0,0,1,0,0,2086.78,0
524.34,7,750,1,4,0,0,0,0,0,1890.72,0
65.7,6,685,2,15,0,0,0,1,0,1477.05,0
2778.22,4,841,0,0,1,0,0,0,1,1807.8,0
422.82,14,179,2,4,5,0,0,0,0,336.44,0
184.1,9,374,0,0,0,0,0,0,0,350.29,0
429.87,23,118,1,4,0,0,0,0,2,393.89,0
831.48,15,72,0,0,1,0,0,0,0,394.6,0
442.7,8,8,0,0,0,0,0,0,0,736.87,0
40.11,6,92,0,0,0,0,0,0,0,524.32,0
4211.61,10,338,1,6,0,0,0,0,0,337.78,0
7422.81,8,856,2,4,0,1,0,0,0,639.66,0
2914.0,16,52,4,8,1,0,0,0,0,361.39,0
199.03,8,912,2,9,3,0,0,0,0,700.3,0
810.59,2,154,1,3,0,0,0,1,0,2690.44,0
1085.96,21,203,0,0,1,1,0,0,0,1820.09,0
2692.41,7,165,0,0,0,0,0,0,0,718.73,0
2988.45,18,191,0,0,1,0,0,0,0,3576.83,0
364.58,19,109,1,5,5,0,0,0,0,1872.69,0
1240.16,15,437,3,18,5,0,0,0,1,1951.11,0
2177.47,6,518,2,10,1,0,1,0,1,1085.47,0
9737.44,6,632,1,6,2,0,0,0,0,1635.49,0
3155.05,19,152,1,7,1,0,1,0,1,222.5,0
3581.67,12,528,3,8,0,0,0,0,1,399.09,0
1243.57,2,370,3,19,1,0,0,0,1,283.36,0
9096.9,11,1156,0,0,1,0,0,0,0,1703.42,0
2027.67,23,201,1,6,0,0,0,0,0,97.47,0
301.38,7,1776,3,22,3,1,0,0,1,844.99,0
9000.68,12,492,2,8,0,0,0,0,3,2129.5,0
3123.95,19,546,3,16,1,0,0,0,0,2178.0,0
564.21,15,9,0,0,1,0,0,0,0,719.49,0
534.19,6,251,4,31,0,0,0,0,0,924.12,0
1711.05,3,274,2,11,2,0,0,0,1,1134.31,0
2196.84,11,15,1,6,3,0,0,0,1,1451.48,0
1474.3,16,136,4,28,0,0,0,0,0,187.11,0
1749.29,0,1137,1,6,0,0,1,0,0,956.75,0
14043.8,16,202,1,7,0,0,0,0,0,123.93,0
5471.54,1,75,0,0,0,0,0,0,0,2466.88,0
1459.65,5,262,1,7,0,0,0,0,0,26.37,1
4500.6,11,12,0,0,0,0,0,0,0,1072.83,0
233.04,10,264,1,5,1,0,0,0,0,305.3,0
1991.99,20,329,0,0,0,0,1,0,0,157.44,0
16546.99,10,161,1,6,0,0,0,0,1,799.35,0
790.71,17,524,1,4,0,0,0,1,0,400.12,0
307.52,7,53,1,2,0,0,1,0,0,540.04,0
412.35,6,768,0,0,1,1,0,0,1,267.89,0
213.91,13,1135,2,11,0,0,0,0,0,34.22,0
337.94,15,0,2,13,0,0,1,0,0,262.37,0
629.07,11,675,1,6,0,0,0,0,1,626.14,0
133.17,8,257,2,14,2,0,0,0,0,557.71,0
1122.63,19,225,0,0,0,1,0,0,0,714.1,0
4244.65,22,99,4,24,2,0,0,0,2,1057.81,0
281.0,20,216,1,4,2,0,0,0,0,2766.62,0
10709.92,15,1096,2,4,1,0,0,0,0,248.46,0
2359.46,20,86,2,7,0,0,0,0,0,2006.11,0
5145.46,18,72,2,12,1,0,0,0,0,324.54,0
408.81,15,101,2,4,1,0,1,0,1,2892.38,0
3951.25,8,292,1,6,3,0,0,0,2,484.15,0
213.17,12,972,0,0,0,0,0,0,0,329.39,0
4168.75,4,311,0,0,1,0,0,0,1,2093.99,0
1419.07,21,101,1,5,1,0,0,0,0,498.89,0
2514.62,18,211,2,13,0,0,0,0,2,66.71,0
188.03,9,180,0,0,3,0,0,0,1,1090.77,0
286.4,6,17,1,3,2,0,1,0,0,739.78,0
2686.09,8,260,1,3,0,0,0,0,0,198.09,0
264.4,13,49,0,0,0,0,0,0,1,1990.21,0
2196.92,14,674,1,7,3,0,0,0,0,259.91,0
141.08,12,290,0,0,0,0,0,0,0,1144.07,0
3913.79,9,679,1,4,1,0,0,0,0,1196.82,0
172.64,13,1140,6,45,0,0,0,0,0,21577.7,0
2511.03,20,1046,1,6,0,1,0,0,0,695.02,0
2803.0,22,38,2,11,2,0,0,0,1,219.49,1
385.62,11,1057,0,0,0,0,0,0,0,629.28,0
2625.53,18,579,4,23,2,0,1,0,0,4150.18,0
1620.78,5,548,0,0,5,0,0,0,0,3559.04,0
488.69,11,34,2,13,0,1,0,0,1,234.61,0
241.57,23,72,0,0,0,0,0,0,0,80.31,0
57.75,12,1348,0,0,0,1,0,0,1,595.82,0
1852.84,7,87,1,5,0,0,0,0,0,299.72,0
104.88,15,67,3,20,3,0,1,0,0,600.59,0
1265.24,1,164,2,8,1,0,1,0,0,388.55,0
738.65,21,892,1,4,0,1,0,0,0,1939.53,0
3037.27,6,236,1,7,0,0,0,0,1,1796.07,0
697.1,11,924,0,0,1,1,0,1,0,5360.85,0
669.03,6,148,0,0,0,0,1,0,0,396.32,0
3287.25,18,93,0,0,0,1,0,0,0,220.55,0
1812.73,13,249,1,4,0,0,0,0,1,1637.39,0
1762.05,8,348,0,0,0,0,0,0,0,543.06,0
2216.98,17,181,2,7,0,0,0,0,0,2051.77,0
109.58,10,155,1,7,3,1,0,0,1,880.44,0
3412.44,15,89,2,5,0,0,0,0,1,1425.11,0
2748.2,18,117,5,13,3,0,1,0,0,696.02,1
238.64,10,408,4,22,1,0,0,0,0,380.57,0
760.43,17,168,2,13,3,0,0,0,2,4366.4,0
1033.84,10,30,1,6,0,0,0,0,1,964.73,0
896.28,3,54,2,10,0,0,0,0,0,432.07,0
1809.47,17,170,2,11,2,0,0,1,1,157.91,0
9386.71,18,943,0,0,3,1,0,0,2,634.54,1
5556.09,12,173,2,10,0,0,0,0,2,257.86,0
153.19,3,22,2,6,1,0,0,0,1,403.64,0
2788.07,9,197,3,22,1,1,0,0,0,3186.66,0
8049.78,21,403,1,6,1,0,0,0,0,2462.95,0
1959.05,4,328,1,5,0,0,0,0,0,234.97,0
5633.41,2,119,0,0,0,0,0,0,0,254.37,0
22435.63,15,425,1,4,5,1,0,0,0,1596.53,0
5092.7,7,363,3,20,0,0,0,1,0,128.83,0
1593.94,23,68,2,6,1,0,0,0,1,1214.83,0
5258.67,6,64,1,2,0,0,1,0,1,284.22,0
1362.85,18,289,2,7,2,0,1,0,0,292.21,0
1136.67,13,393,1,6,1,0,0,0,0,943.94,0
647.34,14,1192,1,7,1,1,0,0,2,334.94,0
11442.85,16,200,1,4,1,0,0,0,0,130.47,0
321.29,20,528,1,6,0,0,1,1,0,1036.62,0
10922.19,0,45,2,7,3,0,0,0,0,251.56,1
2321.1,5,804,3,15,5,0,0,0,1,218.98,1
134.43,22,365,4,8,1,1,0,0,1,1054.68,0
1903.55,14,361,2,12,1,0,0,0,1,225.58,0
46.99,11,56,1,6,1,0,0,0,1,296.86,0
2802.49,20,14,2,5,1,1,0,0,0,313.19,0
4137.5,19,441,0,0,1,0,0,0,0,1539.86,0
451.0,1,45,2,9,0,0,0,1,1,715.84,0
1319.91,4,49,3,19,0,0,0,0,0,555.53,0
20562.74,8,75,1,6,0,0,0,0,0,573.15,0
513.57,19,37,2,12,2,0,0,0,0,264.25,0
224.0,13,358,2,6,0,0,0,0,3,371.39,0
10122.29,17,200,3,12,0,0,0,0,0,635.64,0
20824.4,21,112,0,0,3,0,0,0,0,147.6,0
1102.73,7,212,2,11,0,0,0,0,0,306.93,0
5000.01,1,678,1,5,0,0,0,0,1,190.08,0
8202.66,8,955,2,4,0,1,0,0,1,5802.56,0
360.06,6,243,1,6,1,0,0,0,0,704.2,0
529.56,17,305,1,3,3,0,0,0,0,3135.74,0
6948.71,15,108,2,13,0,0,0,0,0,472.73,0
13732.51,20,263,0,0,0,0,0,0,1,210.52,0
2551.21,4,503,2,13,5,0,0,0,0,1646.2,0
293.03,22,247,1,4,0,0,0,0,0,445.33,0
21603.09,14,131,1,4,0,0,0,0,0,474.16,0
494.5,4,318,0,0,0,0,1,0,1,921.98,0
663.34,10,1069,0,0,0,1,0,0,1,932.11,0
1832.63,21,799,1,3,0,1,0,0,0,1950.88,0
11285.12,13,535,2,15,2,0,0,0,0,727.05,0
3948.0,18,117,1,5,2,0,0,0,2,631.73,0
2043.25,2,100,1,2,1,0,0,0,0,2259.54,0
2197.19,23,665,2,15,0,0,0,0,3,388.87,0
1170.6,9,73,1,4,0,1,0,0,1,1939.16,0
2533.13,5,339,0,0,0,0,0,0,0,1232.37,0
24.67,2,210,1,4,0,1,0,0,0,641.13,0
702.81,1,230,1,3,0,1,0,0,1,631.97,0
1574.96,12,221,2,12,1,0,1,0,0,314.45,0
195.09,17,840,2,9,1,1,0,1,1,1047.75,0
1957.62,1,33,0,0,0,0,0,0,0,291.52,0
806.98,14,557,1,4,5,1,0,0,1,1942.88,0
15263.41,4,657,3,12,0,1,1,0,3,127.54,1
11608.93,14,1044,2,15,3,1,0,0,0,2363.1,0
545.28,20,219,2,13,0,0,0,0,0,3493.77,0
874.58,16,253,1,3,5,0,0,0,0,2637.42,0
981.5,1,1186,0,0,1,0,0,0,0,1394.69,0
556.97,17,223,0,0,0,0,1,0,1,593.7,0
1469.29,14,255,4,10,0,0,1,1,0,370.31,0
351.63,19,147,2,14,1,1,1,0,1,958.73,0
201.16,22,11,1,7,0,0,0,1,0,812.82,0
2790.75,2,207,1,6,0,0,0,0,0,1244.74,0
2819.44,4,388,1,7,3,0,0,0,1,881.74,0
328.17,10,427,1,2,1,0,0,0,1,330.65,0
4200.81,8,2,1,3,2,0,0,0,1,1384.17,0
425.23,4,589,1,2,0,1,0,0,0,511.58,0
1603.19,0,247,1,6,0,0,0,0,0,1465.87,0
3753.77,13,268,0,0,0,0,0,1,2,3007.55,0
1042.71,4,1191,1,4,0,0,0,0,0,1152.95,0
2169.19,7,122,3,20,1,0,0,0,1,433.81,0
505.4,20,523,0,0,5,0,1,1,2,818.93,0
816.72,13,312,1,2,3,0,0,0,0,1300.7,0
805.3,15,440,1,4,2,1,0,1,0,223.04,0
357.86,5,197,3,9,0,0,0,0,0,633.88,0
841.21,7,119,1,6,0,0,1,0,1,420.88,0
107.46,1,288,0,0,3,0,0,0,0,3122.09,0
524.93,18,171,0,0,0,0,0,0,0,258.7,0
715.29,8,92,0,0,3,0,0,0,0,708.77,0
746.75,4,667,3,13,0,0,1,0,2,1373.9,0
763.38,4,235,0,0,1,0,0,0,0,507.73,0
999.6,18,685,1,4,0,0,0,0,0,227.8,0
2251.07,3,234,1,3,5,0,0,0,2,729.38,0
4071.54,15,297,0,0,0,0,0,0,1,1173.87,0
413.79,15,1954,3,13,3,0,0,1,0,3008.23,0
180.4,15,1104,1,2,3,0,0,0,0,763.44,0
229.74,6,115,4,8,1,0,0,0,0,458.05,0
528.05,17,740,4,25,1,0,0,0,2,564.15,0
646.85,23,180,0,0,0,1,0,0,0,1246.3,0
345.5,20,26,3,13,3,1,0,0,0,1398.05,0
156.93,0,312,0,0,0,0,0,0,1,1484.73,0
553.25,2,1377,1,6,1,0,0,0,0,418.52,0
1439.63,20,1336,1,7,0,0,0,0,1,2508.57,0
2677.25,7,49,2,7,0,0,0,0,2,338.91,0
475.26,0,538,4,13,0,0,0,0,0,841.22,0
590.22,6,592,1,4,0,0,0,0,0,315.79,0
273.13,6,167,1,7,0,0,0,0,0,219.69,0
1046.12,7,392,2,9,2,0,1,0,0,1238.92,0
307.16,18,244,1,5,0,0,0,0,0,1939.96,0
2590.72,16,94,0,0,2,0,0,0,0,101.31,0
75.28,10,522,1,3,1,1,0,0,0,160.74,0
639.42,14,111,2,6,5,0,1,0,2,3865.16,0
1722.72,8,151,0,0,0,0,1,0,0,70.79,0
1444.84,16,76,3,8,0,0,0,0,0,402.85,0
62289.65,10,463,1,4,3,0,0,0,0,13185.8,0
1853.26,5,224,1,5,1,0,0,0,0,162.15,0
243.21,8,213,1,3,0,1,0,0,0,1092.9,0
950.32,17,338,0,0,5,0,0,0,0,930.8,0
76.37,19,62,3,19,0,0,1,1,0,702.64,0
971.75,1,833,5,17,0,0,0,0,0,348.48,0
314.32,3,228,0,0,1,0,0,0,0,547.43,0
4328.97,17,166,3,10,5,1,0,0,1,991.64,1
480.91,0,49,0,0,0,1,0,0,0,1389.62,0
920.44,10,67,2,4,0,0,0,0,0,404.28,0
422.7,2,923,1,2,2,1,0,0,0,1204.47,0
14887.5,7,222,3,7,0,0,0,0,0,570.01,0
677.31,4,467,2,8,1,0,0,0,0,523.42,0
17134.27,19,30,3,17,3,1,0,0,2,867.22,0
3719.07,20,376,3,22,0,0,0,0,0,871.66,0
2259.95,21,928,2,13,0,0,0,0,0,3467.99,0
1906.64,21,130,1,3,1,0,0,0,0,162.65,0
1979.69,4,315,1,5,0,0,0,0,2,2011.25,0
60.85,10,1028,0,0,2,0,0,0,0,2801.95,0
721.75,11,463,2,5,1,0,0,0,2,2147.87,0
3896.12,21,23,0,0,0,1,1,0,0,906.77,0
1019.08,8,173,2,7,1,0,1,0,0,163.8,0
133.25,20,32,1,2,0,0,0,0,0,190.89,0
1013.73,12,721,1,2,0,0,0,0,1,182.62,0
14131.45,21,354,2,4,2,0,0,0,1,298.59,0
7117.68,19,1143,2,14,0,0,1,0,0,1780.39,0
999.24,2,7,1,3,0,0,0,0,0,2036.75,0
4569.57,12,200,1,4,0,0,1,0,0,1436.42,0
632.85,21,40,2,7,0,0,0,0,0,2260.41,0
85.13,10,157,3,8,0,0,0,0,0,943.98,0
274.05,10,64,0,0,0,0,1,0,1,585.2,0
11433.85,20,145,0,0,2,0,0,0,1,558.5,0
727.06,19,624,3,19,0,0,0,0,3,926.19,0
761.22,20,63,3,22,0,0,0,0,1,170.41,0
699.41,6,234,0,0,0,0,1,0,1,813.33,0
19076.35,16,929,1,6,2,0,0,0,0,165.85,0
12568.37,15,2448,3,13,0,0,0,0,1,885.61,0
30582.11,13,105,1,4,0,0,1,1,1,285.75,0
863.88,0,1000,2,9,0,0,0,0,0,881.92,0
1708.61,10,110,2,13,5,0,0,0,0,2302.84,0
112.73,12,194,0,0,2,0,0,0,0,359.53,0
10050.74,0,767,0,0,1,0,0,0,0,1255.85,0
190.25,1,563,2,14,1,1,0,0,0,663.43,0
1518.02,8,711,2,11,0,0,0,0,0,1514.69,0
211.46,12,587,1,7,2,1,0,0,0,526.29,0
453.37,4,97,2,10,0,0,0,0,0,1338.97,0
312.34,8,298,1,6,3,0,0,0,0,1437.37,0
440.62,12,177,0,0,0,0,0,0,2,828.93,0
488.49,4,224,0,0,0,0,0,0,0,21.26,0
481.83,14,61,1,3,0,0,0,0,0,1161.8,0
3827.63,6,138,1,2,2,0,0,0,1,509.8,1
209.08,13,711,1,5,3,0,0,0,1,410.72,0
1526.62,15,831,1,4,0,0,0,0,2,168.84,0
6815.39,5,343,1,6,0,1,0,0,2,131.0,0
507.86,1,251,2,5,5,0,0,0,0,1046.16,1
373.58,15,455,1,7,1,0,1,0,1,306.58,0
776.05,18,342,0,0,0,1,0,0,0,167.33,1
6435.52,4,1501,1,2,1,0,0,0,0,494.63,0
1467.27,3,76,1,5,3,0,1,0,0,839.35,1
494.32,13,217,0,0,0,1,0,0,1,889.24,0
2266.1,5,913,0,0,2,1,0,0,0,719.95,0
209.89,7,898,2,14,1,0,0,0,0,355.62,0
3047.39,23,249,1,7,1,0,0,0,0,4962.15,0
2024.16,2,52,2,4,0,0,1,0,0,279.87,0
691.1,3,615,0,0,3,0,0,0,0,766.96,0
311.72,0,321,2,12,2,0,0,0,0,244.38,0
290.03,1,541,0,0,1,0,0,0,0,539.54,0
2446.04,12,226,3,18,0,0,0,0,0,256.66,0
6929.0,8,83,1,5,0,0,0,0,2,159.1,0
421.59,11,8,1,7,0,0,0,0,2,574.77,0
2181.09,9,298,2,13,0,0,0,1,1,2401.83,0
47.92,9,64,1,4,0,1,0,0,0,1502.12,0
456.26,17,75,2,11,1,0,0,0,1,167.75,0
1046.71,11,209,1,2,3,0,0,0,1,226.71,1
280.19,21,212,2,15,5,0,0,0,0,2808.55,0
269.14,15,117,2,8,1,0,0,0,1,1907.43,0
402.76,22,51,1,5,5,1,0,1,0,450.78,0
1699.84,5,1058,0,0,1,0,0,0,0,3374.55,0
827.99,23,51,1,2,1,0,0,1,0,618.8,0
38.19,23,157,1,3,1,0,0,0,1,554.83,0
45.56,20,132,0,0,0,0,0,0,1,223.93,0
441.29,23,734,2,14,1,0,0,0,0,235.39,0
2178.8,9,192,2,13,1,0,0,0,1,1465.14,0
17.79,14,48,4,21,5,0,0,0,2,116.01,0
518.22,8,3,2,6,0,0,0,0,0,1330.67,0
498.01,23,467,3,23,3,1,0,0,0,945.26,0
8800.0,1,457,1,4,3,0,0,0,1,1102.0,1
615.52,17,197,1,2,0,0,0,0,0,172.68,0
1947.85,11,49,1,2,2,0,0,0,2,230.58,0
1355.45,2,169,0,0,2,0,0,0,2,402.83,0
44.89,6,325,1,6,0,0,0,0,2,218.86,0
3471.39,8,444,4,13,1,0,0,0,0,3519.5,0
1514.88,7,29,1,2,3,0,0,0,1,548.6,0
2350.55,5,296,3,23,2,0,0,0,0,353.54,0
396074.09,0,117,1,3,0,0,0,0,1,1875.94,0
48.13,13,350,2,9,0,0,0,0,1,2018.83,0
14574.74,15,381,2,11,0,0,0,0,0,72.59,0
712.53,15,881,0,0,3,1,0,0,1,101.22,0
1687.48,3,192,1,4,0,0,0,0,1,424.69,0
1024.27,5,281,0,0,0,0,1,0,0,169.63,0
580.36,14,113,0,0,0,1,0,0,0,615.53,0
466.5,21,123,2,8,2,0,0,0,0,2438.09,0
1797.7,7,17,1,6,2,0,0,0,0,1204.94,0
112.64,0,122,1,7,0,0,0,0,0,1208.78,0
3380.8,12,24,1,2,5,0,0,1,0,4173.05,0
587.4,17,1212,4,22,0,1,0,0,0,363.05,0
201.32,17,357,0,0,0,0,0,0,0,300.18,0
558.35,12,69,2,10,3,0,1,0,0,548.39,0
7228.04,21,45,1,4,1,1,0,0,2,504.07,0
491.27,13,168,1,5,1,0,0,1,0,851.45,0
1877.47,10,134,1,5,5,0,0,0,1,224.05,0
366.34,6,119,0,0,0,0,0,0,0,1146.9,0
3418.25,17,230,3,9,0,0,0,0,0,227.14,0
3066.41,20,890,0,0,1,0,0,0,0,1379.52,0
17551.83,21,306,2,15,0,1,0,0,0,621.92,0
842.74,3,268,2,12,0,0,0,0,1,2285.1,0
2989.86,16,599,2,6,0,0,0,1,0,1091.18,1
1270.42,18,1,2,8,1,0,0,0,1,288.01,0
7660.31,13,80,2,8,1,0,0,0,1,1511.55,0
373.06,9,250,3,19,1,1,0,1,0,195.0,0
3352.66,5,445,3,23,0,0,0,0,0,306.8,0
818.89,17,242,1,4,5,0,0,0,1,597.68,0
995.97,3,65,0,0,2,1,0,0,0,5880.22,0
1258.44,10,970,5,38,5,0,0,0,1,545.62,0
1600.96,12,145,2,13,5,0,0,0,0,1016.89,0
921.18,7,566,0,0,0,0,1,1,0,436.23,0
1513.33,9,810,0,0,2,0,0,0,0,873.88,0
11698.05,22,155,0,0,1,1,0,0,0,693.07,0
4808.66,10,681,3,10,0,0,0,0,0,86.34,0
4038.92,2,452,1,2,1,0,0,0,0,1433.6,0
553.74,14,856,1,2,0,0,0,0,1,320.35,0
288.92,7,105,2,15,0,0,0,0,0,1223.89,0
4596.04,19,977,2,6,1,1,0,0,0,1007.67,0
4080.89,17,24,2,11,0,0,0,0,0,106.36,0
9986.67,20,576,1,7,0,0,0,0,1,4616.69,0
443.2,0,208,1,2,2,0,0,0,0,977.29,0
777.18,23,71,2,13,2,0,0,1,0,381.4,0
93.76,7,30,3,16,0,0,0,0,2,434.22,0
608.68,2,180,5,19,0,0,0,0,0,717.74,0
4889.55,0,180,0,0,1,0,0,0,0,436.87,0
544.71,19,95,2,4,0,0,1,0,0,384.55,0
2866.13,15,88,1,3,0,0,0,0,2,1076.22,0
824.06,8,186,2,9,0,0,0,0,0,1243.88,0
1783.06,16,192,2,12,0,0,0,0,1,288.68,0
196.07,15,213,2,7,2,1,1,0,1,112.63,1
1246.15,22,741,5,27,0,0,0,0,2,672.12,0
12.35,5,344,3,19,5,0,0,0,1,2142.21,0
828.53,22,7,1,6,0,0,0,0,0,963.34,0
95.04,6,267,2,11,0,0,0,0,0,2018.97,0
6694.17,23,524,2,10,5,0,0,0,0,74.43,0
3519.63,15,21,3,18,0,0,0,0,0,339.01,0
2208.36,7,200,2,8,3,1,0,0,0,251.21,0
10737.63,9,219,1,4,0,0,0,0,1,224.9,0
264.18,13,1124,1,7,0,1,0,0,1,191.68,0
15078.8,10,235,1,6,0,0,0,0,1,247.12,0
4439.46,1,505,0,0,0,0,0,0,1,834.01,0
769.06,11,131,2,10,1,0,0,0,1,1102.86,0
6023.54,19,551,3,7,0,0,0,0,2,165.89,0
208.63,19,142,2,11,0,0,0,0,1,4742.7,0
318.37,12,205,2,14,2,0,1,0,0,1695.44,0
440.15,14,238,2,10,0,1,0,0,0,3012.83,0
495.98,11,952,1,3,1,0,0,0,1,384.21,0
224.79,12,20,2,9,0,1,0,0,1,273.44,0
6867.98,7,80,3,11,0,0,0,1,1,612.59,1
743.76,15,446,0,0,3,0,0,0,0,547.17,0
1860.79,2,314,0,0,0,0,0,0,0,744.41,0
466.13,12,105,4,16,0,0,0,1,1,879.33,0
71.46,11,124,2,13,0,0,0,0,0,2037.1,0
1644.33,18,167,0,0,0,0,0,0,0,1034.88,0
62.28,1,218,2,9,3,0,0,0,0,656.41,0
989.35,0,621,0,0,2,0,0,0,2,1869.65,0
140.83,7,5,0,0,1,0,0,0,3,1454.73,0
21610.06,8,833,1,4,3,0,0,0,2,1159.03,0
4302.9,7,194,2,15,2,0,0,0,0,285.67,0
1285.15,20,95,3,10,3,0,0,0,0,377.17,0
7299.49,16,259,4,30,0,0,0,0,1,202.8,0
308.13,8,393,0,0,1,0,0,0,1,124.01,0
2478.03,5,16,3,9,3,0,0,0,1,647.16,1
1479.88,14,459,0,0,3,0,0,0,0,677.81,0
1629.5,22,522,0,0,2,0,1,0,0,264.08,0
7394.78,23,66,1,3,0,0,0,0,0,238.7,0
3290.31,12,67,0,0,0,0,0,0,0,507.52,0
1691.02,20,83,2,10,2,1,0,0,0,862.79,0
91.62,21,581,1,3,0,0,0,1,1,571.43,0
259.8,11,115,2,7,0,1,0,0,0,1118.11,0
912.27,12,580,0,0,5,0,0,0,0,329.94,0
1261.5,6,283,1,3,0,0,0,0,0,752.1,0
201.28,22,531,2,6,0,0,0,0,0,2329.49,0
40843.99,17,294,2,13,0,0,0,0,0,3841.83,0
10663.6,13,149,0,0,1,1,0,0,1,382.27,0
2705.87,10,881,1,4,1,0,0,0,0,782.27,0
1221.77,13,458,1,3,1,1,0,0,1,698.25,0
797.66,16,241,1,5,5,0,0,0,0,1057.57,0
262.99,23,370,0,0,2,0,0,0,0,807.68,0
1231.79,20,349,2,9,1,0,0,0,1,4437.88,0
1614.25,1,161,0,0,5,0,0,0,0,328.65,0
170.27,18,201,2,14,1,0,0,0,0,1210.66,0
1810.33,15,139,2,12,0,0,0,0,0,2208.81,0
868.8,21,2787,1,4,0,0,1,0,0,2802.69,0
62.7,9,316,4,22,1,0,0,0,2,2284.99,0
301.7,21,35,2,6,1,0,0,0,1,2426.27,0
589.69,7,267,1,2,1,0,0,1,0,733.5,0
18611.44,20,18,0,0,0,0,0,0,1,442.13,0
2527.11,4,124,4,27,0,1,0,0,0,849.95,0
147.94,6,215,2,11,2,0,0,0,1,2076.62,0
2273.45,12,278,0,0,0,0,0,0,1,87.23,0
107.67,15,1364,2,13,0,0,0,0,1,553.81,0
5563.8,4,1470,4,28,0,0,0,0,0,304.96,0
540.94,15,37,0,0,3,0,0,0,1,211.79,0
952.93,14,281,3,20,0,0,0,0,1,416.01,0
8011.99,8,620,1,7,0,0,0,0,0,838.8,0
159.06,21,99,1,5,1,0,0,1,0,904.59,0
134.87,22,506,3,18,2,0,0,0,1,1294.26,0
456.96,11,769,2,7,0,0,0,0,1,1924.72,0
5206.01,7,396,3,21,0,0,0,0,1,4027.95,0
112.28,12,144,1,7,1,0,0,0,0,523.8,0
15.67,4,936,1,2,0,1,0,1,0,1323.51,0
557.39,13,784,3,12,0,1,0,0,0,1429.55,0
2508.93,15,459,1,3,0,0,0,0,0,200.94,0
6636.85,10,164,3,8,2,0,0,0,1,1685.41,0
547.44,19,572,0,0,0,0,0,0,0,643.85,0
591.62,11,138,1,5,3,1,0,0,1,795.81,0
6191.0,14,106,0,0,0,0,0,0,0,378.75,0
66.38,23,264,2,7,1,0,0,0,1,426.66,0
612.3,11,2137,4,10,0,0,1,0,1,1181.35,0
1459.19,8,595,2,8,0,0,0,0,0,881.85,0
2151.3,0,477,1,4,0,0,0,0,2,2333.14,0
510.45,2,219,1,4,2,0,0,0,0,608.26,0
1154.78,11,136,2,12,3,1,0,0,0,1464.04,0
26.25,19,707,2,7,0,0,0,0,1,1614.22,0
408.56,12,306,0,0,5,0,0,0,0,280.8,0
2165.19,22,612,1,7,5,1,0,0,0,216.12,1
251.28,5,244,1,5,0,1,0,0,0,340.62,0
1198.08,9,511,1,4,3,0,0,0,0,1538.32,0
2143.74,9,738,1,3,0,0,0,0,0,1148.44,0
656.01,15,181,0,0,0,0,0,0,0,586.42,0
1416.15,0,4,0,0,0,0,0,0,1,880.35,0
258.76,15,107,1,3,0,0,0,0,0,174.0,0
804.39,3,899,0,0,2,0,1,0,0,583.21,0
2738.93,5,424,0,0,0,0,0,0,1,1505.67,0
1387.78,18,487,4,12,5,0,0,0,0,756.05,0
454.96,1,143,1,6,0,1,0,1,0,445.5,0
1535.06,17,441,1,5,0,1,0,0,0,893.69,0
3203.23,9,379,1,7,0,0,0,0,1,305.16,0
50.66,3,71,0,0,0,0,0,0,0,471.23,0
6239.22,0,1264,0,0,3,0,0,0,0,776.75,1
662.23,14,159,0,0,0,0,0,0,1,351.18,0
2076.08,9,145,1,5,5,0,0,0,0,285.38,1
6606.9,17,168,1,4,0,0,0,0,2,1728.51,0
140.12,15,35,0,0,3,0,1,0,1,526.43,0
378.36,12,357,1,6,0,0,1,0,2,176.1,0
711.36,14,99,4,12,5,0,0,1,2,473.74,0
338.45,1,593,0,0,0,0,0,0,1,1143.23,0
14800.33,19,182,3,20,1,0,0,0,0,97.43,0
303.34,3,223,1,4,0,1,0,0,0,737.21,0
476.6,0,379,2,13,3,0,0,1,0,289.44,0
1490.08,6,523,0,0,1,1,0,0,1,773.12,0
180.69,22,95,1,7,2,0,0,0,0,303.8,0
605.76,10,1237,2,10,0,1,0,0,0,665.23,0
1765.48,9,355,2,10,0,1,0,0,0,1272.9,0
665.61,0,2,1,2,3,0,0,0,0,834.51,0
953.29,10,196,0,0,0,0,1,0,0,123.58,0
495.72,23,209,0,0,0,0,0,0,1,1430.24,0
113.1,9,604,2,13,3,0,0,0,0,1154.27,0
1776.48,13,132,3,6,5,0,0,0,0,453.3,0
15250.99,13,146,2,10,2,1,0,1,1,105.26,1
1127.32,6,26,3,12,0,0,0,0,1,325.51,0
1537.47,22,121,0,0,0,0,0,0,0,1188.55,0
3099.77,10,460,1,5,0,0,0,1,1,444.51,0
163.37,21,367,1,3,0,0,1,0,1,567.24,0
14097.77,3,30,0,0,1,0,0,0,3,724.51,0
1485.48,23,44,3,22,1,0,0,0,0,1989.32,0
12680.05,1,172,1,2,1,0,0,0,0,399.59,0
365.2,6,496,1,4,2,0,0,0,0,1799.85,0
16765.74,18,653,1,5,0,0,0,0,2,1117.69,0
3507.76,13,5,1,4,1,0,0,0,0,2823.45,0
2513.82,18,145,0,0,0,1,0,1,0,215.12,0
1557.81,6,201,0,0,0,0,0,0,0,676.19,0
755.37,11,883,4,29,1,1,0,0,0,3375.75,0
6639.54,2,254,0,0,0,0,0,0,1,849.82,0
1353.62,14,114,3,15,0,0,1,0,0,579.99,0
57.36,4,180,2,9,0,1,0,1,0,352.22,0
205.25,7,209,1,4,0,0,0,0,0,1412.41,0
829.84,13,404,0,0,0,0,0,0,1,944.01,0
1745.85,3,15,1,5,0,0,0,0,1,380.83,0
1007.39,6,180,0,0,3,0,0,0,1,1796.32,0
6825.74,6,379,1,4,3,0,0,0,1,3764.06,0
58.75,17,121,1,2,2,0,0,1,0,593.29,0
1360.19,13,326,0,0,0,0,0,0,0,924.04,0
71.74,7,161,3,19,0,0,0,0,2,513.83,0
3427.44,11,518,2,9,0,0,0,0,0,477.48,0
951.76,9,22,3,19,0,0,0,0,0,1051.43,0
2057.85,13,912,1,3,1,0,0,0,0,851.62,0
300.12,8,68,1,6,0,0,0,0,0,289.06,0
7474.09,5,63,1,3,1,1,1,0,1,1032.81,1
5232.2,4,670,0,0,0,0,0,0,0,239.16,0
2631.52,0,742,3,7,0,0,0,0,0,2105.23,0
903.0,0,35,3,12,0,1,0,0,1,3540.26,0
2617.01,19,873,0,0,0,0,0,0,0,203.86,0
379.81,16,116,0,0,0,0,0,1,0,1114.03,0
3957.36,10,351,1,4,0,0,1,0,0,613.06,0
13019.73,11,25,1,2,1,0,0,0,0,823.2,0
5463.89,2,174,1,5,3,0,0,0,0,2765.18,1
367.09,5,218,0,0,0,0,0,1,0,102.76,0
1885.84,10,334,1,6,1,0,0,0,0,318.15,0
157.64,12,271,1,7,0,0,0,0,1,2154.19,0
2587.86,10,225,1,6,0,0,0,0,0,169.76,0
2155.77,7,1171,2,15,0,0,0,0,0,435.33,0
66.37,9,74,2,14,0,0,0,0,0,1051.05,0
191.97,1,62,2,14,0,0,1,0,0,539.33,0
717.15,23,456,4,13,0,0,0,0,2,1041.34,0
698.34,13,28,2,6,2,0,0,0,0,1802.28,0
178.71,15,240,0,0,0,0,0,0,0,1459.25,0
1965.43,16,241,1,4,1,0,0,0,0,446.02,0
1599.12,10,135,2,15,3,0,0,1,1,2161.07,0
819.42,1,972,0,0,2,0,0,0,1,3721.52,0
352.95,23,121,1,7,0,0,0,0,0,276.49,0
5287.29,22,124,1,3,0,0,1,0,1,310.88,0
13135.98,4,97,1,2,0,0,0,0,1,1223.98,0
530.94,15,57,3,18,0,0,0,0,0,1818.79,0
437.79,15,165,3,13,0,0,0,0,0,1133.69,0
2291.16,1,416,1,7,0,0,0,0,0,684.92,0
640.95,15,494,0,0,1,0,1,0,1,894.4,0
889.72,4,612,3,22,3,0,0,0,0,852.86,0
3325.85,7,80,1,5,2,0,0,0,1,696.18,0
62.55,19,13,2,10,1,0,0,0,0,479.1,0
7922.43,13,1341,1,7,0,0,0,0,0,1904.32,0
1222.95,9,5,0,0,5,0,1,0,1,730.11,0
591.56,22,1181,5,37,0,1,0,0,0,607.43,0
959.25,1,644,0,0,0,0,1,0,0,709.81,0
1036.54,2,887,0,0,0,0,0,0,1,459.53,0
81.71,17,178,3,21,0,0,0,0,3,348.49,0
10325.87,20,80,1,3,2,0,0,0,0,391.3,0
1166.76,1,340,0,0,0,0,0,0,2,1563.24,0
2131.33,20,493,3,6,3,0,0,0,0,730.61,0
4570.26,8,51,1,3,0,0,0,1,0,1483.52,0
237.05,1,583,0,0,0,0,0,0,2,1971.66,0
2231.01,6,85,1,6,3,1,0,0,1,288.73,1
734.02,6,246,0,0,0,0,0,0,0,538.95,0
3905.56,13,708,2,9,0,0,0,0,0,2988.24,0
45.11,4,78,1,6,0,0,0,0,1,734.26,0
945.16,7,101,2,9,2,0,0,0,1,985.09,0
443.98,22,23,2,9,0,0,0,0,0,506.06,0
2097.28,21,57,1,5,0,1,0,0,1,3550.22,0
2219.56,17,57,0,0,1,1,0,0,1,425.58,0
379.39,5,83,1,7,5,0,0,0,2,485.88,1
376.81,13,123,3,19,0,0,0,0,3,852.57,0
928.9,17,615,0,0,3,0,1,0,1,780.34,0
285.73,16,903,2,10,0,0,0,0,0,425.78,0
3877.61,8,190,1,3,0,0,0,0,0,1826.47,0
630.3,12,50,4,14,5,0,0,0,1,1791.66,0
14.01,15,92,0,0,2,0,0,0,1,338.85,0
625.01,20,486,0,0,0,0,0,0,1,416.71,0
230.95,9,412,1,5,0,0,0,0,0,458.4,0
94.92,9,1247,1,3,3,0,0,0,1,359.29,0
171.38,3,5,3,23,3,0,0,0,1,1580.72,0
1292.21,11,507,0,0,5,0,0,0,0,549.74,0
8046.25,7,257,1,7,3,0,0,0,0,703.53,0
1754.21,14,850,3,9,0,1,0,0,0,481.76,0
441.53,20,313,1,4,0,0,0,0,2,1332.46,0
2172.98,22,216,1,4,0,0,0,0,0,28.06,0
550.8,18,400,1,5,2,0,0,0,0,10862.09,0
386.87,14,654,2,10,0,0,0,0,1,797.08,0
194.12,7,121,0,0,3,0,0,0,0,722.15,0
79.22,7,41,3,6,1,0,0,0,1,147.93,0
611.01,18,207,2,12,0,0,0,0,3,4234.51,0
1390.03,8,88,2,10,2,0,0,0,0,229.97,1
948.67,23,204,2,8,0,0,0,0,1,4813.27,0
587.6,16,1721,2,7,0,0,0,0,3,473.49,0
265.44,7,311,0,0,2,0,0,0,0,1494.39,0
2730.85,11,431,1,6,0,0,0,0,1,267.6,0
152.06,14,413,0,0,0,0,0,0,0,3156.72,0
3512.35,3,627,1,3,0,0,1,0,0,314.7,0
243.88,5,1052,3,21,0,0,0,1,0,357.06,0
354.73,15,392,4,31,0,0,0,0,0,291.11,0
121.49,4,235,2,11,0,0,0,0,1,1433.13,0
516.92,22,139,2,4,0,0,0,0,0,419.91,0
4736.1,12,163,2,12,2,0,0,0,1,1504.43,0
2376.64,14,148,2,10,0,0,0,0,0,325.79,0
4758.24,16,143,2,12,1,0,0,0,0,1463.92,0
2399.98,21,432,2,6,0,0,0,0,1,1203.11,0
209.45,19,323,3,16,3,0,0,0,1,691.92,0
667.68,21,82,2,10,0,0,0,0,2,2367.97,0
340.26,4,1275,1,5,0,0,0,0,1,1216.73,0
8069.63,18,203,2,12,0,0,0,0,0,396.13,0
182.15,6,304,1,5,0,0,0,0,1,3027.0,0
4190.38,2,442,1,3,2,0,0,0,1,2095.31,0
4185.71,12,347,0,0,0,0,0,0,0,1391.48,0
17058.95,13,135,0,0,0,0,0,0,0,569.14,0
593.16,15,583,0,0,0,0,0,0,0,588.96,0
3192.26,12,42,3,13,1,1,0,1,1,171.82,0
33606.6,1,307,1,4,5,0,0,0,0,179.76,0
434.21,13,116,1,5,2,0,0,0,0,1687.31,0
109.67,19,349,2,7,3,0,0,0,0,201.88,0
65.36,6,89,1,7,1,1,0,0,1,523.67,0
3194.12,4,539,1,5,3,0,0,0,0,1609.08,0
65.06,13,94,2,11,0,0,0,0,1,133.32,0
627.36,8,806,0,0,0,0,0,0,0,759.96,0
2113.22,9,721,1,5,0,0,0,0,1,1134.18,0
1447.75,6,164,3,11,0,0,0,0,0,497.35,0
2075.94,13,177,4,18,2,0,1,0,3,254.83,0
1530.63,13,441,0,0,1,0,0,1,1,272.44,0
7467.37,1,34,2,9,5,0,0,0,1,1481.97,1
262.83,16,30,4,27,0,1,0,0,1,370.14,0
397.23,19,53,4,10,0,0,0,0,0,249.79,0
344.13,3,301,2,6,0,0,0,0,0,645.98,0
3809.63,12,58,3,8,0,0,0,0,0,454.45,0
4232.71,17,118,2,13,0,0,0,0,0,1696.53,0
2157.79,2,379,2,5,2,0,0,0,0,3045.82,0
6472.0,18,5,1,7,0,1,0,0,1,123.91,0
187.34,4,72,4,31,1,0,0,0,1,514.34,0
13370.9,0,970,2,15,0,0,0,0,2,2814.23,0
10773.64,8,397,0,0,0,0,0,0,0,278.56,0
3305.8,23,133,1,2,0,0,0,0,0,630.01,0
15878.14,7,16,0,0,3,0,0,0,0,3382.29,0
91.38,2,321,2,8,0,0,0,0,0,348.77,0
499.36,1,92,3,19,0,1,0,0,0,1229.7,0
363.96,0,1176,0,0,0,0,0,0,0,586.81,0
3236.41,11,423,0,0,3,1,0,0,0,1863.06,0
226.96,21,1333,1,7,0,0,0,0,0,1314.55,0
3416.06,12,689,1,4,0,0,0,0,0,342.36,0
8568.13,9,240,0,0,0,1,0,0,1,159.53,0
3111.33,16,404,1,5,0,0,0,0,0,387.82,0
1678.45,10,610,0,0,1,0,0,0,0,254.13,0
249.18,4,315,3,12,5,0,0,0,1,829.51,0
307.88,8,23,4,14,0,0,0,0,0,145.58,0
7146.86,12,232,3,21,5,0,1,0,0,200.45,0
3529.9,19,51,3,6,3,0,0,0,1,199.33,0
1034.29,22,457,0,0,1,1,0,1,0,80.07,0
585.89,10,416,2,5,5,0,0,0,0,391.38,0
52.52,22,1806,3,23,5,1,0,0,1,784.5,0
220.02,3,361,1,2,0,0,0,0,0,512.77,0
19285.88,20,587,1,2,0,1,0,0,0,26.72,0
160.66,10,114,2,6,0,0,0,0,0,2238.57,0
1457.12,8,151,3,11,5,0,0,0,0,295.94,0
4969.95,6,908,0,0,1,0,0,0,1,796.95,0
166.94,15,513,4,31,0,0,1,0,0,4087.99,0
1446.74,22,388,2,9,1,0,0,0,0,2964.97,0
4477.74,22,106,1,3,1,0,0,0,1,235.81,0
1117.39,4,437,2,13,0,0,0,0,0,537.42,0
81032.42,5,795,2,8,1,0,0,0,0,12703.92,0
89.76,18,95,0,0,0,0,0,0,0,200.96,0
5367.37,0,446,3,20,2,0,0,0,0,379.7,0
846.24,15,182,1,2,2,0,0,0,0,374.41,0
3490.78,17,46,1,3,3,1,0,1,0,57.47,1
2125.92,23,526,1,5,0,0,0,0,1,1175.06,0
365.13,12,66,2,5,0,0,0,0,1,715.05,0
1546.11,0,106,3,10,5,0,1,0,0,2219.79,0
67.57,9,557,3,13,1,0,0,0,1,335.7,0
2710.45,6,494,1,4,0,0,1,0,0,568.77,0
1715.12,4,107,1,7,0,0,0,1,0,1683.75,0
2858.32,12,1032,1,6,0,0,0,0,0,1499.8,0
5362.46,21,88,4,8,0,0,0,0,1,498.41,0
1903.46,15,1845,2,6,0,0,0,0,0,649.27,0
1369.41,23,488,4,22,1,0,0,0,1,251.87,0
292.48,19,181,1,6,1,0,0,0,1,2617.53,0
376.78,21,50,0,0,0,0,0,0,1,2083.33,0
6503.54,13,141,1,7,0,0,0,0,0,1704.36,0
9456.93,10,78,2,15,0,0,0,0,0,326.07,0
767.27,18,354,0,0,1,0,0,0,0,700.78,0
1174.98,22,161,3,16,2,1,0,0,0,877.44,0
282.33,1,127,0,0,3,0,0,0,3,512.9,0
6368.6,7,516,0,0,1,0,0,0,1,560.22,0
2975.37,12,95,0,0,5,0,0,0,0,392.01,1
20167.47,6,322,0,0,0,0,0,0,0,270.37,0
293.69,11,78,1,4,1,0,1,0,0,207.61,0
622.03,7,457,0,0,3,0,0,0,0,1929.39,0
1551.8,15,358,0,0,1,0,0,0,0,414.18,0
2892.09,17,584,2,15,5,0,0,0,2,664.47,0
793.54,18,25,2,10,2,0,0,0,0,759.63,0
296.06,3,86,2,7,2,0,0,0,0,1272.34,0
4113.84,11,61,1,7,0,0,0,0,1,3426.68,0
3234.74,15,77,0,0,1,0,0,0,0,906.97,0
277.44,20,39,2,7,1,0,0,0,0,761.15,0
8376.32,21,301,1,6,1,0,0,0,0,1144.74,0
6344.21,16,328,0,0,2,0,0,0,0,207.04,0
1341.37,3,676,0,0,0,0,0,0,0,1708.54,0
1235.7,19,197,2,15,0,0,0,0,0,1098.96,0
2517.66,23,277,0,0,1,0,0,0,0,1170.11,0
301.1,23,1731,1,4,1,0,0,0,0,404.9,0
1147.16,21,277,0,0,0,1,0,0,0,413.85,0
43.44,23,311,2,5,0,0,0,0,0,957.81,0
4083.39,8,2007,0,0,2,0,0,0,0,578.96,0
105.4,4,1875,2,14,0,0,0,0,0,1213.81,0
10458.08,16,201,1,5,0,0,0,0,0,751.64,0
668.36,16,367,1,7,0,0,0,0,0,707.88,0
798.31,1,239,1,4,1,0,0,0,0,294.03,0
427.69,1,465,1,6,1,1,0,0,0,35.64,0
711.9,20,1017,0,0,1,0,1,0,0,859.91,0
9207.72,22,135,0,0,1,0,0,0,0,656.1,0
26.27,6,623,1,5,0,0,0,0,2,854.65,0
7446.12,3,388,0,0,1,0,0,0,0,1329.67,0
1820.81,12,119,1,4,0,0,0,0,0,188.71,0
179.37,19,582,0,0,0,0,0,0,0,382.94,0
218.55,10,203,0,0,0,0,0,0,0,455.06,0
13556.07,2,46,2,10,0,0,0,0,1,3328.04,0
265.53,1,1833,1,3,0,1,0,1,0,1207.04,0
194.41,15,202,0,0,0,0,0,0,0,96.85,0
6038.87,2,284,1,6,0,0,0,0,0,393.13,0
1822.25,23,602,2,12,5,1,1,0,1,972.92,0
268.57,14,1182,0,0,1,0,0,0,2,429.51,0
1517.68,16,752,4,17,0,0,0,0,1,494.02,0
235.42,15,271,0,0,0,0,1,0,0,1065.68,0
5717.19,19,287,0,0,3,0,0,0,1,113.95,0
5388.68,6,120,0,0,2,0,0,0,1,345.62,0
2435.75,15,226,1,4,0,0,0,0,0,520.38,0
1886.52,4,1071,3,22,1,0,0,0,0,409.37,0
15394.76,1,473,3,16,0,1,0,0,1,264.74,0
1096.12,0,4,1,7,1,0,0,1,3,2189.74,0
186.27,21,45,3,23,0,0,0,1,0,427.61,0
2152.12,12,939,3,8,0,1,0,0,1,4903.64,0
25061.06,15,689,1,5,1,1,0,0,0,1191.68,0
239.33,4,243,1,7,0,0,0,0,0,107.4,0
637.66,2,350,1,7,1,0,1,1,0,1254.22,0
2048.1,14,124,0,0,0,0,0,0,1,164.01,0
1011.45,15,574,1,4,0,0,0,0,0,1701.21,0
251.27,10,337,1,3,5,0,0,0,0,480.29,0
5900.47,18,433,1,7,1,1,0,0,0,1351.09,0
35598.58,17,171,0,0,0,0,0,0,1,521.52,0
1471.73,20,205,1,3,3,0,0,0,0,159.62,0
282.56,8,84,1,4,0,0,0,0,0,144.32,0
107.4,7,1079,2,6,0,0,1,0,0,1107.57,0
1614.8,21,1069,1,7,1,0,0,1,0,150.78,0
5743.45,18,621,3,10,0,0,0,1,1,737.62,0
2236.69,21,1000,2,8,0,1,0,0,1,406.47,0
1092.69,4,399,1,3,5,0,0,0,1,4177.07,0
453.09,16,97,1,7,0,1,0,0,1,1155.61,0
213.1,4,521,1,4,0,0,0,0,1,88.36,0
3835.78,13,143,0,0,1,0,0,0,0,1060.4,0
4318.47,6,211,2,6,5,1,0,0,3,298.5,0
107.92,8,117,1,5,1,1,0,0,1,1288.5,0
11905.53,16,201,1,7,3,0,0,0,1,3832.95,0
2594.39,2,415,3,23,1,1,1,0,0,812.24,1
8949.85,7,42,1,7,0,0,0,0,1,241.77,0
146.47,21,40,4,17,0,0,0,0,0,83.43,0
141.35,12,420,2,14,1,0,0,0,0,586.42,0
877.03,15,551,3,13,1,1,0,0,0,1457.52,0
2331.29,20,292,1,5,0,0,0,0,1,1089.29,0
16228.78,9,73,1,5,1,0,0,0,0,648.54,0
3162.5,17,205,1,2,0,0,0,0,0,101.96,0
762.02,2,518,1,3,3,0,0,0,2,141.61,0
235.2,11,422,1,7,0,0,0,0,0,571.1,0
6939.61,15,42,3,22,0,0,0,1,1,710.53,0
258.0,17,1269,4,12,1,0,0,0,0,1327.4,0
12615.77,16,92,0,0,1,0,0,0,1,609.28,0
715.82,6,90,1,6,0,0,0,0,0,894.33,0
11918.81,18,224,3,9,0,0,0,1,0,1383.33,0
3036.31,22,144,3,21,1,0,0,0,1,1140.21,0
892.93,22,1509,0,0,0,0,1,0,0,36.92,0
503.16,7,29,2,13,0,1,0,0,2,288.9,0
657.63,16,133,1,7,0,0,0,0,3,343.49,0
2084.9,20,176,1,7,2,0,0,0,2,1069.4,0
1231.19,6,248,0,0,0,0,0,0,0,506.36,0
450.02,0,6,5,36,5,0,0,0,0,538.11,0
855.39,7,31,2,11,1,0,0,0,0,124.25,0
1233.81,18,108,1,2,0,0,0,0,1,1770.43,0
45.01,19,294,3,16,2,1,0,0,0,1597.97,0
2180.38,19,532,1,7,0,0,0,0,0,221.71,0
252.25,9,423,2,15,0,0,0,0,1,280.37,0
194.42,11,305,2,12,0,0,0,0,2,299.97,0
87.27,23,184,0,0,0,0,0,0,2,513.43,0
74.38,0,746,2,15,3,0,0,0,0,3646.47,0
143.57,23,224,0,0,0,0,0,0,1,930.46,0
378.6,20,129,1,2,1,0,1,0,0,512.29,0
20535.06,3,362,2,7,2,0,1,0,0,561.88,1
498.29,3,429,3,23,5,1,0,1,0,529.66,0
1431.71,8,185,2,6,0,0,0,0,0,1959.03,0
1999.64,14,10,0,0,1,0,0,0,0,1021.43,0
1334.88,23,36,5,15,0,0,0,0,1,295.2,0
976.36,14,681,1,4,5,1,0,1,0,899.7,0
182.56,6,21,0,0,5,1,0,0,0,354.81,0
9666.21,11,327,0,0,0,0,0,0,1,492.61,0
16494.71,2,74,4,10,3,0,0,0,0,535.76,0
87.88,19,94,2,12,5,0,0,0,0,666.59,0
236.03,8,116,1,5,1,0,0,0,0,592.0,0
720.74,13,14,0,0,0,0,0,0,2,993.6,0
258.06,12,71,1,7,0,0,0,0,0,1198.46,0
2342.44,23,383,4,19,0,0,0,0,0,341.31,0
367.82,11,252,1,6,5,0,0,0,1,422.9,0
28214.3,0,582,1,2,3,0,0,0,0,148.31,0
6540.85,18,23,2,8,0,0,0,0,0,2293.93,0
1508.48,15,802,1,3,0,0,0,0,0,387.15,0
5117.8,11,2053,2,8,0,0,1,0,0,2332.34,0
5760.91,9,5,0,0,3,0,0,1,0,1004.7,0
470.63,1,1252,1,3,0,0,0,0,2,4220.93,0
322.36,17,98,2,13,0,0,0,0,2,3117.06,0
1233.01,12,430,2,8,0,0,0,0,0,7896.81,0
3993.62,23,126,0,0,1,1,1,0,0,1300.86,0
1350.99,5,269,2,12,1,0,0,0,0,611.64,0
102.98,11,260,1,3,0,0,0,0,0,1771.75,0
328.9,21,163,2,11,1,0,1,0,1,1034.63,0
981.46,3,461,0,0,2,1,0,0,0,1253.05,0
978.97,0,334,2,13,0,1,0,0,0,260.55,0
21137.7,10,259,1,7,3,0,0,0,1,4708.25,0
137.14,22,1483,1,6,1,0,0,0,1,717.74,0
2341.12,7,1026,2,15,0,0,0,0,2,642.15,0
10236.04,1,1135,2,7,3,0,1,0,2,470.57,0
33096.23,1,777,3,13,0,0,0,0,3,839.53,0
597.89,15,107,2,9,3,0,1,0,0,487.56,0
2291.92,0,157,1,2,5,0,0,0,0,364.04,0
2577.67,3,95,3,20,0,0,0,0,1,415.75,1
1470.3,5,1562,0,0,1,0,0,0,1,205.82,0
945.52,20,60,1,4,3,0,0,0,1,344.04,0
2108.99,19,166,2,12,1,0,0,0,1,286.15,0
24.57,13,81,1,3,0,1,0,0,1,2565.07,0
3050.63,19,92,1,6,0,0,0,0,1,1241.33,0
1325.13,14,103,1,4,0,0,0,0,1,1150.95,0
785.47,6,372,1,2,0,0,1,0,1,3891.0,0
23630.49,6,28,1,3,1,0,0,0,0,2391.82,0
398.46,17,310,1,3,5,0,0,0,0,1645.52,0
599.07,22,624,2,6,5,1,0,0,1,173.73,0
21749.15,1,530,2,6,0,0,0,0,0,4482.23,0
314.79,19,59,2,15,1,0,1,1,1,714.11,0
480.5,14,898,4,20,2,0,0,1,1,2275.41,0
879.6,0,536,2,11,5,0,0,0,0,1940.98,0
3870.36,20,1,3,8,5,0,0,0,1,878.73,0
1497.73,16,488,2,4,5,0,0,0,0,1971.34,0
157.76,19,488,0,0,5,0,0,0,0,336.1,0
493.61,12,250,1,6,0,0,0,0,0,1999.98,0
440.97,11,17,0,0,3,0,0,0,0,348.13,0
976.69,23,316,1,2,0,0,0,0,0,1852.09,0
2077.18,21,529,0,0,0,0,0,0,0,1625.86,0
2053.52,14,115,2,5,0,0,0,0,1,480.18,0
76.4,23,401,0,0,1,1,0,0,0,1547.01,0
5409.5,4,159,4,31,0,0,0,0,1,275.3,1
1601.75,6,311,0,0,2,0,0,0,1,310.9,0
8749.9,7,177,0,0,5,0,0,0,0,303.46,0
2135.16,22,132,0,0,5,0,0,0,1,432.33,0
5721.49,13,707,1,4,0,0,0,1,0,732.15,0
2207.95,3,511,2,15,1,0,0,0,1,2411.14,0
8261.31,20,154,0,0,0,0,0,0,1,1500.42,0
2400.36,13,208,0,0,0,0,0,0,0,794.94,0
946.84,9,429,3,8,0,0,0,0,0,890.74,0
33145.16,21,608,2,8,1,0,0,0,0,420.22,0
4161.19,15,420,0,0,0,0,0,0,2,1204.4,0
2593.12,10,284,1,5,2,0,0,0,1,934.39,0
161.67,21,1126,6,13,1,0,0,0,0,576.3,0
158.78,13,543,0,0,2,0,0,0,2,3099.23,0
1701.17,13,44,1,2,3,0,0,1,1,1941.73,0
1364.14,1,298,1,2,1,0,0,0,0,1774.31,0
436.51,21,192,0,0,0,1,0,0,0,1462.84,0
1354.89,12,578,0,0,3,0,0,0,0,514.58,0
11883.91,2,16,0,0,3,0,0,0,0,1171.72,0
3112.26,17,193,3,12,5,0,0,0,1,656.11,0
198.04,21,139,1,6,0,0,0,0,2,598.5,0
927.73,3,55,1,3,0,0,0,1,2,544.53,0
327.85,20,173,2,7,1,0,0,0,0,180.75,0
613.05,20,407,3,16,0,0,0,0,0,98.1,0
589.68,18,163,2,12,0,0,0,0,0,7817.88,0
535.68,15,316,1,3,0,0,0,0,3,4789.62,0
166.88,3,327,3,18,1,0,0,0,1,2416.24,0
905.53,18,322,1,7,2,0,0,0,1,242.87,0
473.0,22,275,1,4,0,0,0,0,0,213.79,0
13.54,14,45,0,0,0,0,0,1,0,992.01,0
23848.06,0,89,1,3,5,0,0,0,0,628.02,1
5614.76,15,587,1,4,5,0,0,0,2,212.14,0
623.62,14,254,2,10,0,0,0,0,1,931.14,0
1128.03,15,446,3,22,0,0,1,0,0,1095.41,0
189.15,21,307,4,14,0,0,0,0,0,273.01,0
13954.88,19,14,1,3,0,0,0,0,1,2116.1,0
18881.41,0,580,0,0,5,0,0,0,0,591.14,1
1387.2,16,24,1,5,0,0,0,0,1,437.02,0
5091.34,4,1046,1,6,3,0,0,0,0,648.4,0
1426.43,4,88,2,13,3,0,0,0,2,175.94,1
147.66,6,262,2,4,0,1,0,0,0,1492.25,0
591.27,12,23,4,19,0,0,0,0,1,1203.6,0
1336.61,11,822,2,5,0,0,0,0,0,208.23,1
554.56,3,1426,0,0,1,0,0,0,0,1147.04,0
789.99,3,57,2,15,0,0,0,0,0,278.35,0
956.14,22,127,3,7,3,0,0,0,0,213.6,1
971.35,20,5,1,3,0,1,0,1,0,697.6,0
1186.05,20,564,0,0,0,0,0,0,0,2030.26,0
223.43,5,136,1,2,0,0,0,0,1,75.24,0
374.08,23,324,1,2,2,0,0,0,0,399.34,0
159.67,14,14,0,0,0,0,0,0,0,12120.52,0
4753.91,20,458,1,6,1,0,0,0,1,298.35,0
46.6,18,275,0,0,1,0,0,0,1,2535.88,0
6188.11,5,471,2,13,0,0,0,0,1,202.79,0
8773.79,11,568,2,13,1,0,0,0,1,1053.25,0
696.96,13,34,0,0,0,0,0,0,0,533.45,0
22.09,17,314,0,0,0,0,0,0,0,850.14,0
637.81,11,383,1,4,0,0,1,0,0,280.83,0
995.98,23,265,2,12,0,0,0,0,0,329.55,0
240.83,23,73,4,22,5,0,0,0,1,1524.78,0
506.32,14,579,1,4,1,0,0,0,0,2060.47,0
10886.65,18,2180,4,28,0,1,0,0,2,400.48,1
2973.19,7,1271,2,13,3,0,0,0,1,860.97,0
274.01,8,548,1,3,0,0,0,0,0,4384.07,0
99.84,4,197,0,0,0,0,0,0,0,1252.59,0
671.47,4,150,4,15,3,0,0,0,0,2101.39,0
796.17,5,25,0,0,2,0,0,0,0,219.47,0
2308.37,22,196,1,3,1,0,0,0,1,124.3,0
491.29,2,61,1,7,3,0,1,1,0,259.19,0
2361.97,4,107,1,2,0,0,0,0,1,354.39,0
19984.88,0,811,4,19,0,0,0,0,1,1243.78,0
3726.6,10,1262,4,9,0,0,0,0,0,551.29,0
1020.32,20,1083,2,10,1,0,1,0,0,1438.95,0
833.2,19,78,2,9,0,0,0,0,1,902.04,0
642.26,0,843,1,6,2,0,0,0,0,618.89,0
6444.36,6,55,0,0,0,0,0,0,1,1231.81,0
427.96,14,258,1,7,0,0,0,0,0,321.96,0
1173.6,16,376,0,0,1,0,0,0,0,318.82,0
1184.17,7,226,0,0,1,0,0,0,0,1055.26,0
516.63,1,1107,0,0,2,1,0,0,0,1362.15,0
139.95,12,147,1,6,1,0,1,0,0,993.04,0
1780.17,11,273,3,16,0,0,0,0,0,942.68,0
1000.74,4,28,2,12,2,0,0,0,3,437.93,1
2322.41,12,697,0,0,0,0,0,0,1,3165.88,0
492.55,5,194,1,2,3,0,0,0,2,252.78,0
6844.71,14,440,0,0,1,0,0,0,1,279.31,0
294.37,22,418,3,9,0,0,0,0,3,554.26,0
14300.65,21,411,0,0,0,0,0,0,2,542.69,0
79.72,20,258,2,7,0,0,0,1,1,112.68,0
2105.18,21,118,2,15,0,0,0,0,0,211.47,0
2237.57,10,358,0,0,5,0,0,0,1,1391.5,0
332.51,3,1191,2,5,1,1,0,1,0,3948.99,0
2072.67,0,655,0,0,0,0,0,0,0,726.13,0
7474.69,14,42,1,4,0,0,0,0,0,338.5,0
39.44,11,8,3,12,2,0,0,0,1,1373.13,0
2331.15,8,252,1,7,2,1,0,0,1,765.4,0
26.05,10,545,4,23,3,0,0,0,0,359.35,0
257.62,4,137,2,10,0,0,0,1,1,2321.15,0
12628.98,23,440,2,7,0,0,0,0,0,557.46,0
458.21,6,980,1,3,0,0,0,0,2,2234.94,0
188.52,7,224,2,10,1,0,0,0,1,6360.36,0
814.92,0,102,3,15,3,0,0,0,0,1462.57,0
24388.32,0,911,2,7,1,1,0,0,0,170.79,1
70.28,2,233,1,3,0,0,0,0,0,542.16,0
226.57,7,191,0,0,1,0,0,0,0,311.49,0
10364.56,10,159,2,12,0,0,0,0,0,659.61,0
17792.88,0,200,1,7,2,0,0,0,1,1227.57,0
939.04,13,408,2,10,0,0,0,1,0,936.56,0
170.96,0,207,3,23,3,0,0,0,0,1525.04,0
25432.04,5,143,0,0,0,0,0,0,1,1069.13,0
11988.03,20,496,3,15,1,0,0,0,0,926.23,0
3036.38,5,82,2,6,5,0,0,0,0,165.27,1
324.21,2,82,4,11,1,1,0,0,0,2988.03,0
1018.88,9,435,3,22,0,0,0,0,0,305.59,0
862.18,11,735,2,15,1,0,0,0,0,1173.89,0
1801.32,9,100,0,0,5,0,0,0,0,1623.73,0
9667.28,21,77,1,3,0,0,0,0,0,322.01,0
4101.57,1,405,1,7,3,0,0,0,0,334.3,1
217.88,23,353,0,0,1,0,0,0,1,284.99,0
8645.07,21,216,3,9,2,0,0,0,1,797.69,0
1754.08,12,36,4,15,0,0,0,0,0,339.47,0
3073.58,15,35,2,4,2,0,0,1,0,167.02,1
9895.26,12,548,2,10,0,0,0,0,0,405.49,0
206.98,3,219,0,0,2,0,0,0,0,8002.21,0
1039.26,3,712,0,0,0,0,0,0,0,3581.63,0
494.14,10,312,1,4,0,0,0,0,1,598.57,0
104.4,22,351,4,30,5,0,0,0,0,2202.34,0
1844.69,13,993,4,23,0,0,0,1,3,247.45,1
47445.4,2,65,0,0,0,0,0,0,0,4363.1,0
69.4,18,285,3,21,0,0,0,1,0,228.77,0
1044.8,21,21,1,7,0,1,1,0,0,1675.87,0
2866.41,0,162,2,4,1,0,1,0,0,450.62,0
1318.98,4,58,1,3,0,0,0,0,0,158.16,0
925.48,16,75,3,13,0,0,0,0,0,152.29,0
156.21,0,996,0,0,0,0,0,0,1,530.32,0
1554.92,18,344,2,11,0,0,0,1,1,469.9,0
352.43,18,812,1,3,5,0,0,0,0,1522.3,0
41.06,3,213,2,6,0,0,0,0,0,552.6,0
6580.65,18,332,2,9,1,0,0,0,0,1967.52,0
4617.36,5,11,3,10,2,1,0,0,0,1797.73,1
1184.99,14,231,0,0,0,0,0,0,1,446.74,0
1546.29,3,303,3,23,0,1,0,0,4,4634.59,0
5494.36,23,6,2,5,0,0,0,0,0,351.3,0
1535.34,0,568,3,18,0,0,0,0,1,909.07,0
4255.75,23,127,1,3,0,1,0,0,0,605.66,0
701.89,16,219,1,6,0,1,0,0,0,242.29,0
7847.7,10,279,0,0,0,0,0,0,1,316.19,0
1774.33,16,1771,1,2,0,0,0,0,0,354.54,0
1467.15,22,38,0,0,0,1,0,0,0,402.16,0
163.19,0,295,0,0,2,0,1,0,0,3781.98,0
1686.54,8,276,2,6,0,0,0,0,1,947.55,0
314.84,13,26,1,2,0,0,0,0,1,9806.99,0
420.98,14,366,1,5,1,1,0,0,0,623.5,0
322.77,23,123,1,5,0,0,0,0,0,203.76,0
221.55,0,39,2,14,1,0,0,0,1,216.61,0
26559.88,1,71,0,0,2,0,1,0,0,727.91,0
8078.88,17,633,3,13,0,0,0,0,0,2037.12,0
19546.49,17,40,2,12,5,0,0,0,0,2040.69,1
175.15,5,229,0,0,0,0,1,0,1,325.24,0
1220.33,19,79,0,0,2,0,0,0,0,317.43,0
157.55,7,64,1,5,1,1,0,0,2,666.36,0
386.24,0,84,1,2,0,0,0,0,0,2428.44,0
276.67,14,247,2,15,3,0,0,0,0,741.42,0
7040.09,9,99,1,5,0,0,1,0,1,1227.91,0
605.26,3,37,0,0,2,0,0,0,0,384.54,0
5445.63,9,590,2,6,3,0,0,0,3,357.47,0
2714.01,10,283,5,24,5,0,0,0,0,1488.38,0
34733.44,4,62,3,8,0,0,0,1,0,161.51,0
119.2,8,232,1,3,3,0,0,0,0,2327.66,0
7250.68,4,25,2,10,0,1,0,0,0,2567.28,0
6122.11,10,317,2,7,0,0,0,0,1,404.22,0
254.66,2,151,4,30,0,0,0,0,1,216.39,0
4967.64,3,39,2,15,0,0,0,0,1,954.82,0
1815.68,9,74,3,6,0,0,0,0,1,299.21,0
779.6,6,154,0,0,5,0,0,0,0,2031.7,0
318.65,0,599,2,5,5,0,0,0,1,540.86,0
372.91,5,69,1,5,1,0,0,0,0,953.12,0
23735.29,7,42,3,10,0,0,0,0,0,526.9,0
1097.76,16,264,1,7,1,0,0,0,0,1031.52,0
3544.65,23,298,2,14,3,0,0,0,0,360.76,0
334.84,6,34,2,11,1,0,1,0,0,1418.52,0
340.43,0,122,2,6,0,0,0,0,1,919.5,0
5557.91,8,111,0,0,5,1,0,0,1,217.53,1
144.84,10,75,1,5,3,0,0,0,2,282.0,1
588.27,18,138,4,22,0,0,0,0,0,254.71,0
1154.06,1,13,1,6,0,0,0,0,0,1008.22,0
1296.03,22,384,2,8,1,0,1,0,1,5574.59,0
838.29,10,1629,2,4,2,0,0,0,3,242.54,0
1985.71,2,366,1,4,0,0,0,0,0,365.64,1
3100.39,16,163,1,4,3,0,0,0,1,2984.42,0
3300.92,9,402,3,12,2,1,0,0,0,1631.54,0
249.96,2,309,2,13,1,0,0,0,2,2435.33,0
716.06,21,684,1,3,0,0,0,0,0,398.26,0
6582.33,2,354,2,8,0,0,0,0,1,2011.32,0
4196.35,20,366,0,0,1,1,0,0,0,6156.73,0
139.87,6,91,3,18,3,0,0,0,0,1575.94,0
1857.93,1,196,1,3,0,0,0,0,0,2158.85,0
56.41,0,154,0,0,2,0,0,0,0,110.46,0
1176.62,6,4,0,0,0,0,0,0,0,5176.54,0
18894.96,19,137,3,23,0,1,0,0,0,1383.65,0
264.58,10,242,1,4,1,0,0,0,0,1056.63,0
313.72,22,334,1,3,1,0,0,0,0,1119.3,0
3449.71,5,995,2,4,0,1,0,0,0,549.89,0
108.4,22,99,1,6,1,0,0,0,1,588.6,0
424.48,3,60,2,7,3,0,1,0,0,2033.57,0
2682.92,18,743,0,0,0,1,0,0,0,3463.1,0
423.51,20,1038,1,3,5,0,0,0,0,50.54,0
769.73,18,244,2,4,0,0,0,1,0,360.57,0
3348.54,13,44,1,4,0,0,0,0,0,1263.67,0
2063.83,2,242,1,7,2,0,0,0,0,1227.11,0
1636.36,3,42,0,0,1,0,0,0,1,321.79,0
659.39,7,783,1,2,1,0,0,0,1,1846.23,0
1910.45,17,449,2,6,0,1,1,0,1,147.86,1
910.87,3,100,2,12,3,0,0,0,1,205.4,0
2179.19,10,794,2,8,0,0,0,0,0,618.16,0
520.4,15,370,3,10,5,0,0,0,1,596.53,0
833.93,2,1118,2,8,0,1,0,0,0,975.32,0
248.41,6,1436,3,11,1,0,1,0,0,1138.37,0
1040.53,1,1,1,5,2,0,0,0,0,530.76,1
324.89,0,46,0,0,2,0,0,0,0,2177.54,0
206.22,0,288,3,15,0,0,0,0,0,419.24,0
1616.46,5,1138,1,3,0,0,0,0,1,1396.04,0
1508.86,18,1881,5,37,3,1,0,0,0,256.63,1
3548.61,6,305,2,9,5,0,0,0,1,249.77,1
574.39,23,69,2,5,0,0,0,0,1,595.48,0
2022.48,4,64,2,15,3,0,0,0,0,137.77,1
2505.38,20,526,0,0,2,0,0,1,0,491.01,0
2137.01,17,327,3,9,0,0,0,0,1,1664.94,0
317.83,23,290,2,13,0,1,0,0,1,347.44,0
1372.03,12,228,2,14,0,0,0,0,1,828.02,0
1893.55,0,471,1,4,0,0,0,0,2,2001.66,0
1108.51,9,712,4,11,5,0,0,0,1,969.59,0
47.96,8,131,2,13,3,1,0,0,1,1432.78,0
1395.12,16,91,1,2,0,0,0,0,0,1309.01,0
30296.78,0,404,1,5,0,0,0,1,0,425.58,0
639.02,0,898,1,4,1,0,0,0,0,567.78,0
367.93,6,156,2,11,0,0,0,0,1,244.42,0
1919.89,3,116,1,6,0,0,1,0,0,1603.39,0
1752.09,22,93,2,13,0,1,0,0,0,55.55,0
6562.34,20,107,0,0,1,1,0,0,0,385.16,0
166.2,11,52,3,17,2,0,0,0,0,951.1,0
3284.83,15,331,0,0,0,0,0,0,1,484.12,0
2658.81,13,120,2,7,5,1,0,0,0,3985.16,0
886.06,22,348,2,9,0,0,0,0,0,1503.62,0
1822.62,9,31,1,7,1,0,0,0,0,361.09,0
5136.8,13,44,0,0,0,0,0,1,1,2822.97,0
4058.11,6,280,1,6,1,0,0,1,0,662.56,0
197.45,3,261,4,9,0,0,0,0,0,1336.36,0
3752.72,1,115,2,9,2,0,0,0,1,408.87,0
995.22,23,640,1,3,1,0,0,0,0,1419.79,0
1223.3,17,75,1,7,5,0,0,0,1,2229.53,0
1223.9,15,163,0,0,1,0,0,0,0,2322.26,0
875.36,8,295,1,2,0,0,0,0,1,176.94,0
6552.23,4,736,2,8,1,1,0,0,1,545.86,1
967.22,8,197,0,0,0,0,0,0,0,890.59,0
204.52,7,185,3,19,0,1,0,1,2,268.68,0
607.71,23,316,0,0,3,0,0,0,0,504.46,0
1433.74,19,138,0,0,0,0,0,0,0,180.0,0
6931.44,15,450,2,4,2,0,1,0,1,3583.2,0
2709.83,19,104,1,5,0,0,0,0,1,571.86,0
306.19,17,632,1,5,1,0,0,0,0,755.71,0
45605.56,3,116,1,4,0,0,1,0,1,443.49,0
1631.35,15,1795,2,5,0,0,0,0,0,290.36,0
7428.55,3,138,2,7,3,0,0,0,0,2145.19,0
873.43,5,770,5,24,0,0,0,0,3,234.67,0
2440.7,2,184,2,15,0,0,0,0,1,1717.68,0
3863.01,17,103,1,4,1,0,0,0,0,77.91,0
6817.8,14,93,2,6,0,1,0,0,0,143.33,0
5356.43,7,692,1,2,0,0,1,0,3,902.16,0
4057.39,17,134,0,0,1,0,1,0,0,447.47,0
683.6,23,150,0,0,0,0,0,0,0,4586.93,0
465.16,22,80,2,7,0,0,0,0,0,4188.23,0
1806.08,2,1187,1,2,1,0,0,0,1,1060.53,0
4445.7,5,102,1,3,1,0,0,0,1,309.55,0
785.18,21,103,1,4,0,0,0,0,0,1089.39,0
5419.5,20,1051,3,18,0,0,0,0,0,955.86,0
9690.73,23,843,3,16,0,0,0,0,0,859.93,0
277.42,14,104,2,4,0,0,0,0,1,90.58,0
312.5,11,730,1,2,5,0,1,0,0,6717.94,0
888.41,4,104,0,0,2,0,0,0,1,839.8,0
1739.61,6,32,4,9,2,0,0,0,0,1036.79,0
499.27,21,626,3,9,2,0,0,1,1,301.07,0
8335.71,14,538,1,3,0,0,0,0,0,299.53,0
2071.65,6,127,0,0,0,1,0,0,1,813.12,0
1163.48,12,34,3,11,0,1,0,0,0,318.07,0
127.25,2,84,1,6,0,0,1,0,1,390.2,0
152.36,22,538,1,2,2,0,0,0,1,667.76,0
1671.56,12,1221,3,12,2,0,0,0,1,479.12,0
44.75,2,109,0,0,3,0,0,0,0,1313.97,0
5008.82,1,622,1,2,0,0,0,0,3,1135.72,0
865.03,22,94,1,2,0,0,0,0,0,481.44,0
142150.19,3,415,0,0,3,0,1,0,1,186.22,0
34957.01,16,31,0,0,0,0,0,0,2,3591.88,0
835.33,5,321,0,0,0,0,0,1,0,667.98,0
934.95,10,114,1,4,5,0,1,0,1,44.9,0
4882.3,5,949,0,0,0,0,1,0,1,292.51,0
14111.69,21,124,1,6,0,1,0,0,0,626.8,0
93.97,1,185,2,5,0,0,0,0,0,1626.6,0
75.22,16,670,2,12,1,0,0,0,1,894.1,0
431.36,2,210,2,8,0,0,0,1,2,216.29,0
2628.34,11,99,4,9,1,0,0,0,0,2567.1,0
2310.71,13,289,4,15,5,0,0,0,0,120.73,0
5457.01,1,668,3,17,0,1,0,0,1,844.51,0
181.35,21,207,2,13,1,0,0,0,1,321.44,0
33.98,21,52,1,5,3,0,0,0,0,3826.34,0
3971.99,4,176,4,25,1,0,0,1,0,2910.14,0
316.62,9,1127,1,3,0,0,0,0,0,1961.69,0
53.1,9,27,3,23,2,0,1,0,0,588.12,0
1363.21,20,191,3,10,0,0,0,0,1,986.07,0
3603.87,8,381,0,0,2,0,0,0,1,477.93,0
913.16,20,29,2,6,0,0,0,0,0,508.41,0
551.82,12,154,2,15,5,0,0,0,0,345.19,0
863.47,9,1030,0,0,0,0,0,0,0,3923.9,0
629.0,5,11,2,13,0,0,0,0,1,1299.96,0
145.17,10,508,3,7,0,0,0,0,0,276.37,0
375.4,3,672,3,19,0,0,0,0,0,1258.02,0
2396.87,13,118,1,3,0,0,0,0,2,564.07,0
1776.71,16,88,1,6,0,0,0,0,0,921.63,0
1411.05,19,898,2,4,0,0,0,0,1,387.73,0
246.48,1,527,2,8,1,0,0,0,0,2069.39,0
835.26,9,43,2,9,0,0,0,0,1,761.72,0
41.86,2,87,2,4,0,0,0,0,1,1703.17,0
1433.27,6,354,0,0,1,0,0,0,0,466.92,0
9351.45,6,198,2,6,0,1,0,0,0,197.67,1
120.16,0,256,0,0,0,0,0,0,1,325.57,0
455.37,7,1104,0,0,1,0,0,0,0,1100.21,0
1796.62,22,198,3,23,1,0,0,0,0,209.51,0
7181.5,0,779,3,21,3,0,0,0,0,522.74,1
559.85,7,394,1,3,0,1,0,0,1,533.41,0
388.24,13,47,1,3,0,0,0,0,0,1044.37,0
57.2,13,498,2,15,1,0,0,0,0,262.76,0
1280.69,1,268,0,0,2,0,0,0,0,896.35,0
23461.45,7,93,2,9,0,0,0,0,0,874.98,1
1662.43,18,124,4,24,0,0,0,0,0,322.24,0
1060.59,9,297,1,4,0,0,0,1,1,2153.03,0
1777.78,6,336,3,22,0,0,0,0,1,785.2,0
1078.54,12,1258,1,5,1,1,0,0,1,432.97,0
323.91,21,704,1,5,5,0,0,1,3,1137.43,0
3770.34,20,84,2,10,1,0,0,0,1,1334.25,0
1538.62,14,542,0,0,3,0,0,0,1,918.16,0
1125.99,10,3,1,6,1,0,0,0,1,1920.96,0
253.9,13,50,1,5,2,0,0,1,1,867.36,0
7748.56,10,81,1,2,1,0,0,0,0,2311.18,0
2972.19,1,331,1,7,0,0,1,0,0,226.54,0
478.48,1,79,1,6,0,0,0,1,0,701.46,0
4928.24,11,165,2,7,0,0,0,0,0,440.0,0
519.9,14,101,1,3,0,0,0,0,0,739.14,0
339.34,16,150,2,10,1,1,0,0,0,3530.95,0
350.88,13,1042,2,4,1,0,0,0,0,368.36,0
76.97,15,2169,4,27,0,0,0,0,2,879.32,0
2224.56,7,422,3,22,0,0,1,0,0,201.77,0
70.34,23,310,2,9,1,0,0,0,1,3645.89,0
173.7,16,449,0,0,0,0,0,0,1,682.06,0
48.75,4,539,0,0,3,0,0,0,0,520.51,0
963.81,11,490,2,7,2,0,0,0,0,2277.76,0
875.26,5,31,2,9,1,0,0,0,1,636.3,0
671.8,17,135,2,5,5,0,0,0,1,1545.29,1
229.55,4,153,1,6,0,0,0,0,1,933.96,0
188.98,5,168,3,20,2,0,0,0,0,1047.02,0
2200.75,8,154,3,7,5,0,0,0,0,8491.47,0
480.19,14,564,0,0,0,0,0,0,1,803.84,0
1762.59,9,502,1,4,3,0,0,0,0,1172.29,0
290.65,16,1,0,0,5,0,1,0,1,127.58,0
1438.84,18,128,1,7,3,0,0,0,0,126.22,0
7745.89,11,356,2,13,5,0,0,0,0,593.7,1
2641.89,8,46,2,13,2,0,0,1,0,290.65,0
590.74,14,26,0,0,5,0,0,0,0,297.78,0
1612.92,13,643,2,8,0,0,0,0,1,319.2,0
764.33,0,219,4,13,3,1,0,0,0,4165.45,0
1109.67,16,706,2,8,3,0,0,0,0,1106.32,0
672.89,0,633,2,10,5,0,1,1,0,2002.82,0
857.05,22,817,2,14,0,1,0,0,0,4942.43,0
1507.4,20,18,1,5,1,0,0,0,0,346.36,0
247.14,21,75,0,0,1,0,1,0,0,3036.44,0
238.93,12,128,2,5,3,0,0,0,1,144.42,0
136.62,7,53,2,15,1,0,0,0,0,2422.89,0
99.44,12,242,0,0,0,0,0,0,1,452.68,0
176.63,15,585,2,13,3,0,0,1,0,615.84,0
1392.97,1,1102,4,31,1,0,0,0,1,2492.69,0
287.38,12,804,4,28,0,1,0,0,0,951.88,0
2369.47,17,223,3,15,5,0,1,0,0,1106.46,0
1155.25,2,369,2,14,3,1,0,0,0,304.65,1
57.24,12,95,2,11,0,0,0,0,1,918.51,0
2929.14,18,188,0,0,0,0,0,0,0,645.8,0
3700.41,12,748,0,0,3,1,0,0,0,494.46,0
246.95,18,10,1,3,0,0,0,0,1,855.49,0
2059.64,3,277,1,4,0,1,0,0,0,368.24,0
303.46,18,752,2,10,1,0,1,0,0,1724.67,0
1269.66,17,47,1,7,5,0,0,0,1,1200.2,0
164.56,5,1477,2,9,0,0,0,0,0,561.75,0
74.47,18,4,2,10,3,0,1,0,1,283.36,0
617.56,3,793,2,8,3,0,0,0,0,550.89,0
910.88,3,159,2,4,5,0,0,0,0,382.13,1
603.94,23,51,2,11,2,0,0,0,0,2596.51,0
185.67,6,62,4,21,0,0,0,0,0,634.96,0
601.94,6,440,3,23,5,0,0,0,1,1501.29,0
1642.45,22,746,0,0,0,1,0,0,1,777.69,0
1025.22,15,373,5,26,0,0,0,0,0,424.37,0
1441.95,15,964,3,11,2,0,0,0,0,2278.27,0
401.35,4,674,0,0,2,0,0,0,1,134.53,0
6358.68,14,3,0,0,1,0,0,0,0,1193.46,0
187.87,22,404,0,0,1,0,0,0,0,885.47,0
2278.65,3,132,1,7,0,0,0,0,0,1186.2,0
6456.46,23,221,1,4,2,0,1,1,1,518.6,0
2256.03,12,36,2,12,1,0,0,0,0,77.34,0
809.34,18,120,1,3,0,0,0,0,0,719.71,0
496.49,6,365,2,7,0,1,0,0,4,876.54,0
5188.14,11,89,2,15,0,0,0,0,1,1974.88,0
129.74,8,380,3,21,0,0,0,1,0,697.95,0
255.91,16,935,1,3,3,0,0,0,0,277.87,0
604.05,1,1,2,9,5,1,0,0,0,1578.23,0
7019.73,15,562,1,5,0,0,0,0,1,336.4,0
1938.46,6,374,1,2,0,0,0,0,1,794.31,0
256.71,17,17,1,7,2,0,1,0,0,353.21,0
688.52,6,569,3,7,1,0,0,0,0,994.53,0
436.38,0,92,3,20,1,0,0,0,2,1218.11,0
378.16,2,112,0,0,5,0,0,0,1,520.43,0
4761.58,20,35,2,12,5,0,0,1,0,3428.87,0
140.1,10,279,0,0,5,0,0,0,1,2266.06,0
12248.65,21,251,0,0,0,0,0,1,2,1060.23,0
3798.44,14,155,0,0,5,0,0,0,0,340.03,0
5632.41,2,67,0,0,0,0,0,0,0,1531.69,0
547.62,23,664,3,20,5,0,0,0,0,860.56,0
875.76,12,763,1,5,1,0,0,1,0,381.36,0
127.78,3,283,1,6,5,0,1,0,0,2599.67,0
499.2,22,102,1,2,0,0,0,0,1,702.4,0
2299.58,21,36,3,21,1,0,1,0,0,969.28,0
7662.51,7,740,2,13,0,0,0,0,0,1357.46,0
208.36,21,36,3,19,1,0,0,0,1,440.24,0
633.8,3,4,0,0,0,0,0,0,0,487.72,0
873.97,17,231,2,6,2,0,0,0,0,4746.64,0
135.14,6,479,0,0,0,0,0,0,1,1294.22,0
2662.51,10,223,1,7,3,0,0,0,1,649.89,0
370.19,3,19,2,15,0,0,0,0,1,147.05,0
818.04,12,427,2,9,0,0,0,0,0,165.25,0
556.73,8,375,3,14,0,0,0,0,1,1169.56,0
335.62,8,417,0,0,0,0,0,0,0,566.95,0
1085.11,22,86,2,9,0,0,0,0,0,989.27,0
793.6,20,579,2,7,3,1,1,0,0,737.22,0
627.79,18,238,2,6,2,0,0,0,2,1433.48,0
367.71,2,280,0,0,0,0,0,0,2,1157.43,0
1770.98,11,288,1,5,1,0,0,0,0,4406.6,0
13100.76,10,123,2,5,0,1,0,0,2,844.03,0
1352.66,19,105,4,28,0,0,0,0,1,431.09,0
4886.23,10,1,0,0,5,0,0,0,0,536.04,0
136.27,16,184,1,4,3,0,0,0,0,594.22,0
1389.42,20,242,2,5,0,1,0,0,0,322.06,0
211.44,13,495,0,0,0,0,0,0,0,621.12,0
119.66,15,25,4,21,1,0,0,0,0,921.02,0
361.75,23,940,0,0,1,0,0,0,2,567.26,0
6554.12,9,111,1,5,1,0,0,0,0,787.56,0
4559.75,3,166,0,0,0,0,0,0,1,61.19,0
1578.94,9,18,0,0,0,1,0,0,0,809.19,0
110.05,19,386,2,11,3,0,0,0,1,309.54,0
816.95,11,450,3,13,1,0,0,0,0,1700.32,0
1724.25,8,964,2,15,0,0,0,0,0,373.95,0
1426.96,14,149,1,4,0,1,1,0,0,2192.53,0
69.01,8,108,2,14,1,0,1,1,1,277.93,0
288.45,6,472,1,3,0,0,0,1,0,109.06,0
996.14,23,447,0,0,0,1,0,1,0,639.03,0
2451.45,11,1009,0,0,0,0,0,0,2,1421.9,0
40.68,19,83,0,0,0,0,1,0,1,706.64,0
859.9,23,445,1,7,0,0,0,0,2,5054.13,0
1359.09,13,25,0,0,0,1,1,0,1,266.95,0
3922.24,21,238,1,7,1,1,0,0,0,1496.05,0
3100.4,15,46,2,12,0,0,0,0,1,1944.32,0
2627.68,18,386,2,7,2,0,0,0,0,1334.58,0
330.33,22,335,0,0,0,0,0,0,0,301.17,0
62.68,2,18,1,3,2,0,0,1,0,893.05,0
608.15,10,140,1,5,1,0,0,0,0,886.13,0
4926.81,22,183,4,17,0,0,0,0,0,260.94,1
8867.8,20,104,3,13,2,0,0,0,0,196.33,1
3183.78,19,14,2,14,0,0,0,0,1,1393.49,0
2088.1,18,140,1,6,3,1,0,0,0,1298.39,0
1938.09,7,574,2,6,1,0,0,0,0,570.95,0
476.19,19,162,2,6,1,1,1,1,1,1140.7,0
902.27,7,142,1,6,2,0,0,0,0,1699.59,0
13407.97,2,1037,0,0,3,0,0,0,1,7283.58,0
266.71,9,15,2,6,2,1,0,0,1,1637.15,0
12359.35,12,532,1,7,1,0,0,0,1,1010.78,0
676.52,8,240,0,0,0,0,0,0,0,252.31,0
8007.61,5,1055,0,0,3,1,0,1,0,322.72,1
132.92,14,182,3,19,2,0,0,0,0,207.79,0
2640.85,15,449,1,7,2,0,0,0,1,788.47,0
363.16,4,26,1,5,0,0,0,0,0,383.12,0
131.25,20,964,1,2,5,0,0,0,1,2640.26,0
1522.03,12,154,2,4,3,0,0,0,0,935.54,0
4985.09,18,270,0,0,1,0,0,0,0,5187.95,0
308.77,1,54,2,4,0,0,0,0,0,576.74,0
115.76,5,1062,5,17,0,0,0,0,2,596.24,0
955.5,0,407,2,6,0,0,0,0,0,1167.16,0
961.84,14,20,4,18,0,0,1,0,0,1205.74,0
2496.09,14,61,2,11,0,1,0,0,0,22.8,1
4556.87,13,186,2,14,0,0,0,0,1,129.68,0
1003.13,6,89,2,15,1,0,0,0,0,854.13,0
17734.28,4,132,2,15,1,1,0,0,0,378.44,0
1535.1,19,2185,3,19,1,1,0,0,0,171.59,0
652.21,15,392,1,7,2,0,0,0,0,848.3,0
97.77,16,932,3,20,2,0,0,0,1,876.14,0
739.53,10,208,0,0,0,0,1,0,2,558.39,0
662.1,14,452,1,2,1,1,0,0,0,614.21,0
4630.67,19,224,1,7,1,0,0,0,0,291.48,0
2194.53,15,145,1,3,2,0,0,0,0,535.4,0
186.97,2,267,0,0,0,0,0,1,1,1473.48,0
1419.96,5,203,1,5,3,1,1,0,1,289.73,0
3002.79,20,1437,0,0,0,0,0,0,0,613.14,0
10851.37,22,250,1,6,0,0,0,0,0,351.49,0
4151.63,12,608,1,5,0,0,0,0,0,483.22,0
3433.28,0,401,2,12,1,1,0,0,1,171.66,0
1200.06,20,238,1,5,0,0,0,0,0,798.56,0
1963.47,13,234,0,0,0,0,0,0,0,830.47,0
7145.64,1,152,2,11,3,0,0,0,1,214.79,1
148.54,1,41,4,21,0,1,0,0,0,496.62,0
649.27,14,523,2,11,0,0,0,0,0,655.69,0
344.17,17,913,2,4,1,0,0,0,2,1186.69,0
1936.68,8,89,4,19,1,0,1,0,0,429.03,0
6941.92,2,948,0,0,0,0,0,0,1,360.34,0
447.89,3,96,1,3,2,0,0,0,0,409.06,0
30.4,14,275,2,9,0,0,0,0,2,1162.84,0
590.91,4,153,0,0,0,0,0,0,1,502.56,0
4316.55,19,44,1,4,0,0,0,0,1,369.71,0
2456.38,19,19,0,0,0,0,0,0,0,352.26,0
2084.49,4,165,0,0,0,0,0,0,1,2859.97,0
720.55,9,17,3,6,0,0,0,0,0,1203.57,0
161.01,15,40,1,7,3,0,0,0,1,688.96,0
2375.45,11,56,2,10,1,0,0,0,0,764.66,0
313.74,13,0,2,10,0,0,0,0,2,1179.12,0
29031.74,21,60,3,21,3,0,0,0,0,69.85,0
2580.56,10,314,2,6,2,1,0,0,1,196.62,0
458.99,18,624,6,19,0,0,0,0,1,419.69,0
438.31,5,78,3,21,0,0,0,0,1,621.45,0
953.92,9,30,0,0,1,0,0,0,0,210.07,0
765.67,19,477,0,0,0,1,1,0,0,2048.77,0
5856.17,2,2,4,8,2,0,1,0,1,2019.74,0
1450.44,21,483,0,0,0,1,0,0,1,346.25,0
365.97,14,51,2,9,5,1,0,0,1,1313.08,0
18688.45,10,94,1,6,0,0,0,0,1,1609.03,0
1180.82,21,46,4,11,0,0,0,0,0,212.38,0
3474.69,1,103,1,7,1,0,0,0,0,1111.56,0
440.39,23,584,0,0,3,0,0,1,1,6398.82,0
1890.65,5,51,1,3,0,0,0,0,0,1795.63,0
1748.76,16,1877,4,12,2,0,0,0,1,761.38,0
64.43,17,144,2,4,5,0,0,0,1,940.92,0
22536.98,3,930,1,3,1,0,0,0,1,715.55,0
7600.48,22,76,1,2,1,1,0,0,1,720.03,0
604.38,8,75,0,0,2,0,0,0,0,333.36,0
209.89,9,304,1,6,0,0,0,1,0,2493.77,0
1847.05,20,18,0,0,3,1,1,0,1,930.03,1
1248.94,1,589,3,6,1,0,0,0,0,1087.65,0
1869.64,10,211,0,0,0,0,0,0,1,341.57,0
1461.72,10,438,1,2,0,0,0,0,1,1013.36,0
2343.41,10,70,1,5,0,0,0,0,0,2001.57,0
9613.84,0,375,0,0,0,0,0,0,0,203.72,0
2571.27,13,329,1,4,0,0,1,0,1,1015.61,0
227.13,0,514,0,0,1,0,0,0,1,386.18,0
8466.26,20,128,1,7,1,0,0,0,0,301.27,0
12847.72,22,987,1,3,5,0,0,0,2,723.24,0
124005.98,8,1186,1,2,0,0,0,0,1,214.54,0
203.32,23,739,0,0,0,0,0,0,1,397.88,0
1578.65,0,309,1,5,3,0,0,0,0,465.67,0
48.27,20,199,1,4,0,0,0,0,0,1190.37,0
2514.23,21,21,1,4,0,0,0,0,0,2394.06,0
481.88,21,1073,0,0,0,0,0,0,0,1529.2,0
19636.96,3,1106,1,7,2,0,0,0,1,5840.26,0
343.12,0,6,1,3,0,0,0,0,0,1931.28,0
87.03,18,161,0,0,0,0,0,0,1,544.61,0
540.83,9,774,2,13,2,0,0,0,0,89.56,0
56.64,14,30,1,4,0,0,0,0,0,1623.22,0
3383.44,19,79,0,0,0,0,0,0,1,389.3,0
49.52,3,1404,1,7,0,0,0,0,0,416.55,0
1144.46,19,685,1,4,1,1,0,0,0,291.51,0
48.58,13,887,1,2,0,1,0,0,0,98.2,0
678.28,4,55,3,10,1,0,0,0,0,708.52,0
12901.09,14,86,2,4,0,0,0,0,0,812.73,0
1883.66,14,339,0,0,2,0,0,0,0,779.66,0
300.29,15,254,3,21,0,0,0,0,0,2511.71,0
1046.49,15,129,1,7,3,0,0,0,0,62.96,0
1126.67,3,785,4,24,0,0,0,0,1,2297.95,0
2228.19,8,845,3,19,2,0,0,0,0,1202.26,0
141.13,0,125,1,6,0,0,0,0,1,395.6,0
2667.38,4,61,3,8,1,0,0,0,0,556.23,1
18.98,8,58,1,2,2,0,0,1,2,941.9,0
426.31,19,241,4,24,0,0,0,0,2,1066.05,0
527.2,4,52,1,2,1,0,1,0,0,283.35,0
2835.55,3,234,2,13,0,1,0,0,0,660.77,0
1134.5,15,226,2,11,0,0,0,0,1,353.58,0
133.17,1,786,1,2,0,0,0,0,0,606.26,0
250.26,15,128,1,5,0,1,1,0,0,301.41,0
1477.37,17,300,3,16,1,1,0,0,1,718.18,0
973.99,1,496,0,0,1,1,0,0,0,385.67,0
460.04,15,330,3,20,0,0,0,0,0,942.67,0
533.12,0,1124,1,3,0,1,0,0,2,161.15,0
3115.83,15,336,3,12,0,0,0,0,0,251.67,0
504.45,2,847,2,12,0,0,1,0,0,1496.97,0
960.89,14,102,2,13,1,0,1,0,4,1519.68,0
28421.61,10,300,2,7,0,0,0,0,0,2948.9,0
129.6,9,286,1,2,1,0,0,0,0,328.59,0
68.19,16,1661,1,3,5,0,0,0,1,29.23,0
3552.42,3,83,3,10,0,0,0,0,1,292.19,0
396.25,16,55,2,14,0,0,0,0,0,397.83,0
680.37,3,345,1,7,1,0,0,0,1,1931.47,0
339.77,18,92,2,11,3,0,0,0,0,988.13,0
742.71,0,372,1,6,1,0,0,0,0,1052.56,0
12061.9,13,1311,2,11,1,0,0,0,1,90.59,0
3652.59,23,1068,2,13,0,0,0,0,0,1335.43,0
3997.14,10,95,0,0,0,1,0,0,0,1260.35,0
131.06,6,68,2,10,1,0,0,0,1,398.09,0
195.05,16,300,2,12,0,1,0,0,0,243.5,0
15.51,3,322,0,0,5,0,0,0,0,327.84,0
325.68,9,396,1,6,1,0,0,0,0,561.69,0
4605.72,16,493,2,15,0,0,0,0,2,1314.91,0
2381.34,3,335,0,0,0,1,0,0,0,759.16,0
786.61,18,43,1,2,1,0,0,0,2,1009.37,0
1060.56,17,569,1,5,0,0,0,0,0,133.89,0
390.2,16,30,1,6,5,0,0,0,0,2760.13,0
1490.9,5,7,4,14,0,0,0,0,1,407.59,0
3459.29,6,535,2,7,2,0,0,0,1,493.77,0
97.14,5,290,0,0,0,0,0,0,1,372.46,0
1718.95,11,437,1,6,0,0,0,0,0,744.24,0
4441.08,8,176,1,7,3,0,0,0,1,1912.49,0
588.37,17,4,1,6,0,0,1,0,0,503.69,0
3137.09,1,146,3,8,0,0,0,0,0,578.46,0
74755.77,16,341,3,12,0,0,0,0,0,1542.03,0
937.75,20,93,0,0,0,0,0,0,0,844.18,0
1978.24,0,424,1,6,1,0,0,0,0,75.21,0
362.46,22,577,2,7,1,0,0,0,0,344.68,0
1439.25,8,221,2,5,1,0,0,0,1,1490.19,0
2187.27,5,761,2,5,1,0,0,0,0,1309.91,0
1468.89,1,704,3,8,1,0,1,0,0,922.98,0
237.57,5,768,2,6,1,1,0,0,0,402.09,0
1494.49,8,394,2,13,3,0,0,0,0,1111.76,0
9830.98,2,132,1,3,0,0,0,0,1,231.97,0
2149.42,15,239,0,0,0,0,0,0,1,246.21,0
4642.37,23,452,3,21,0,0,0,0,0,269.24,0
768.53,14,86,1,4,0,0,0,0,1,40.18,0
3377.36,11,490,1,5,0,0,0,0,0,1425.48,0
1667.2,22,289,0,0,0,0,0,0,0,419.66,0
263.39,7,36,3,7,1,0,0,0,0,682.43,0
1768.31,5,297,0,0,1,0,0,0,1,320.53,0
247.76,2,25,1,4,0,0,0,0,1,2058.93,0
424.4,22,5,1,2,1,0,0,0,0,391.22,0
1456.79,3,804,0,0,0,0,0,0,1,75.32,0
1712.77,9,245,0,0,1,0,0,0,0,191.74,0
184.22,13,286,2,12,0,0,1,0,0,507.81,0
5329.32,20,119,4,9,3,0,0,0,0,1112.89,1
2586.37,23,285,4,9,5,0,0,0,0,4905.31,0
381.04,14,67,3,13,5,0,0,0,0,3782.51,0
109.25,6,499,3,16,0,0,0,0,0,1167.59,0
882.4,6,632,4,26,0,0,0,0,0,170.53,0
561.77,7,707,5,12,0,0,0,0,0,707.62,0
1299.47,9,41,1,4,0,0,0,0,1,454.95,0
636.08,18,297,3,10,0,0,0,0,0,99.28,0
53.99,18,603,2,12,1,0,0,0,0,1620.68,0
612.46,1,50,0,0,0,0,0,0,0,581.59,0
693.38,14,38,1,5,0,0,0,0,0,538.4,0
2836.97,0,619,2,9,0,0,0,0,0,505.18,0
384.79,9,581,2,10,0,0,0,0,0,1303.5,0
13602.54,5,217,0,0,1,0,0,0,0,459.82,0
62.34,21,42,1,3,5,0,0,1,0,226.06,1
7838.1,12,264,1,2,1,0,0,0,0,2115.34,0
783.3,9,183,2,6,2,0,0,0,0,185.3,0
3981.35,11,266,0,0,0,0,0,0,0,676.4,0
1236.08,23,211,0,0,0,0,0,0,1,3559.91,0
6059.2,5,306,2,15,0,1,0,0,1,455.85,0
613.36,5,474,0,0,1,0,0,0,0,166.89,0
211.04,0,544,0,0,0,0,0,0,0,1623.5,0
9235.0,11,382,2,7,0,1,0,0,1,603.61,0
924.99,22,80,3,20,5,0,0,0,1,35.66,1
1528.95,22,184,0,0,0,0,0,1,2,907.12,0
6989.25,9,26,4,20,1,0,0,0,1,631.1,1
233.24,13,219,2,10,0,0,0,0,1,319.22,0
2679.1,14,1284,1,4,0,0,0,0,1,2486.2,0
452.67,22,374,0,0,2,0,0,0,1,303.29,0
899.42,23,61,1,2,0,0,0,0,0,1119.99,0
1222.21,3,114,2,11,0,0,0,0,0,2828.4,0
115.55,0,24,1,6,2,0,0,0,0,1143.1,0
340.95,7,73,1,6,0,0,0,0,0,1853.8,0
8321.6,2,244,1,7,0,0,0,0,1,11532.71,0
4143.46,13,154,1,6,0,0,1,0,0,594.54,0
998.29,16,83,0,0,5,0,0,0,1,403.99,0
1579.22,1,57,2,5,0,0,0,0,0,104.08,0
705.31,14,389,0,0,2,1,0,0,0,549.73,0
8390.67,5,298,1,4,1,0,0,0,0,584.46,0
811.98,4,674,1,6,0,0,0,0,1,406.09,0
1552.72,13,73,2,4,1,0,1,0,0,1665.24,0
6118.33,18,687,1,7,0,0,0,0,0,643.19,0
341.7,8,314,2,15,0,0,0,0,0,532.34,0
11363.75,7,112,3,7,0,0,1,1,0,290.52,1
110.42,2,116,0,0,2,1,0,0,0,460.79,0
12638.0,17,180,0,0,2,0,0,0,0,1019.24,0
627.03,7,224,1,3,0,0,0,1,0,186.2,0
762.0,15,31,2,12,3,0,0,0,0,1149.19,0
64.39,14,673,3,18,1,0,0,0,0,3553.6,0
554.36,20,47,2,6,1,0,1,0,1,399.73,0
230.51,14,241,1,2,0,0,0,0,2,269.73,0
440.77,15,176,3,17,0,0,0,0,0,410.18,0
892.51,0,262,2,11,0,0,0,0,1,843.08,0
4613.25,9,797,4,23,3,0,0,1,1,1544.45,0
1497.28,18,1649,2,5,2,0,0,0,0,1028.15,0
1739.78,4,7,0,0,0,0,0,0,0,949.35,0
212.03,17,182,2,10,0,0,0,0,0,2631.92,0
292.62,2,621,4,18,5,0,0,0,1,3104.35,0
16286.43,3,144,1,6,1,0,0,0,0,792.92,0
364.02,3,382,5,21,0,0,0,0,2,891.97,0
13151.78,10,1774,2,8,0,0,0,0,1,648.68,0
761.59,8,379,0,0,3,0,0,0,0,3535.41,0
1100.4,0,43,1,7,5,0,0,0,1,500.13,0
5461.88,15,675,0,0,1,0,0,0,0,60.21,0
7389.67,8,1241,1,4,0,1,0,0,0,654.66,0
928.7,10,454,2,7,1,0,0,0,1,1096.6,0
612.55,5,198,1,6,0,1,0,0,0,861.19,0
1008.4,16,1081,1,4,3,0,0,0,0,247.57,0
1820.63,11,1262,2,12,0,0,0,0,2,96.96,0
4175.36,21,998,1,2,1,0,0,0,0,700.21,0
1103.61,7,193,3,10,1,0,0,0,0,562.19,0
2774.79,15,569,2,6,0,0,0,0,0,232.86,0
12804.34,4,387,0,0,3,0,0,0,2,371.27,1
1942.95,20,72,0,0,0,0,0,0,0,146.66,0
1750.19,0,279,0,0,5,0,1,0,0,419.57,0
112.35,16,502,3,15,0,0,0,1,0,280.19,0
21.2,23,825,2,5,0,0,0,0,1,339.3,0
1963.66,20,724,3,6,3,0,1,0,1,1526.21,0
951.24,7,61,2,12,0,0,0,0,0,5091.24,0
506.65,9,244,1,5,2,0,0,0,0,552.17,0
1580.18,17,237,1,2,0,0,0,0,0,152.62,0
1001.64,14,835,0,0,0,0,0,0,0,527.97,0
5953.12,19,0,2,6,1,0,0,0,0,278.66,0
1247.84,12,489,0,0,1,1,0,0,1,1146.21,0
357.67,9,351,2,11,0,1,0,0,0,576.04,0
4842.8,8,929,1,6,3,0,0,1,0,607.86,0
791.8,12,222,2,13,0,0,0,0,0,189.97,0
2415.85,2,391,1,7,1,0,0,0,3,817.8,0
535.87,21,1314,2,15,0,0,0,0,2,500.74,0
413.75,22,497,0,0,0,0,0,1,1,392.14,0
1244.21,2,25,2,4,0,0,0,0,3,849.98,0
1117.94,0,66,0,0,1,0,0,0,0,1217.99,0
2252.38,1,628,2,7,0,0,1,0,0,434.44,0
732.92,10,148,2,10,3,0,0,0,0,3092.94,0
69.79,13,446,2,5,0,1,0,0,0,292.03,0
572.97,9,439,2,14,3,1,0,1,1,624.22,0
3607.35,6,1849,2,13,0,0,0,0,0,755.06,0
702.0,22,231,3,15,0,0,0,0,0,126.86,0
757.8,0,488,2,9,0,0,0,0,0,403.64,0
4815.35,6,18,0,0,0,0,0,0,0,1659.54,0
376.92,14,226,1,5,0,0,0,0,0,648.42,0
108.4,10,75,1,5,3,0,0,0,1,737.78,0
861.83,5,670,2,9,2,0,0,0,0,163.45,1
530.46,21,668,0,0,2,0,0,0,0,492.45,0
257.4,6,98,0,0,2,0,0,0,0,219.2,0
842.97,6,139,2,11,2,0,0,0,2,355.39,0
2292.18,0,442,1,4,1,0,0,0,1,334.43,0
1081.46,9,489,2,8,1,1,0,0,0,3580.6,0
1737.97,20,391,2,5,5,1,0,0,0,539.56,0
16649.1,14,2084,2,8,0,0,0,0,0,893.5,0
655.69,7,741,1,6,1,0,0,0,0,455.71,0
1664.9,23,196,1,2,0,0,0,0,0,999.04,0
510.9,18,144,2,6,0,0,0,0,0,188.01,0
308.11,2,331,2,14,5,0,0,0,1,245.85,0
456.07,22,621,1,5,0,0,0,0,0,960.46,0
534.78,14,235,2,12,0,0,0,1,0,362.47,0
1880.35,3,488,1,3,5,0,0,0,0,1266.33,0
37183.25,5,7,2,9,0,0,0,0,3,70.41,1
374.63,9,949,1,6,0,1,0,0,0,349.64,0
587.02,17,542,2,14,5,0,0,0,0,3090.51,0
997.56,15,182,1,7,1,1,1,0,1,5327.03,0
1985.64,17,176,2,14,2,0,0,0,0,583.18,0
1628.36,5,39,2,4,0,0,1,0,1,451.44,0
7526.19,18,618,3,12,1,0,0,0,1,1181.67,0
28.8,16,534,0,0,0,1,0,0,0,767.99,0
30.56,17,363,2,9,0,1,0,0,2,239.1,0
521.23,12,39,1,4,0,0,1,0,0,1065.17,0
5687.07,6,111,0,0,0,0,0,0,1,444.37,0
104.74,19,224,2,14,3,0,0,1,0,1015.63,0
12.04,11,112,0,0,0,0,0,0,0,1926.27,0
2583.16,1,207,0,0,0,0,0,0,0,341.83,0
1580.48,11,93,1,3,0,0,1,0,0,301.53,0
213.72,11,157,2,8,0,0,0,0,1,987.74,0
250.06,23,385,0,0,0,0,0,0,0,2329.92,0
256.05,3,813,3,12,1,1,0,0,0,1772.66,0
1294.4,3,177,3,6,0,0,0,0,1,125.76,0
428.6,17,429,4,27,1,0,0,0,1,270.23,0
2300.99,15,52,1,2,1,0,0,0,0,862.09,0
15.15,13,284,1,7,5,0,0,0,0,448.04,0
303.3,16,929,0,0,0,0,0,0,1,1462.81,0
202.54,16,10,2,15,5,0,0,0,0,415.42,0
746.57,2,113,3,20,0,0,0,0,1,2405.74,0
489.28,5,51,0,0,3,1,0,0,1,308.09,0
3629.19,22,278,0,0,0,0,0,0,0,574.26,0
67.42,12,415,2,14,1,0,0,0,0,153.95,0
1174.08,8,21,1,2,0,0,0,0,0,97.51,0
2533.87,20,26,1,3,5,0,0,0,1,4757.37,0
17764.75,8,743,1,4,1,0,0,0,0,1299.07,0
532.38,7,222,1,4,0,0,0,0,0,2095.07,0
1784.13,16,226,2,15,1,0,0,0,0,155.59,0
73.27,15,1055,1,4,5,0,0,0,0,1036.68,0
30.33,15,140,1,3,0,0,0,0,0,4332.77,0
3893.88,18,829,2,9,3,0,0,0,0,835.34,0
1087.52,23,1335,1,4,2,0,0,0,0,1949.1,0
6423.83,15,100,1,5,0,0,0,0,0,2674.99,0
139.76,13,263,5,39,3,0,0,0,0,475.05,0
2391.92,19,278,1,5,0,1,0,0,0,1405.39,0
18092.03,13,734,1,4,0,0,0,0,0,2112.22,0
2058.14,13,132,5,27,1,0,0,0,0,623.52,0
1660.5,13,583,2,15,5,0,0,0,0,89.51,0
1110.8,11,1292,2,11,0,0,1,0,1,1201.81,0
103.93,5,669,1,2,1,0,0,0,0,328.15,0
8377.96,19,875,3,22,2,0,0,0,1,638.12,0
438.66,12,449,0,0,0,0,0,0,1,603.6,0
2337.24,15,855,4,11,5,0,0,0,0,436.84,0
105.16,8,65,1,3,0,1,0,1,1,1461.6,0
186.94,1,454,1,2,0,0,0,0,1,532.94,0
9439.24,21,480,0,0,0,0,0,0,0,1653.77,0
651.35,2,211,1,2,0,0,0,0,0,269.08,0
9700.31,9,30,2,13,3,0,1,0,0,1391.51,1
975.21,19,355,2,8,3,0,0,0,0,259.51,0
69.21,1,19,3,7,5,0,1,0,0,494.01,0
4180.15,23,175,1,4,0,1,0,0,0,540.66,1
452.67,9,182,2,4,0,0,0,0,0,3329.77,0
3127.64,7,2494,2,13,0,0,0,0,0,198.79,0
1138.9,16,130,2,10,0,1,0,0,2,384.26,0
108.35,21,626,4,18,5,1,0,0,0,900.21,0
1403.1,0,19,2,13,0,0,0,0,0,593.96,0
29564.65,5,275,2,10,0,0,0,1,0,1344.07,0
2297.28,6,280,4,22,1,0,0,0,2,239.64,0
1005.99,14,361,1,6,1,0,0,0,0,2187.51,0
5502.82,17,606,0,0,1,0,0,0,1,412.97,0
1504.18,8,523,2,11,1,0,0,0,1,525.98,0
1501.62,7,522,0,0,0,0,0,0,0,628.72,0
213.27,9,206,0,0,3,1,0,0,0,6161.2,0
1557.4,3,474,2,5,0,0,0,0,1,493.79,0
5183.13,19,246,3,17,1,0,0,0,0,824.99,0
312.91,7,25,1,3,0,0,0,0,0,468.78,0
9290.46,0,806,0,0,0,0,0,0,0,3063.83,0
955.7,7,806,4,14,1,0,0,0,0,984.52,0
289.56,22,142,3,18,0,0,0,0,2,265.94,0
4897.34,11,895,4,25,0,1,0,0,0,503.03,0
713.23,22,517,2,14,1,1,0,0,0,1274.41,0
3426.42,14,186,2,12,2,0,0,0,2,378.12,0
707.94,12,146,2,9,3,0,0,0,0,1023.48,0
1002.51,15,1348,0,0,1,0,0,0,0,173.26,0
2299.25,22,455,0,0,0,0,0,0,0,8735.57,0
1696.54,17,173,3,13,1,0,0,0,0,2111.5,0
54.97,0,374,0,0,0,1,0,0,0,1234.67,0
204.0,16,309,1,7,1,1,1,1,0,943.46,0
4420.97,15,271,0,0,5,0,0,0,0,293.99,0
899.46,22,377,0,0,5,0,0,0,2,539.7,0
499.9,4,281,5,37,0,0,0,0,1,979.7,0
142.9,19,388,1,4,0,0,0,0,0,474.04,0
217.11,20,869,1,6,3,0,0,0,1,841.35,0
52.84,9,1825,0,0,0,1,0,0,1,55.63,0
942.07,5,450,0,0,1,0,1,0,0,3424.52,0
446.9,11,959,3,9,1,0,1,0,0,1098.27,0
257.27,9,713,0,0,1,0,0,0,2,392.61,0
990.11,21,127,0,0,5,1,0,0,0,1328.7,0
1893.07,16,986,1,6,0,0,0,0,1,966.5,0
25331.32,1,26,1,4,0,0,0,0,1,1129.5,0
113.54,18,146,4,21,1,0,1,0,1,207.44,0
6242.1,19,372,2,12,2,0,0,0,2,436.62,0
4720.42,5,273,1,3,0,0,1,0,0,537.65,0
340.82,12,285,1,3,5,0,0,0,0,892.23,0
1487.5,8,578,0,0,0,0,0,0,0,950.51,0
552.0,11,79,3,23,0,0,0,0,0,157.62,0
1448.86,17,1467,1,3,2,0,1,0,0,3001.56,0
10548.05,7,209,1,2,3,0,0,0,0,342.46,0
2720.06,17,1092,1,7,1,0,0,0,0,221.75,0
2351.74,22,176,2,7,1,0,0,0,1,931.83,0
575.1,21,336,3,20,0,0,0,0,1,1327.52,0
118.38,1,218,0,0,0,0,0,0,0,278.97,0
802.15,7,411,1,7,1,0,0,0,0,262.22,0
6700.33,9,74,3,16,5,1,0,0,0,851.24,1
110.97,8,186,1,4,1,0,0,1,0,1871.63,0
225.28,23,25,0,0,1,0,0,0,0,1622.73,0
1325.31,17,332,0,0,1,0,0,0,0,552.71,0
250.39,7,1200,0,0,0,0,0,0,2,823.5,0
334.02,18,17,1,2,0,0,0,0,0,159.82,0
580.91,2,393,0,0,1,0,0,0,0,640.74,0
141.4,8,544,1,3,3,0,1,0,0,1441.84,0
254.38,12,87,0,0,0,0,0,0,0,54.76,0
3149.95,8,116,4,24,0,0,0,0,0,1360.0,0
154.31,19,82,4,31,1,0,0,0,1,195.51,0
99.8,11,128,5,14,0,0,0,0,1,209.89,0
426.22,22,42,3,20,1,0,0,0,0,1045.7,0
3287.67,12,168,1,3,2,0,0,0,0,384.06,1
816.17,7,168,2,15,0,1,0,0,0,2463.6,0
546.28,14,600,2,10,0,0,0,0,1,92.38,0
1172.08,12,589,2,14,0,1,0,0,0,872.34,0
79.95,20,581,1,3,5,0,0,0,0,5025.27,0
2303.21,12,305,1,7,5,1,0,0,1,1855.01,0
1949.16,16,143,1,2,1,0,0,1,0,325.28,0
593.5,14,193,0,0,1,0,0,0,1,210.76,0
4958.64,21,139,1,6,1,0,0,0,0,738.28,0
202.1,18,318,1,2,0,0,0,0,0,312.73,0
5954.27,2,1014,2,14,0,0,0,1,0,341.24,0
1382.63,13,122,3,17,0,0,0,0,0,277.04,0
661.94,9,224,0,0,3,0,0,0,0,631.62,0
1064.42,16,388,1,3,5,0,0,1,1,1713.6,0
933.65,7,679,2,4,1,0,0,0,0,928.54,0
6839.19,17,106,1,6,0,0,0,0,2,207.19,1
218.11,11,120,0,0,0,0,0,0,3,1593.06,0
349.4,16,789,2,13,0,0,0,1,0,117.08,0
5189.82,22,30,2,11,2,0,0,1,1,539.86,0
448.85,10,339,3,8,0,0,0,0,0,2284.04,0
4233.56,8,718,3,20,1,0,0,0,0,285.79,0
14032.82,21,929,1,7,3,0,0,0,0,180.3,0
600.23,23,4,1,3,3,0,0,0,0,926.12,0
3047.4,23,168,1,4,1,0,0,0,0,514.1,0
194.31,22,108,1,2,0,0,0,0,0,2947.33,0
3401.94,14,306,1,6,2,0,0,0,0,320.37,0
1479.02,8,365,2,4,0,0,0,0,0,263.23,0
2229.56,11,3064,0,0,0,0,0,0,1,561.57,0
416.4,10,262,0,0,1,0,0,0,0,456.06,0
90.77,16,292,1,2,2,0,1,0,1,2395.1,0
2332.92,5,195,0,0,1,0,0,0,1,1526.22,0
49.64,7,58,0,0,5,0,0,0,1,1787.78,0
681.28,9,131,2,7,1,0,1,0,0,752.87,0
4499.73,14,103,0,0,0,1,0,0,0,745.08,0
1462.42,3,589,1,6,1,0,0,0,1,186.59,1
20384.17,17,288,3,13,1,0,0,0,1,469.01,0
5103.41,10,128,2,4,0,0,0,0,1,385.46,0
411.23,8,245,1,2,0,0,0,0,2,532.61,0
1142.5,8,90,1,4,3,0,0,0,1,218.94,0
1021.41,7,74,2,4,1,0,0,0,1,1464.31,0
102.18,2,717,0,0,0,0,0,0,1,2093.43,0
267.58,20,1057,3,12,2,1,0,0,0,1620.0,0
472.89,17,30,3,18,1,0,0,0,0,3189.51,0
51.71,13,528,2,8,5,1,0,0,0,1137.65,0
1177.61,2,220,2,11,1,0,0,0,0,373.06,0
754.75,16,179,2,13,0,0,0,0,1,1114.84,0
89.18,3,426,0,0,0,0,0,0,2,5842.94,0
2010.86,20,113,1,2,2,0,0,0,1,362.14,0
3209.3,17,7,1,5,0,0,0,0,2,2503.54,0
1541.56,14,87,0,0,3,0,0,0,1,1904.07,0
674.45,18,74,3,17,2,0,0,0,0,784.67,0
2662.88,21,12,1,2,0,0,0,0,0,472.45,0
3042.18,5,141,0,0,0,0,0,0,1,462.54,0
1739.07,14,234,5,24,0,0,0,1,3,3605.64,0
318.33,6,485,3,7,0,0,1,0,0,267.89,0
1660.55,11,143,1,6,1,0,0,0,0,747.37,0
6589.42,15,78,0,0,0,1,0,0,0,188.73,0
448.12,8,95,2,5,0,0,0,0,2,220.96,0
25512.12,19,809,0,0,0,0,0,0,0,1980.99,0
498.48,4,83,0,0,2,1,0,1,1,1569.5,0
1151.26,10,771,0,0,2,0,0,0,0,475.08,0
399.92,1,216,1,7,3,0,0,0,0,1149.79,0
1532.88,21,994,1,2,0,0,0,0,0,348.08,0
80.37,15,191,3,14,0,0,0,0,0,507.14,0
483.44,3,71,2,13,3,0,0,0,0,185.06,0
213.11,4,290,2,13,0,0,0,0,1,307.51,0
1343.47,6,323,0,0,0,0,0,0,0,2746.07,0
4874.0,5,368,1,3,2,0,0,0,1,533.34,0
2889.99,23,193,4,21,0,0,0,0,1,351.31,0
31.27,21,18,0,0,0,0,0,0,0,382.59,0
23461.23,9,359,5,22,0,0,0,0,0,432.76,0
1707.73,13,986,0,0,2,0,0,0,1,426.27,0
342.15,7,1153,0,0,0,0,0,0,0,736.61,0
1388.1,13,331,1,6,2,0,0,0,0,1051.09,0
1428.36,13,7,0,0,1,1,0,0,0,1244.56,0
403.32,19,40,3,15,0,0,0,0,1,1509.88,0
1475.68,22,655,1,4,2,0,0,0,2,1584.41,0
440.89,2,646,2,13,0,0,0,0,0,358.21,0
597.92,0,1065,1,2,3,0,0,0,1,455.24,0
391.73,8,302,1,4,0,1,0,0,0,761.04,0
127.87,8,727,1,5,0,0,0,0,2,934.56,0
1364.79,21,635,0,0,2,0,0,0,0,164.49,0
2638.46,1,324,2,11,0,1,0,0,1,562.69,0
2373.99,15,558,3,8,1,0,1,0,1,107.08,0
3751.41,7,49,2,5,0,0,0,0,1,1031.91,0
1783.82,5,372,1,2,0,0,0,0,0,1212.81,0
493.2,22,1119,2,10,0,0,0,0,0,336.88,0
3864.15,12,64,1,3,0,1,0,0,0,845.52,0
143.13,0,497,2,5,0,1,0,0,0,475.51,0
284.01,18,141,1,2,3,1,0,0,0,855.41,0
258.19,14,620,0,0,2,0,0,0,0,522.21,0
5541.85,0,436,3,19,0,0,0,0,1,3210.92,0
4510.59,9,951,2,14,1,0,1,1,0,748.64,0
2277.78,0,454,1,5,2,0,1,0,0,1075.5,0
5474.71,11,192,2,8,1,0,0,0,0,530.25,0
293.26,10,3,3,14,2,1,0,0,0,493.02,0
1849.91,16,574,3,17,0,1,0,0,1,1298.17,0
908.9,3,191,2,12,0,0,0,0,3,427.25,0
3906.21,22,405,0,0,2,0,0,0,0,1224.97,0
922.57,6,40,0,0,5,0,0,0,2,675.03,0
615.59,11,808,1,6,5,0,1,0,0,1019.62,0
2468.49,12,208,4,26,2,0,0,1,1,465.83,0
4081.64,4,920,1,6,1,0,1,0,1,691.46,0
402.41,5,448,0,0,5,0,0,0,1,290.03,0
1000.63,1,47,2,7,1,0,0,0,1,1499.29,0
224.16,20,315,0,0,3,0,0,1,1,436.58,0
25.87,6,878,1,4,2,0,0,0,0,219.14,0
1481.32,13,587,1,5,0,0,0,0,0,281.15,0
2733.55,21,197,3,13,1,0,1,1,1,441.06,0
1624.74,13,1132,4,17,3,0,0,0,0,1300.87,0
58.89,9,114,0,0,5,0,0,0,1,1615.31,0
647.89,3,171,3,17,0,1,0,0,1,650.18,0
39.35,2,505,0,0,3,1,0,0,1,104.42,0
8557.4,22,96,1,3,0,0,0,0,0,393.86,0
215.06,13,264,0,0,5,0,0,0,0,507.14,0
7209.14,5,476,0,0,3,0,0,0,0,124.95,0
4531.48,22,376,3,20,0,0,0,0,1,184.32,0
284.04,14,61,3,11,0,0,0,0,0,908.35,0
200.5,7,362,2,12,3,0,0,0,0,1446.54,0
1854.84,4,310,0,0,3,0,0,0,0,1332.34,0
309.05,2,297,1,6,1,0,0,0,0,2004.55,0
1278.86,2,638,5,39,5,0,1,0,2,1521.01,0
531.53,12,74,0,0,1,0,0,0,1,369.55,0
75.81,1,508,1,5,0,0,0,0,0,343.57,0
38.64,23,522,1,3,5,0,0,0,0,900.52,0
1540.75,0,468,1,2,0,0,0,0,0,403.24,0
472.32,11,257,3,7,2,0,0,0,1,631.62,0
478.36,7,183,1,4,0,0,0,0,0,2400.71,0
3114.41,18,183,0,0,0,0,0,0,0,148.82,0
6375.15,8,483,0,0,0,0,0,0,0,48.37,0
728.64,13,251,2,10,3,0,0,0,0,5061.08,0
657.93,17,150,1,7,0,0,0,1,1,537.73,0
2322.07,9,358,3,8,0,0,1,0,1,565.82,0
143.25,8,662,1,6,2,0,0,0,1,151.58,0
1532.61,5,23,0,0,1,0,0,1,0,100.65,0
2509.48,0,1306,7,50,3,0,0,0,1,365.19,0
3042.23,4,37,0,0,5,0,1,0,1,955.76,0
60.03,9,261,1,4,1,0,0,0,1,191.08,0
350.01,12,299,0,0,0,0,0,0,0,177.11,0
293.71,21,54,1,2,0,0,0,0,1,240.54,0
1273.89,22,902,3,8,0,0,0,0,1,536.11,0
2255.48,3,232,1,5,1,0,0,0,0,219.03,0
10353.35,0,56,2,10,1,0,0,0,0,3105.32,0
521.94,20,453,1,4,0,0,0,0,1,277.88,0
519.9,1,397,1,2,1,0,0,0,1,727.61,0
6151.85,23,1202,1,5,0,0,0,0,0,1871.99,0
1711.05,3,212,2,5,0,0,0,0,0,2519.27,0
7342.81,16,113,1,5,0,0,0,0,1,190.16,0
1691.03,9,22,2,7,0,0,0,0,0,58.57,0
193.32,22,482,5,39,5,0,1,0,0,254.94,0
148.46,11,350,0,0,5,0,0,0,1,231.53,0
106.99,1,1313,1,6,0,0,0,0,0,103.35,0
2960.39,2,454,1,3,5,0,0,0,0,1104.01,0
6521.73,13,987,1,3,0,0,0,0,0,998.0,0
17571.67,14,1743,1,3,3,0,0,0,0,76.6,0
3884.14,12,204,1,3,0,0,0,0,1,228.38,0
6274.56,8,59,2,14,0,0,0,0,1,483.33,0
459.42,1,79,2,13,0,1,0,0,3,1529.39,0
193.52,18,139,2,9,0,0,1,0,0,514.12,0
3924.99,15,259,1,3,0,0,1,1,3,13437.09,0
2051.9,10,47,2,4,5,0,0,0,0,378.0,1
1288.41,11,131,2,11,1,0,0,0,1,1772.1,0
1960.7,0,134,2,12,3,0,0,0,2,578.01,0
1780.73,1,1,0,0,0,0,1,0,0,3109.31,0
7523.04,15,159,4,20,0,0,0,0,2,433.96,1
7650.13,1,45,1,7,1,0,0,0,0,657.06,0
2480.79,18,204,1,2,0,0,0,0,0,3493.7,0
3899.89,9,79,2,15,2,0,0,0,1,299.84,0
2371.06,18,630,1,3,5,1,1,0,2,4604.62,0
549.08,9,30,2,8,1,0,0,0,1,1201.78,0
3411.29,15,732,1,6,0,0,0,0,1,999.96,0
135.4,12,317,1,3,0,0,0,1,0,192.23,0
5328.57,15,223,1,6,0,0,0,0,0,243.1,0
182.77,17,291,4,15,0,1,0,1,1,999.9,0
1683.63,23,172,1,7,1,0,0,0,1,1807.19,0
308.67,7,49,1,3,0,0,0,0,0,124.12,0
2515.14,23,529,3,22,0,0,0,0,1,206.93,0
1042.22,17,959,1,6,0,0,0,0,1,532.93,0
100.27,12,1093,2,6,1,0,0,0,0,2727.58,0
2061.21,6,405,2,8,0,1,0,0,1,262.57,0
460.87,20,192,2,5,0,0,0,0,0,168.97,0
4112.23,22,237,2,11,0,1,1,0,1,780.89,0
1098.82,23,390,1,7,0,0,0,0,1,1711.12,0
1984.52,17,632,1,2,0,0,0,0,0,50.2,0
260.77,5,171,1,3,1,0,0,0,0,167.14,0
453.05,8,907,1,6,5,0,0,1,1,223.14,0
551.17,5,143,0,0,1,0,0,0,0,737.75,0
3964.18,17,276,3,12,1,0,0,1,1,171.12,0
13576.09,16,1187,0,0,0,0,1,0,1,3600.39,0
327.75,11,1016,3,11,0,0,0,0,2,157.44,0
5515.25,2,434,4,15,0,0,0,0,1,5022.29,0
42.33,4,143,1,6,1,0,1,0,1,828.65,0
182.86,6,90,2,8,0,0,1,0,2,1931.4,0
260.3,9,30,0,0,3,1,0,0,1,408.82,0
144.21,9,450,2,5,1,0,0,1,1,972.35,0
101.96,18,255,0,0,3,1,0,0,1,436.82,0
2037.54,3,309,1,5,0,1,0,0,2,3153.99,0
795.44,9,233,2,7,0,1,0,0,1,1400.51,0
1937.41,17,240,2,9,1,0,0,0,0,926.57,0
3089.33,2,309,3,19,0,0,0,0,1,1403.58,0
1633.41,20,896,2,5,5,0,0,0,2,661.91,0
2941.41,2,10,1,5,0,1,0,0,0,1037.71,0
988.02,4,590,0,0,0,0,0,0,0,492.31,0
184.84,15,180,1,4,1,0,0,0,1,433.53,0
5360.01,19,498,2,8,0,0,0,1,0,48.25,0
453.2,12,1082,2,11,3,1,0,0,0,187.08,0
269.51,10,133,2,13,0,0,0,0,0,505.79,0
839.77,12,34,2,9,0,0,0,0,0,981.65,0
278.88,18,96,0,0,1,0,1,0,1,4563.78,0
586.31,5,91,1,7,0,0,0,0,0,1562.48,0
1837.35,23,494,3,9,0,0,0,0,1,256.23,0
1849.21,12,23,3,16,0,0,0,0,0,1677.18,0
285.22,3,19,1,5,0,1,1,0,0,229.8,0
527.65,21,431,1,3,0,0,0,0,0,1779.84,0
5494.48,4,296,1,7,2,0,1,0,1,394.83,0
2309.07,18,197,2,12,0,1,0,0,1,377.1,0
24651.61,4,312,0,0,5,1,0,0,0,1178.0,1
6439.41,20,485,1,4,1,0,0,0,1,590.52,0
6102.41,13,39,2,5,1,1,0,0,0,1436.44,0
136.76,3,294,3,20,3,0,1,1,0,121.66,0
3448.83,11,634,3,7,0,0,0,0,1,536.57,0
1012.66,5,164,2,6,5,0,1,0,0,486.95,0
479.88,18,525,1,2,3,0,0,0,1,76.79,1
1410.96,9,681,3,7,2,0,0,0,0,871.41,0
4527.01,0,627,0,0,0,0,0,0,0,205.64,0
2324.47,22,383,1,7,0,0,0,0,0,1099.59,0
293.62,22,461,1,5,5,0,0,0,1,10957.14,0
3339.87,15,565,0,0,0,0,0,0,0,513.15,0
421.42,3,482,1,6,3,0,0,0,0,593.53,0
1517.81,8,219,3,18,0,0,0,0,0,566.93,0
695.74,17,63,1,7,0,1,1,0,1,2179.79,0
789.74,16,135,2,5,1,0,0,0,0,433.14,0
3461.18,14,84,1,2,0,0,0,0,0,821.95,0
230.38,18,163,0,0,1,0,0,0,1,1012.37,0
20288.16,6,245,2,9,0,0,0,0,0,385.92,0
71.41,17,1166,3,23,0,0,0,0,0,2234.52,0
447.42,5,1170,0,0,0,0,0,0,0,1863.5,0
1910.88,18,535,1,6,0,0,0,0,0,620.5,0
2634.56,20,1430,1,4,0,0,1,0,0,503.04,0
943.21,11,2271,0,0,0,0,0,0,1,1809.32,0
1006.18,2,790,1,3,1,0,0,0,0,357.03,0
2030.07,0,30,0,0,1,0,0,0,1,135.2,0
775.41,4,202,4,25,0,0,0,0,1,334.02,0
8864.16,0,278,1,2,0,0,0,0,0,1406.99,0
3862.32,7,48,1,7,0,1,0,0,0,2025.46,0
4061.21,6,603,3,19,1,1,0,0,1,1464.67,0
257.43,14,58,0,0,5,0,0,0,0,1033.25,0
973.52,10,176,1,2,0,0,0,0,0,150.29,0
698.76,17,26,1,6,0,0,0,0,0,1138.97,0
242.64,13,271,3,14,0,0,0,0,2,1154.14,0
1882.29,8,331,1,6,0,0,0,0,0,1585.94,0
489.57,4,484,1,2,0,0,0,0,0,1579.37,0
2931.02,22,151,3,16,0,0,0,1,0,310.73,1
220.24,3,325,4,18,0,0,0,0,2,2256.64,0
14451.61,11,483,1,4,0,1,0,0,0,2383.78,0
285.86,0,524,0,0,0,0,0,0,0,226.68,0
1523.79,23,131,3,8,0,0,0,0,0,1682.43,0
3596.76,12,25,2,15,0,0,0,0,2,903.77,0
465.93,0,13,2,12,5,0,0,0,1,705.1,0
3939.08,2,533,4,10,2,0,0,0,0,1315.24,0
173.51,21,177,2,4,0,0,0,1,0,441.45,0
9683.48,7,52,1,3,0,0,0,0,0,541.33,0
1120.16,23,74,1,3,1,0,0,0,0,1505.43,0
448.26,17,530,1,4,0,0,1,0,1,2108.59,0
700.1,15,333,2,10,0,1,0,0,0,133.25,0
3689.99,19,254,3,8,1,0,1,0,0,264.21,0
456.38,19,356,5,39,1,0,0,0,2,152.85,0
356.37,15,53,4,27,0,0,0,0,2,270.03,0
786.58,1,140,1,5,5,0,0,0,0,342.98,0
187.65,16,171,1,3,1,0,0,0,1,1685.53,0
16828.28,9,137,3,22,3,0,0,0,0,468.29,0
468.91,6,729,2,7,2,0,0,0,1,1199.48,0
3817.78,9,317,1,3,0,0,0,0,0,424.6,0
1501.48,18,476,2,8,0,0,0,0,0,2249.51,0
250.43,19,98,3,6,0,0,0,0,0,214.47,0
1086.88,8,111,3,7,1,0,0,0,0,622.37,0
3554.62,21,93,2,9,5,1,0,0,0,84.74,1
826.84,16,425,2,14,1,0,0,0,1,399.34,0
6566.06,8,156,1,7,0,1,0,0,1,897.72,0
5075.97,8,189,1,6,0,0,0,0,0,4423.2,0
4351.92,4,450,0,0,0,0,0,0,0,5617.69,0
550.33,23,1302,0,0,1,0,0,0,0,2814.48,0
217.07,6,64,0,0,0,0,0,0,1,507.73,0
436.86,10,23,4,20,2,0,0,1,1,165.05,0
1471.98,7,79,0,0,0,0,0,0,0,349.76,0
2486.62,13,484,0,0,2,0,1,0,0,2320.19,0
42.21,1,79,3,11,0,0,0,0,0,225.2,0
1083.37,9,320,3,16,0,0,0,0,1,738.44,0
1390.1,20,325,0,0,0,0,0,0,0,835.88,0
723.2,23,127,1,7,0,0,0,0,0,1379.44,0
7607.66,15,25,1,6,0,0,0,0,1,202.51,0
2064.56,15,185,0,0,1,1,0,0,0,68.78,0
7826.63,18,75,0,0,1,0,0,0,0,554.06,0
793.19,10,74,0,0,1,0,0,0,0,170.62,0
4474.8,5,269,1,3,1,1,0,0,0,246.46,1
12741.24,5,408,1,2,0,1,0,0,5,395.79,0
7844.28,6,28,0,0,0,0,0,0,1,2021.73,0
213.11,15,315,0,0,3,0,0,0,0,224.72,0
749.56,12,103,0,0,1,1,0,0,1,653.9,0
653.44,2,408,0,0,0,0,0,0,1,216.92,0
2284.45,23,606,1,6,1,0,1,0,1,2200.94,0
3070.3,23,600,2,8,0,0,0,0,1,377.01,0
311.58,8,168,1,4,0,0,0,0,1,150.1,0
1214.1,23,305,4,11,0,1,0,0,0,159.03,0
52.99,2,576,0,0,0,0,0,0,0,1152.1,0
9536.84,5,22,2,15,3,0,0,0,2,638.32,1
508.49,16,339,2,9,0,0,0,0,0,306.72,0
1192.49,2,661,0,0,3,1,1,0,1,182.11,1
689.2,1,170,3,17,0,0,0,0,0,225.9,0
6118.31,11,221,1,4,0,0,0,1,1,6555.38,0
15.55,23,437,1,6,0,0,0,1,1,171.64,0
1069.65,5,25,1,2,0,1,0,0,0,760.3,0
935.68,9,177,0,0,0,0,0,0,3,581.3,0
555.32,10,127,2,13,5,0,0,0,1,597.35,0
14608.22,15,6,0,0,1,0,0,0,1,77.26,0
289.75,15,79,3,13,0,0,0,0,0,4598.34,0
3490.13,23,183,0,0,0,0,0,1,1,1588.79,0
1871.28,17,80,4,31,5,0,0,0,1,829.39,1
7275.58,21,336,1,5,2,0,0,0,0,474.94,0
403.11,22,217,0,0,2,1,0,0,0,244.2,0
365.24,23,14,3,16,1,0,0,0,3,1926.15,0
5676.58,8,117,1,6,0,0,0,0,2,758.39,0
2075.55,20,7,0,0,1,0,1,0,0,728.11,0
108.05,18,161,1,6,0,0,0,0,0,412.8,0
488.35,1,109,2,5,1,0,0,0,0,213.7,0
1957.79,23,425,2,4,1,0,0,0,2,98.76,0
3853.15,0,134,1,6,0,0,0,0,0,884.35,0
395.9,15,171,4,14,2,0,0,0,0,1762.65,0
13.85,21,471,7,50,2,1,1,0,2,1075.91,1
2403.87,17,239,2,6,2,0,0,0,0,203.4,0
175.83,2,296,2,14,0,0,0,0,1,437.65,0
53.2,23,671,1,6,1,0,0,0,2,173.05,0
15.67,0,84,1,7,0,0,0,0,0,528.55,0
3718.11,5,1652,2,6,2,1,0,0,0,410.1,1
1329.99,18,840,1,7,3,0,1,1,0,116.0,1
781.73,21,123,0,0,0,0,0,0,0,487.71,0
8809.06,18,815,2,5,0,0,0,0,2,238.88,0
2852.6,10,511,1,7,1,0,0,0,1,808.03,0
12387.59,7,974,1,3,1,0,0,0,0,4524.62,0
135.76,4,428,1,3,2,1,1,0,2,505.52,0
1041.25,19,409,1,6,1,0,0,0,0,810.72,0
97.02,8,1,2,10,1,0,0,0,0,417.16,0
777.38,14,234,0,0,1,1,0,0,1,1723.87,0
755.27,20,81,3,11,1,1,1,1,1,1999.46,0
2807.14,13,142,1,2,5,0,0,0,1,116.83,0
1174.2,3,1406,2,15,0,1,0,0,0,313.47,0
2793.67,23,32,2,7,0,0,0,0,1,1075.2,0
3150.01,23,467,2,5,5,0,0,0,0,268.85,0
27788.93,7,69,0,0,0,0,0,0,0,425.75,0
683.38,19,2,0,0,3,1,0,0,1,1337.53,1
267.33,16,254,2,5,1,0,0,0,0,2203.38,0
1586.25,1,64,2,14,5,0,0,0,1,417.33,0
329.17,19,1228,1,7,0,0,0,0,0,445.44,0
10126.81,15,83,2,14,0,0,0,0,0,2137.62,1
717.07,9,77,0,0,1,0,0,0,1,636.15,0
469.48,1,11,2,4,1,0,0,0,1,2868.27,0
540.79,10,146,0,0,0,1,0,0,0,164.07,0
3221.58,9,8,0,0,0,0,0,0,0,834.85,0
865.56,18,252,3,13,5,0,0,0,0,569.51,0
418.84,13,257,2,13,1,0,0,0,0,1022.04,0
13333.41,10,19,2,4,0,0,0,0,1,1000.2,0
303.61,8,100,4,24,2,0,1,1,1,660.79,0
1156.73,6,651,2,15,5,0,0,0,1,495.94,0
2917.43,14,226,0,0,0,0,1,0,0,1142.69,0
94.92,19,208,6,29,0,0,0,0,0,301.67,0
2253.84,16,437,1,5,0,0,0,0,0,1303.04,0
225.28,2,458,2,7,0,0,0,1,1,400.92,0
3767.53,14,523,1,6,3,0,1,1,1,556.03,0
258.79,13,647,0,0,1,0,0,0,0,618.53,0
3099.99,7,96,2,4,0,0,0,0,1,884.31,0
5760.33,3,25,4,27,0,0,1,0,2,1050.39,0
3992.43,9,174,1,3,1,1,0,0,1,380.31,0
1598.75,1,705,2,12,0,0,0,0,1,357.88,0
775.14,13,29,2,14,2,0,0,0,0,251.78,0
461.91,7,313,1,2,0,0,0,0,0,261.53,0
9962.19,22,440,1,6,2,0,0,0,0,624.24,0
384.04,9,239,1,5,2,0,0,1,1,166.68,0
231.46,17,107,0,0,0,0,0,0,3,428.0,0
2975.16,14,144,3,11,0,1,0,0,0,226.95,0
332.22,4,27,1,2,5,0,0,0,0,245.59,0
263.72,21,126,0,0,0,1,0,0,0,896.65,0
125.79,12,16,1,3,1,0,0,0,0,226.78,0
531.46,17,472,1,4,0,0,1,0,1,792.65,0
968.67,1,833,1,7,3,0,0,1,0,162.29,1
1579.14,12,366,1,6,0,1,0,0,1,1241.96,0
4568.59,13,390,2,4,2,0,0,0,0,84.97,0
2417.16,9,233,2,15,1,0,0,0,0,620.43,0
823.61,3,61,3,18,1,0,0,0,0,303.05,0
814.61,14,2,2,9,2,0,0,0,1,510.54,0
2357.22,7,153,2,9,3,0,0,0,1,2921.77,0
7397.19,14,508,1,7,2,0,0,0,0,335.57,0
1325.4,13,1178,2,10,1,0,0,0,0,1149.01,0
542.56,20,205,3,15,0,1,0,0,0,845.61,0
247.32,8,165,0,0,0,1,1,0,1,72.92,0
125.49,19,215,2,11,1,0,0,0,0,171.8,0
2979.18,2,203,1,3,0,1,0,0,0,3904.41,0
2609.64,14,358,1,7,0,0,1,0,1,353.8,0
2607.23,23,483,1,3,3,0,0,0,0,988.1,0
904.16,16,560,1,6,5,0,0,0,1,637.06,0
9048.93,15,382,1,4,0,0,1,0,0,1711.4,0
530.5,3,210,0,0,0,0,0,0,0,3329.56,0
4595.83,10,1094,1,7,0,0,0,1,0,416.81,0
1034.72,7,453,1,4,0,0,0,0,0,361.19,0
440.31,2,203,3,17,3,0,0,0,1,240.17,0
2667.23,18,215,3,19,2,0,0,0,1,3018.44,0
2027.29,13,621,1,4,2,0,0,0,1,446.67,0
1873.3,8,211,1,3,0,0,0,0,0,2946.53,0
1238.82,2,265,2,4,3,0,0,0,1,860.19,1
1036.04,3,125,1,7,2,0,0,0,2,1798.27,0
39440.87,3,666,1,5,0,0,1,0,0,241.89,0
6479.41,10,269,0,0,2,0,0,0,2,132.17,0
3242.96,18,293,1,4,3,0,1,0,1,357.36,0
1296.86,15,775,1,3,0,0,0,0,1,961.8,0
4967.82,22,924,4,31,0,0,0,0,1,873.92,0
2385.09,21,634,3,23,0,0,0,0,0,491.76,0
1140.6,16,24,1,7,0,0,0,0,1,1095.25,0
695.52,9,213,2,14,0,1,0,0,1,721.58,0
971.29,23,153,4,21,0,1,0,0,0,602.24,0
10.0,16,87,1,4,0,0,0,0,1,1378.63,0
1504.03,15,874,0,0,0,0,0,0,0,1255.07,0
527.04,19,805,3,22,0,0,0,1,1,1748.6,0
11956.2,21,228,2,15,1,0,1,0,0,358.64,0
1128.92,5,52,3,13,3,0,0,0,0,1378.74,0
184.3,6,4,1,5,1,0,0,0,0,2009.58,0
1017.58,13,210,2,13,5,1,0,0,1,332.82,1
228.34,10,14,2,12,5,0,0,0,0,1671.16,0
2230.79,11,343,0,0,0,1,0,0,0,296.06,0
1696.67,13,342,0,0,5,0,0,0,0,1492.57,0
4613.58,4,836,4,21,1,0,0,0,1,1439.82,0
334.85,4,76,1,4,3,0,0,0,0,174.73,0
1154.03,19,169,2,4,0,1,0,0,0,504.65,0
141.52,21,716,3,6,1,0,0,0,0,119.54,0
3140.83,22,234,3,8,0,0,0,1,0,622.56,0
2388.23,14,22,2,4,5,0,0,0,0,1022.8,0
2307.01,0,42,3,15,5,1,0,0,1,1288.98,0
1099.3,23,612,0,0,0,0,0,0,0,276.54,0
2042.97,22,496,4,8,0,0,0,0,0,1873.4,0
12167.32,8,761,1,2,0,0,0,0,0,6113.63,0
715.05,2,46,1,5,5,0,0,0,0,405.36,0
1350.15,3,521,2,10,2,0,0,0,0,2712.87,0
215.04,15,388,0,0,0,0,0,1,0,510.04,0
298.15,6,96,0,0,0,0,0,0,0,3575.65,0
1269.93,21,1330,0,0,0,0,0,0,0,3191.33,0
5743.94,13,308,1,4,0,1,0,1,0,520.64,0
746.64,15,866,3,8,0,0,0,0,0,488.91,0
769.8,17,715,3,6,0,0,0,0,1,862.18,0
595.66,15,147,2,6,0,0,0,0,0,519.14,0
491.7,15,280,1,4,0,0,0,0,1,1588.01,0
1706.94,1,206,1,6,0,0,0,0,0,793.87,0
116.06,9,450,2,7,1,0,1,0,0,237.42,0
7490.64,6,323,0,0,5,0,0,0,0,254.58,1
404.18,14,560,0,0,0,0,0,0,0,359.8,0
3238.47,8,4,1,3,0,1,0,1,1,1399.63,0
163.2,6,424,1,5,0,0,0,0,0,598.53,0
2990.69,23,140,2,8,0,0,0,0,1,311.32,0
3004.65,15,92,2,4,0,0,0,0,0,3180.06,0
1951.4,2,589,1,4,3,0,0,0,1,1470.86,0
246.75,16,34,1,4,3,0,0,0,0,696.87,0
1594.51,22,94,1,5,1,0,0,0,0,210.52,0
185.94,7,83,1,7,1,0,0,0,0,364.4,0
750.59,1,198,3,18,0,0,0,0,0,93.45,1
5136.46,19,142,1,4,0,0,0,0,2,858.2,0
3622.98,2,465,0,0,0,0,0,0,0,433.38,0
1121.89,7,438,2,14,3,0,0,0,0,1069.2,0
254.12,1,143,0,0,5,0,0,0,1,5869.24,0
2888.18,18,209,0,0,2,0,0,1,0,433.71,0
1128.98,16,85,4,22,0,1,0,0,1,438.1,0
33.77,4,405,2,11,5,0,0,1,1,1211.82,0
3547.31,19,184,0,0,2,0,0,0,0,356.85,0
1057.49,16,52,1,7,5,0,0,0,0,177.37,0
6658.68,9,49,1,6,2,0,0,0,0,152.04,0
212.11,8,142,2,10,2,1,0,0,0,275.08,0
10.0,21,502,0,0,0,0,0,1,0,471.96,0
1666.74,5,9,2,15,1,0,0,0,0,831.16,0
1698.24,10,108,2,15,5,1,0,0,0,2069.23,0
86.83,1,64,2,6,2,0,0,0,0,669.75,0
252.71,22,1144,0,0,5,0,0,0,0,810.13,0
68379.38,11,445,0,0,0,0,1,0,1,1746.79,0
693.38,11,96,2,12,3,0,0,0,1,1199.4,0
3282.76,15,84,1,3,3,1,0,0,0,516.51,0
413.23,21,712,1,5,0,1,0,0,0,2438.38,0
47.68,23,77,0,0,0,1,0,0,0,237.48,0
849.47,11,2127,1,4,2,0,0,0,0,468.87,0
736.27,20,121,0,0,1,1,0,0,0,1224.8,0
601.95,17,32,1,2,3,0,0,0,1,2455.22,0
923.38,12,428,0,0,0,0,0,0,2,656.53,0
1630.11,14,343,3,12,0,0,0,0,1,182.84,0
875.53,15,3151,1,3,1,0,0,0,1,1938.25,0
164.68,3,591,2,9,2,0,0,0,1,816.04,0
2273.96,11,204,0,0,0,0,0,0,1,361.76,0
58.91,16,412,4,17,0,0,0,0,1,696.03,0
50.63,0,621,2,10,5,1,0,0,0,589.14,0
3323.49,21,263,1,3,1,0,1,0,1,646.01,0
2346.15,17,116,0,0,1,1,0,0,0,331.93,0
1006.17,21,86,1,4,0,0,0,0,0,404.34,0
135.21,15,127,2,5,3,0,0,0,0,1738.23,0
379.23,0,687,1,7,1,0,0,1,1,308.06,0
739.43,9,174,0,0,0,0,0,0,2,1438.44,0
100.1,18,123,2,15,0,0,0,0,1,492.79,0
361.93,15,598,0,0,3,1,0,0,3,347.97,0
2917.54,13,11,1,5,1,1,0,0,0,450.83,0
9329.7,1,328,2,14,0,0,0,0,0,514.1,0
584.55,23,755,2,9,0,1,0,0,2,313.79,0
3410.9,5,192,0,0,0,0,0,0,0,430.33,0
62.11,21,114,0,0,0,0,0,0,1,1156.43,0
2948.87,22,246,3,10,1,0,0,0,0,713.23,0
328.35,4,461,2,10,0,0,0,0,0,320.68,0
1738.92,11,265,2,11,0,0,0,0,0,164.31,0
756.25,3,2,0,0,0,0,0,0,0,1121.99,0
7947.57,21,29,2,13,0,0,1,0,0,528.35,0
295.4,23,466,1,7,1,0,0,0,0,662.44,0
2811.32,3,186,3,10,1,0,0,0,2,3023.19,0
721.07,4,560,0,0,3,0,0,1,0,838.32,0
864.84,6,382,2,9,1,1,0,1,0,407.01,0
832.32,5,317,0,0,1,0,0,0,2,760.81,0
308.43,12,845,2,9,0,0,0,0,1,381.68,0
1073.68,3,7,1,6,0,0,0,0,0,1803.92,0
998.27,12,61,3,7,0,1,0,0,0,1067.65,0
1574.76,3,357,2,11,1,0,1,0,1,450.9,0
1244.83,9,24,5,22,1,1,0,0,0,1390.65,0
3630.01,19,377,2,11,2,0,0,0,0,884.82,0
4382.01,0,1512,2,13,2,0,0,0,0,850.32,0
226.8,20,770,2,10,0,1,0,0,0,628.93,0
4036.6,7,326,2,7,0,0,0,0,1,725.87,0
185.03,6,819,1,2,0,0,0,0,0,1174.13,0
2648.59,4,45,7,26,3,0,0,0,0,302.16,1
2778.34,2,221,2,8,0,0,0,1,0,2714.99,0
62.37,14,204,3,17,0,0,0,0,0,562.58,0
1260.76,16,149,0,0,0,0,0,0,0,430.4,0
543.08,22,0,1,4,1,0,0,0,0,364.44,0
351.37,12,809,3,11,0,0,0,0,0,446.01,0
8318.84,14,548,2,8,0,0,0,0,1,1409.96,0
411.37,18,386,2,7,0,0,0,0,0,648.41,0
327.16,19,50,3,19,2,1,0,0,0,469.47,0
1228.49,13,173,4,31,0,0,0,0,0,1227.71,0
3066.78,20,942,4,25,0,0,0,0,0,538.26,0
886.72,12,350,2,4,0,0,0,0,0,476.35,0
6307.89,11,337,2,11,0,0,0,0,1,217.81,1
2431.99,23,891,2,12,0,0,0,0,0,333.7,0
41.79,22,299,1,6,0,0,0,0,1,499.09,0
495.62,8,332,2,13,1,0,0,1,0,233.25,0
472.12,2,154,3,15,0,0,0,0,0,2815.72,0
2250.8,10,169,0,0,5,0,0,0,0,1092.8,0
21.39,9,422,2,5,0,0,0,1,0,514.01,0
50187.16,0,141,0,0,0,0,0,0,0,1503.05,0
2432.17,16,298,3,6,0,0,0,0,0,440.38,0
1371.03,12,119,1,7,0,0,0,0,0,6341.53,0
6453.33,13,66,2,11,1,0,0,0,1,1944.75,0
36882.08,0,221,1,5,0,0,0,0,3,1656.59,0
4048.57,1,89,0,0,0,0,0,1,0,1437.46,0
4551.53,1,834,1,6,1,0,0,0,2,138.86,0
1334.13,6,132,1,3,0,0,0,0,0,564.95,0
886.88,8,332,2,12,0,0,0,0,1,118.12,0
537.17,23,111,0,0,2,0,1,0,0,1039.53,0
317.61,3,108,2,12,1,0,0,1,1,731.21,0
391.3,1,157,0,0,2,0,0,0,0,2530.54,0
144.63,18,903,0,0,3,0,0,0,1,1653.5,0
978.67,4,181,3,22,3,0,0,0,1,288.86,1
87.62,8,628,1,5,0,0,0,0,0,98.2,0
1460.27,23,80,4,14,3,0,0,0,0,454.03,0
1038.47,12,18,1,6,1,0,0,1,0,276.68,0
1367.04,11,555,2,13,5,0,0,0,0,543.05,0
501.1,18,284,2,15,5,0,0,0,1,340.76,0
110778.78,8,255,0,0,0,0,1,0,1,1632.8,0
8435.24,9,115,2,10,0,0,0,0,0,1927.57,0
169.56,18,27,2,9,0,1,0,0,0,299.12,0
1555.11,9,240,1,3,3,1,0,0,2,9575.14,0
440.54,11,736,0,0,0,0,0,0,1,497.66,0
239.43,13,46,0,0,0,0,1,0,0,295.45,0
146.92,7,966,0,0,0,0,0,0,1,2637.78,0
2097.13,15,117,3,19,1,0,0,0,0,2786.38,0
394.62,16,277,0,0,0,0,0,0,0,741.26,0
4683.21,19,25,4,11,0,0,1,0,2,2004.87,0
4869.14,3,202,0,0,5,0,1,1,0,360.73,1
8611.65,5,49,1,6,0,0,0,0,2,428.1,1
305.34,11,17,0,0,0,0,0,0,0,1004.31,0
2237.35,17,1240,0,0,2,0,0,0,0,662.4,0
2831.84,6,478,1,5,0,0,0,1,2,301.04,0
538.47,4,463,1,4,5,0,1,0,1,801.09,0
344.59,9,34,1,6,0,0,0,0,0,722.07,0
12262.25,5,967,2,12,0,0,0,0,0,551.24,0
1542.63,13,231,1,2,0,0,0,1,0,1451.75,0
2846.8,5,698,2,5,3,0,0,0,1,3310.39,0
319.54,13,4,1,2,3,0,1,0,0,239.39,0
176.1,11,129,4,12,0,0,0,0,0,1614.7,0
466.76,21,2019,6,14,0,0,0,0,0,6815.43,0
910.48,11,203,0,0,5,1,0,0,0,121.0,0
222.22,7,800,2,10,1,0,0,0,0,1423.63,0
1080.56,9,145,4,24,2,0,0,0,0,983.86,0
87.12,15,271,0,0,3,0,0,0,0,596.45,0
204.37,19,702,4,25,0,1,0,0,0,230.42,0
3000.0,7,339,1,2,0,1,0,0,1,1118.17,0
2712.66,8,471,1,4,1,0,0,0,0,1489.93,0
609.22,12,94,1,6,1,0,0,0,0,532.16,0
238.26,19,61,3,11,0,0,0,1,0,689.3,0
234.84,16,95,4,16,0,0,0,0,1,90.71,0
626.47,18,247,2,13,0,0,0,1,0,1163.12,0
2883.55,16,589,1,2,0,0,1,0,0,283.59,0
4413.26,6,159,1,5,1,0,0,0,0,551.73,0
520.71,0,303,2,13,0,0,0,0,0,265.18,0
194.37,19,596,1,6,0,0,0,0,0,407.09,0
1638.88,13,99,1,2,1,0,0,0,0,1440.17,0
318.84,16,783,1,7,0,0,0,0,0,190.54,0
504.02,12,1116,1,2,0,0,0,0,1,588.93,0
8005.74,1,14,1,7,0,0,0,0,0,416.25,0
3792.09,13,22,2,6,0,1,0,0,1,2348.24,0
1389.86,0,34,3,8,0,0,0,0,0,578.33,0
162.73,4,547,1,2,0,0,0,0,1,194.08,0
1505.82,6,76,1,4,0,0,0,0,2,681.45,0
5399.09,18,472,0,0,0,0,0,0,0,154.73,0
624.25,13,212,0,0,0,1,0,0,0,1206.22,0
8322.11,23,660,2,12,0,0,0,0,1,115.2,0
7624.47,13,603,3,15,0,0,0,0,0,720.88,0
13301.06,14,1171,1,7,5,1,0,0,1,1435.16,1
1733.44,4,105,3,9,0,0,0,0,0,341.01,0
2646.75,4,95,5,16,0,0,1,0,3,3090.06,0
9147.91,20,11,2,12,0,0,0,0,0,693.33,0
2145.42,23,192,1,3,0,1,0,0,0,113.6,0
517.05,1,224,4,12,1,0,0,0,0,364.09,0
559.58,17,1218,4,27,0,0,0,0,2,2390.7,0
1568.43,23,648,2,6,0,0,0,0,0,754.91,0
158.25,8,66,2,12,0,0,0,0,0,32.91,0
884.58,9,584,1,3,0,0,0,0,0,2018.04,0
5680.65,17,71,1,7,3,1,0,0,0,617.15,0
40.98,3,29,0,0,1,0,0,0,0,845.11,0
10956.88,7,662,0,0,1,0,0,0,0,236.66,0
5905.04,17,1360,1,7,0,0,0,0,1,513.45,0
550.24,19,33,1,2,3,0,0,0,2,391.78,0
2477.7,16,613,1,2,5,0,0,0,1,796.12,0
1101.82,15,715,1,5,0,1,0,0,0,766.35,0
6939.5,17,46,2,11,1,0,0,0,0,2263.81,0
4788.75,6,121,1,5,2,0,0,1,1,1212.11,0
134.28,0,482,1,4,3,0,0,0,1,1143.12,0
2646.24,0,601,2,15,0,0,0,0,0,900.8,0
805.58,17,159,2,12,1,0,0,0,1,754.18,0
1241.72,3,63,3,7,1,0,0,0,0,2944.66,0
367.87,22,381,2,13,0,0,0,1,0,522.92,0
15096.31,19,441,2,7,1,0,0,0,0,205.1,0
5219.17,20,255,1,6,0,0,1,0,0,120.77,0
361.53,19,57,2,4,0,1,0,0,0,217.9,0
148.13,3,679,1,6,5,0,0,0,0,2167.88,0
614.92,5,378,1,5,1,0,0,0,1,595.47,0
2104.33,2,742,2,12,0,0,0,0,1,921.95,0
1572.32,5,986,2,9,0,0,0,0,0,412.76,0
7184.63,12,597,3,20,0,0,0,0,0,705.18,0
3586.31,22,1162,2,15,0,0,1,0,0,416.3,0
4695.47,6,1125,1,6,1,0,0,0,0,568.29,0
1790.56,23,352,1,6,1,0,0,0,2,783.7,0
136.46,3,475,2,6,0,0,0,0,0,803.84,0
817.66,0,438,2,8,0,0,0,0,1,163.92,0
5378.34,5,354,5,13,5,1,0,0,0,659.51,1
1015.07,23,7,2,10,5,0,0,0,0,248.22,0
2332.36,4,160,1,4,5,0,0,0,1,215.54,0
679.85,12,38,3,11,0,0,0,0,2,746.39,0
233.99,18,130,2,4,1,0,0,0,1,199.81,0
911.4,3,25,1,7,3,0,0,0,0,198.22,0
1743.36,23,922,4,22,3,0,0,0,0,288.46,0
410.13,5,219,2,7,5,0,0,0,1,212.18,0
770.03,12,76,2,8,0,1,0,0,1,55.21,0
267.95,4,320,0,0,3,0,1,0,0,641.81,0
5877.39,12,79,1,6,0,0,1,1,1,906.1,0
705.08,9,595,3,9,1,0,0,0,0,2393.76,0
9692.75,2,133,3,21,0,0,0,0,0,581.95,0
10863.04,22,138,0,0,1,0,0,0,0,483.34,0
971.1,12,744,0,0,2,0,0,0,1,879.9,0
241.61,11,298,1,7,0,1,0,0,0,1652.89,0
48.0,3,796,1,6,1,0,0,0,0,2669.72,0
120.54,9,194,1,7,0,0,0,0,0,876.21,0
139.67,2,153,1,6,0,0,0,0,1,3183.41,0
8670.7,16,257,2,5,0,1,0,0,0,2693.31,0
1304.71,8,23,4,30,0,0,0,0,0,361.78,0
1967.28,0,61,2,6,5,0,0,0,0,40.06,0
39.23,17,90,3,14,1,0,0,0,0,236.47,0
181.83,8,619,2,8,3,0,0,0,0,402.49,0
4148.99,20,483,2,8,0,0,0,0,0,347.65,0
1686.08,19,78,1,6,0,0,0,0,0,464.07,0
879.36,8,118,2,7,5,0,0,0,1,228.45,1
2558.72,1,1053,3,15,0,0,0,0,2,1182.56,0
12755.23,18,32,0,0,0,0,0,0,0,334.29,0
787.16,15,289,0,0,0,0,0,0,0,547.42,0
1216.89,2,269,0,0,5,0,0,1,1,588.66,0
1463.95,15,472,2,6,0,0,0,0,0,977.67,0
39662.62,20,110,2,5,0,0,0,0,1,1220.23,0
47.04,12,996,1,6,0,0,0,0,1,1315.42,0
3055.92,2,192,0,0,2,0,1,0,1,1332.93,0
923.15,9,122,1,5,0,0,0,0,0,4584.82,0
2566.14,21,149,1,6,0,1,0,0,2,696.51,0
409.09,17,156,1,2,0,0,0,0,0,779.69,0
1018.97,5,80,1,7,0,1,0,0,0,703.28,0
3187.89,5,960,1,3,0,0,0,0,0,692.65,0
116934.04,17,70,0,0,0,0,0,0,0,552.98,0
3685.1,5,782,1,6,5,0,0,0,0,327.08,0
307.32,5,189,1,4,0,1,0,0,0,255.11,0
580.77,21,114,3,15,0,0,0,0,2,900.63,0
555.51,12,80,1,5,5,0,1,0,0,200.84,0
74.18,13,256,0,0,5,0,0,0,0,439.93,0
668.39,20,403,1,4,0,0,0,0,1,1740.87,0
3291.98,6,834,3,21,0,0,0,0,0,597.03,0
162.17,12,385,0,0,0,0,1,0,1,478.15,0
5285.51,14,241,0,0,0,0,1,0,0,880.91,0
2279.39,11,12,2,6,5,1,1,0,1,1588.47,0
364.55,20,901,0,0,0,0,0,1,0,208.04,0
886.88,0,849,2,7,1,0,1,0,0,723.73,0
12057.99,2,173,1,7,2,1,0,0,0,99.68,0
3295.53,17,10,0,0,5,0,0,0,0,1344.02,0
1111.18,21,482,1,5,1,0,0,0,0,567.23,0
767.76,7,572,1,3,0,1,0,0,1,2185.82,0
1230.18,1,285,2,10,2,0,0,0,1,2119.62,0
508.95,3,188,0,0,0,0,0,0,1,600.86,0
46.66,17,695,0,0,3,0,0,0,0,306.08,0
23465.04,12,78,2,7,2,0,0,0,1,778.83,0
1384.35,14,211,0,0,0,0,0,0,0,800.69,0
1992.65,1,9,1,4,1,0,0,0,2,547.21,0
1005.4,9,65,0,0,5,0,0,0,1,1436.9,0
364.06,1,1031,2,13,3,0,0,0,1,3203.61,0
829.74,20,314,1,6,1,0,0,0,0,1048.05,0
99.57,11,597,2,11,0,0,0,0,0,937.08,0
33377.25,4,243,2,11,1,0,0,0,0,2967.63,0
172.13,11,657,0,0,2,0,0,1,0,1119.75,0
233.24,22,282,0,0,3,1,0,0,0,736.5,0
566.58,0,1,2,14,0,0,0,0,1,524.03,0
7571.25,1,839,2,15,0,0,0,0,1,169.73,0
1120.76,15,58,1,4,0,0,1,0,1,1498.8,0
171.71,21,218,2,4,2,0,0,0,0,1801.51,0
7197.63,1,236,3,14,1,0,0,0,1,253.65,0
3282.96,15,17,2,6,0,0,0,0,0,346.31,0
2459.35,19,19,1,3,1,0,0,0,0,127.07,0
3208.64,15,524,3,11,2,1,0,0,0,433.86,0
39796.84,5,130,3,8,1,0,0,0,1,1490.32,1
29075.24,12,192,1,2,5,0,0,0,1,828.78,0
391.48,11,303,4,18,0,0,0,0,0,1198.99,0
12529.33,22,170,2,7,5,0,0,0,0,401.71,1
1948.38,9,544,2,7,0,0,0,0,1,341.67,0
2318.43,4,787,0,0,2,0,0,0,0,1473.61,0
86.63,7,22,0,0,2,0,0,0,1,522.55,0
849.31,5,368,2,12,1,0,0,0,1,373.49,0
324.01,4,139,1,5,1,1,0,0,0,722.54,0
3797.46,19,319,3,23,1,1,0,0,0,235.93,1
5467.74,21,241,2,14,0,0,0,0,0,1220.41,0
48.83,5,148,0,0,1,0,0,0,2,472.16,0
1060.98,21,36,4,27,1,0,0,0,1,266.13,0
5900.5,16,299,1,3,2,0,1,0,1,75.87,0
828.8,5,43,0,0,0,0,0,0,1,501.3,0
3273.44,16,61,3,18,5,0,0,0,0,521.1,1
1857.06,4,1469,1,3,2,0,0,0,0,500.26,0
1830.77,22,139,2,9,0,1,0,0,1,134.3,0
729.99,16,320,1,3,3,0,0,0,0,834.57,0
176.82,16,115,1,3,0,0,0,0,1,1248.0,0
203.92,12,732,1,2,0,1,0,0,0,162.02,0
3178.07,21,121,2,11,2,0,0,0,0,463.45,0
1129.11,6,166,2,4,1,0,0,0,1,216.99,0
890.9,21,342,2,12,3,0,0,1,0,402.14,0
580.66,20,744,1,7,2,0,1,0,1,167.17,0
693.82,5,618,1,4,5,0,0,0,1,1564.22,0
5273.07,13,111,2,8,1,0,0,0,0,167.78,0
663.24,15,645,2,11,0,1,0,0,0,300.41,0
146.7,2,440,1,5,0,0,0,0,0,312.44,0
3345.86,8,1674,1,5,0,0,0,0,1,1162.11,0
806.48,14,1000,2,12,2,0,0,0,2,1396.3,0
1149.51,20,278,0,0,5,0,0,0,0,981.87,0
12226.58,17,505,0,0,0,0,0,0,2,365.72,0
1063.33,9,308,3,13,3,1,0,0,1,93.99,1
1692.18,9,329,4,22,0,0,0,0,1,398.76,0
187.09,22,39,0,0,0,0,0,0,0,165.21,0
788.79,2,0,2,6,2,0,0,0,1,625.66,0
2736.1,0,18,0,0,2,0,0,0,2,751.22,0
106.37,2,1241,2,4,0,0,0,0,1,152.48,0
1482.18,4,49,3,7,2,0,0,0,1,1602.4,0
1275.62,6,16,0,0,1,0,0,0,0,1317.11,0
1166.7,2,135,0,0,1,0,0,0,1,592.58,0
5196.49,3,323,4,25,0,0,0,0,0,882.56,0
1811.04,16,1082,1,6,0,1,0,0,0,2317.37,0
10067.9,2,439,0,0,0,0,0,0,0,448.91,0
247.06,22,118,5,32,3,1,0,0,0,1924.16,1
1344.65,3,1021,1,5,0,0,0,0,1,559.1,0
1244.76,1,13,1,4,2,0,0,0,1,183.43,0
220.55,13,1411,3,18,0,1,0,0,1,500.61,0
4602.9,4,22,4,25,5,1,1,0,1,1022.54,1
35846.81,20,511,1,3,3,0,1,0,0,399.38,0
1069.01,1,16,0,0,0,0,0,0,0,6698.82,0
2339.12,14,978,0,0,1,0,0,0,0,1801.61,0
1244.86,10,41,0,0,2,0,0,1,0,1895.66,0
376.01,21,18,0,0,1,0,0,0,0,6951.43,0
71.44,9,803,2,8,0,1,0,0,0,612.34,0
380.44,19,36,2,15,0,0,1,0,1,471.02,0
135.92,0,583,3,14,5,0,0,1,0,1571.51,0
14131.38,18,501,3,8,0,0,0,1,0,757.51,0
922.73,13,333,2,6,0,0,0,0,0,344.37,0
652.7,22,173,3,7,0,0,0,0,0,436.13,0
4161.92,21,902,1,3,0,0,0,0,0,100.76,0
203.85,13,747,1,3,2,1,0,0,0,1024.71,0
347.13,0,202,3,12,3,0,1,0,0,1439.01,1
1214.53,8,96,2,14,0,0,0,0,3,3735.25,0
5131.5,16,116,1,6,0,0,0,0,0,2679.7,0
2327.45,13,90,1,4,0,0,0,0,0,4535.0,0
1591.59,12,284,0,0,0,1,0,0,0,718.95,0
1232.96,12,740,1,4,3,0,1,1,1,908.25,0
1998.9,5,542,3,6,0,0,0,0,0,425.94,0
1483.97,6,579,0,0,3,1,0,0,0,681.63,0
233.93,1,217,2,7,0,0,0,0,2,961.62,0
1175.11,7,142,1,7,3,1,0,0,0,1080.75,0
219.09,23,516,2,12,2,0,0,0,2,317.73,0
1238.46,5,575,3,8,0,0,0,0,1,831.19,0
533.27,2,433,0,0,1,0,0,0,1,200.68,0
49467.56,17,11,2,9,0,0,1,0,1,1127.38,0
1032.93,17,325,0,0,5,0,0,0,1,1267.79,0
133.44,21,155,2,8,2,1,1,1,0,2000.38,1
896.71,22,79,0,0,0,0,0,0,0,418.77,0
2389.97,5,432,2,11,0,0,0,0,1,3674.54,0
13494.61,10,114,2,8,0,0,1,0,0,152.69,0
452.97,2,890,1,4,1,0,0,0,0,297.66,0
102.14,15,129,0,0,0,1,0,0,2,2572.25,0
3734.08,4,295,1,6,3,0,0,0,0,451.46,0
138.26,23,641,0,0,0,0,0,0,0,1437.48,0
570.07,21,187,0,0,1,0,0,0,0,808.11,0
745.14,1,643,2,8,0,1,0,0,0,721.09,0
987.87,14,469,2,14,1,1,0,0,0,3471.98,0
3083.27,15,925,0,0,1,0,0,0,2,178.33,0
393.29,6,143,1,3,0,0,0,0,1,1195.17,0
727.35,15,40,2,10,0,0,0,0,1,434.59,0
1073.41,23,205,1,4,2,1,0,0,1,829.97,0
1372.51,3,562,2,5,1,0,0,0,1,278.56,0
1269.96,15,218,1,5,0,1,0,1,0,694.73,0
2109.08,16,110,3,20,0,0,0,0,2,1207.21,0
3888.42,1,10,0,0,0,0,0,0,0,1803.07,0
1976.24,15,137,2,13,0,1,0,0,0,536.85,0
2165.44,3,456,1,5,5,0,0,0,0,337.47,0
102.17,6,58,1,3,1,0,0,1,0,321.36,0
1182.45,17,152,3,12,5,1,0,1,2,2198.34,0
2251.3,5,7,2,15,0,1,0,1,2,639.41,0
3272.83,17,466,1,3,3,0,0,0,0,440.04,0
388.18,6,775,2,5,1,0,0,0,0,1463.29,0
408.07,1,306,2,4,0,0,0,0,1,694.2,0
463.52,18,9,0,0,1,0,0,0,0,323.45,0
2451.91,8,89,0,0,0,0,0,0,0,556.15,0
5171.0,3,210,3,8,0,1,0,0,1,636.61,0
595.15,13,323,1,6,1,0,0,0,0,69.55,0
4281.01,4,250,2,11,1,0,0,1,0,436.96,0
1319.78,6,903,0,0,1,0,0,0,0,188.84,0
910.12,7,1018,1,5,1,0,0,0,0,1284.8,0
798.65,14,41,1,5,1,1,0,0,1,792.89,0
3360.74,18,54,2,6,1,0,0,0,0,651.1,0
1787.13,10,161,0,0,1,1,0,1,0,3335.78,0
33314.17,19,199,0,0,2,0,0,0,0,1294.16,0
305.41,22,321,3,12,1,1,0,0,1,131.26,0
2385.47,3,541,0,0,3,0,0,0,1,527.07,0
495.81,17,53,1,6,0,0,0,0,0,655.43,0
297.7,13,592,2,14,2,0,0,0,2,1822.22,0
1078.9,5,343,1,4,2,0,0,1,0,989.85,0
1347.53,15,1444,4,10,2,0,0,1,0,911.59,0
87313.5,17,384,0,0,0,0,0,0,1,1197.94,0
831.96,0,459,3,11,3,0,0,0,0,66.04,1
201.29,7,79,0,0,5,0,1,0,0,211.97,0
1651.63,0,534,0,0,0,0,0,0,0,1966.6,0
48.82,0,30,0,0,1,0,0,0,1,557.36,0
955.34,18,390,4,13,1,0,1,0,1,299.75,0
1123.31,20,20,0,0,0,0,0,0,0,689.75,0
3611.58,9,44,0,0,1,0,0,0,1,2667.76,0
4724.1,17,41,1,3,1,0,0,0,0,573.4,0
515.25,11,19,2,12,0,0,0,0,0,1533.65,0
874.87,16,141,1,2,0,0,0,0,1,250.7,0
347.52,0,1889,4,10,3,0,0,0,0,1374.49,0
201.93,7,156,2,4,5,0,0,0,1,200.96,1
1745.58,9,522,2,13,0,0,0,0,1,33.68,0
162.33,9,51,5,18,5,0,0,0,1,3949.87,1
588.78,17,221,0,0,1,0,0,0,0,542.34,0
246.47,8,74,2,5,3,0,0,0,1,4724.84,0
2501.2,1,77,4,18,0,0,0,0,2,954.17,0
16352.65,2,38,0,0,3,0,0,0,0,773.31,1
155.65,1,206,0,0,0,0,0,0,0,112.82,0
68.07,5,28,0,0,0,0,0,0,1,905.82,0
909.3,22,878,1,7,2,0,0,0,0,6576.62,0
1122.76,11,216,1,4,0,0,0,0,0,1120.69,0
1522.32,21,665,4,15,2,0,0,0,0,4459.97,0
561.45,18,1418,0,0,1,0,0,0,0,1756.73,0
811.63,14,413,0,0,1,0,0,0,1,968.58,0
1903.15,18,845,3,21,2,0,1,0,2,60.06,0
5222.06,11,53,2,7,3,0,0,0,0,137.11,0
58.41,17,646,3,11,2,1,1,0,1,556.05,0
630.55,15,115,2,11,1,0,0,0,0,2002.18,0
1511.28,1,233,1,2,0,1,1,0,1,641.56,0
276.73,10,379,0,0,0,0,0,0,0,2017.93,0
14716.94,11,853,2,9,3,0,0,0,0,160.53,1
422.79,4,882,1,3,0,0,1,0,0,1543.41,0
1030.77,23,35,1,3,2,0,0,0,0,441.67,0
2525.09,5,165,1,6,1,0,0,0,0,424.2,1
451.72,10,575,1,3,0,0,0,1,0,1020.73,0
68.73,20,443,2,11,1,0,0,0,2,51.25,0
576.52,9,9,2,9,0,0,0,0,1,217.66,0
5136.67,3,218,3,19,5,1,0,0,0,9133.86,0
661.6,8,645,0,0,0,1,0,0,0,665.89,0
308.08,11,488,2,6,0,0,0,0,0,2938.89,0
4396.25,9,193,2,15,0,0,0,0,2,235.81,0
667.7,13,484,1,6,0,1,0,0,0,199.44,0
510.18,4,292,4,20,0,0,0,0,0,747.85,0
1372.22,0,889,1,5,3,0,0,0,1,338.59,0
3484.66,4,322,6,41,0,0,0,0,0,759.84,0
39048.91,15,186,2,9,0,0,0,0,0,1490.69,0
3792.78,4,725,1,4,0,0,0,0,1,4649.86,0
6246.4,4,18,3,17,3,0,0,0,1,558.59,0
513.4,17,842,1,2,0,0,0,0,1,1692.72,0
235.38,5,435,3,16,0,0,0,0,0,847.64,0
1204.11,20,1030,1,3,0,0,1,0,1,464.19,0
1287.88,17,105,2,5,2,0,0,0,0,333.26,0
217.51,9,433,0,0,1,0,0,0,1,821.76,0
843.08,14,605,1,4,2,0,0,0,1,344.71,0
1996.15,23,442,0,0,0,0,0,0,1,587.7,0
1882.94,21,86,1,3,0,1,0,0,0,834.02,0
2336.55,10,117,2,4,1,0,0,0,2,65.6,0
1696.71,18,305,3,13,1,0,0,0,2,213.96,0
512.6,12,216,3,19,3,0,0,0,0,1772.95,0
507.32,19,484,2,13,1,0,0,0,1,663.03,0
181.56,2,173,2,15,1,0,0,0,1,1502.59,0
15949.18,15,716,1,7,0,1,0,0,1,233.03,0
1118.98,6,206,0,0,0,0,0,0,2,609.32,0
782.68,11,14,2,10,3,0,0,0,0,141.39,0
272.27,14,6,0,0,0,0,1,0,0,2461.35,0
89633.72,7,379,2,14,1,0,0,0,1,2487.88,0
219.21,22,283,3,23,5,1,0,0,1,457.85,0
576.36,16,285,2,9,3,0,0,0,1,74.37,0
2046.23,0,569,1,2,5,1,0,0,0,9038.55,0
2698.14,20,171,1,2,5,0,0,0,0,1685.26,0
4614.22,7,1968,0,0,0,1,0,0,0,1252.03,0
16504.9,13,1062,1,6,0,0,0,0,2,1811.02,0
2343.11,9,4,0,0,3,1,0,0,1,981.18,1
224.97,18,825,1,7,5,1,0,0,0,440.73,0
745.89,7,416,0,0,5,0,0,0,0,207.41,0
1740.19,18,254,6,34,3,1,0,0,2,2111.88,0
24400.02,3,319,2,10,0,1,0,0,0,379.83,1
134.73,9,673,3,11,2,0,0,0,0,180.12,0
6659.93,22,1101,1,7,2,0,1,0,0,398.67,0
1436.37,2,299,3,6,0,0,0,1,0,544.56,0
3853.53,3,73,2,12,0,0,0,0,0,1016.8,0
941.06,15,372,1,4,1,0,0,0,0,898.9,0
309.93,23,28,1,3,0,0,0,0,1,1283.73,0
3382.29,3,368,5,23,1,0,0,0,0,177.36,0
2926.75,19,603,1,3,5,1,0,0,1,1840.64,0
4713.03,19,159,0,0,0,0,0,0,1,852.85,0
1074.96,12,26,4,27,0,0,0,0,0,931.23,0
445.98,20,430,2,14,1,0,0,0,0,2332.59,0
105.83,16,151,2,14,1,0,0,0,0,444.9,0
3748.31,22,104,2,13,0,0,0,1,1,1079.01,0
2071.1,15,426,1,5,1,0,0,1,2,1349.91,0
257.58,16,1274,1,7,0,0,0,0,0,47.67,0
488.89,5,499,3,7,1,1,0,0,0,275.29,0
544.5,2,246,1,3,0,0,0,0,0,1351.45,0
118.57,19,334,0,0,0,0,0,0,0,583.78,0
321.65,23,56,1,2,3,0,0,0,0,119.68,1
200.19,3,612,3,6,0,0,0,0,0,417.01,0
590.68,7,338,0,0,1,0,1,0,0,1605.96,0
362.11,19,1232,1,6,0,1,0,0,3,826.01,0
95.53,8,1418,2,11,0,0,0,0,1,273.49,0
22785.63,21,159,2,11,0,0,0,0,2,466.26,0
7178.25,0,1631,2,14,1,1,1,0,1,130.24,0
340.86,12,1147,2,15,0,0,0,0,0,267.93,0
1650.17,1,372,2,12,0,0,0,0,1,317.91,0
2051.24,22,148,1,2,2,0,0,0,0,3414.38,0
6546.13,9,510,0,0,0,1,0,0,2,2820.85,0
321.21,22,115,0,0,0,0,0,0,2,1512.08,0
5642.94,18,362,1,2,2,1,0,0,0,1179.69,0
482.1,16,9,0,0,5,0,0,0,1,136.73,0
147.85,23,361,5,17,0,0,0,0,1,111.31,0
3249.33,12,1105,1,6,5,0,0,0,0,1684.1,0
7601.78,13,97,1,4,1,0,0,0,1,84.38,0
53202.65,10,549,4,20,1,0,1,0,1,734.54,1
181.35,9,126,4,26,5,0,0,0,0,183.84,0
3128.72,6,449,1,7,1,0,0,0,1,934.18,0
593.06,9,439,2,10,0,0,1,1,1,684.69,0
3551.19,23,74,0,0,0,0,0,0,1,1128.83,0
120.82,0,331,2,5,0,0,0,0,0,203.12,0
164.98,13,715,3,14,0,0,0,1,1,508.15,0
342.47,2,175,2,12,3,0,0,1,0,233.48,0
1234.53,12,452,2,6,1,0,0,0,0,807.47,0
419.21,1,409,4,10,0,0,0,0,0,1712.54,0
2947.11,16,108,0,0,0,0,0,0,1,2744.29,0
5117.09,20,915,1,2,1,1,0,0,0,72.94,0
2695.57,2,302,0,0,1,1,0,0,1,1884.63,0
12433.89,14,160,1,3,1,0,0,0,1,3656.94,0
2046.2,7,65,2,7,3,0,0,0,1,53.29,1
176.74,5,234,1,5,1,0,0,1,1,327.15,0
8476.6,8,478,1,3,0,0,0,1,0,236.51,0
442.42,10,356,2,12,0,0,0,0,0,398.0,0
4296.81,21,473,0,0,0,0,0,1,0,2275.2,0
11621.37,1,572,0,0,1,0,0,0,0,125.78,0
2175.54,8,212,2,14,1,0,0,0,2,175.58,0
116.25,17,268,1,6,0,0,0,0,0,256.75,0
276.63,18,1569,2,6,5,0,0,0,0,6517.46,0
7975.4,21,1256,3,9,3,0,0,0,1,243.15,0
850.92,17,195,3,10,0,0,0,0,2,559.5,0
1235.66,4,421,0,0,0,0,0,0,0,194.1,0
3422.88,17,113,3,17,1,0,0,1,0,620.52,0
3116.56,11,60,0,0,0,0,0,0,1,471.42,0
1666.03,3,533,2,9,0,0,0,1,1,456.44,0
801.91,14,209,0,0,0,0,0,0,0,203.56,0
686.08,10,71,1,6,0,0,0,0,0,1194.17,0
3971.3,18,519,1,7,0,0,0,0,0,4102.56,0
2515.82,4,900,0,0,0,0,0,0,0,81.6,0
745.5,5,988,1,6,0,0,0,0,0,262.59,0
5558.97,12,331,2,13,5,1,0,0,0,1130.16,0
903.66,22,238,1,6,3,0,0,0,1,1142.98,0
305.67,9,55,0,0,2,1,0,1,1,679.41,0
351.27,23,574,1,6,3,0,0,0,1,5506.15,0
252.62,13,1060,6,20,0,0,0,0,0,266.38,0
728.79,3,803,2,9,0,1,0,0,0,642.4,0
6978.48,19,508,0,0,0,0,0,0,2,909.52,0
327.78,22,1,1,6,1,1,0,0,1,3585.66,0
1454.93,11,191,1,7,0,0,0,0,1,535.37,0
409.51,14,193,1,7,0,0,0,0,1,225.17,0
742.14,9,820,3,16,3,1,0,0,0,417.75,0
113.86,10,24,2,6,1,0,0,0,0,888.11,0
787.76,8,276,0,0,0,0,0,0,0,417.32,0
820.11,10,53,1,2,0,0,0,1,0,87.85,0
2466.2,1,396,3,7,0,0,0,0,0,614.42,0
1532.91,12,573,1,3,2,0,0,0,0,2109.62,0
181.71,21,374,1,2,0,0,0,0,1,986.37,0
5576.39,7,577,4,24,3,0,0,0,0,185.84,0
1503.36,20,341,2,13,0,0,0,0,0,418.81,0
1476.74,20,76,1,6,0,0,0,0,1,1055.8,0
1081.63,7,176,2,5,2,0,0,0,0,394.29,1
504.4,0,1147,2,13,1,0,0,0,2,177.86,0
1520.36,5,124,1,6,2,0,0,0,2,233.27,0
2238.1,12,23,3,7,0,0,0,0,0,6412.55,0
79.81,8,177,0,0,5,0,0,0,0,2595.86,0
488.75,5,166,0,0,0,0,1,0,0,1006.77,0
748.13,14,231,0,0,1,0,0,0,0,499.04,0
1610.43,22,299,2,14,1,0,0,0,0,218.21,0
6568.01,15,1782,1,5,1,1,0,0,0,3464.51,0
344.6,3,515,2,5,0,0,0,0,0,461.76,0
519.6,16,13,2,10,0,0,0,0,1,184.26,0
508.36,8,455,2,10,0,0,0,0,0,781.15,0
329.54,11,634,3,23,1,0,0,0,1,3858.61,0
651.46,21,824,0,0,0,0,0,0,0,101.38,0
3484.93,18,201,4,29,0,0,0,0,0,155.6,0
225.71,19,137,1,3,2,0,0,0,0,92.35,0
2083.33,11,667,1,4,0,0,1,0,1,321.71,0
85.38,21,548,1,6,1,0,0,0,0,1300.53,0
472.48,5,280,1,7,5,0,0,0,0,217.76,0
668.99,11,45,1,6,0,1,0,0,1,983.98,0
13524.92,8,385,2,5,2,0,0,1,0,1369.24,0
726.18,19,24,1,3,1,0,0,0,1,303.57,0
40.37,4,38,1,2,0,0,0,0,0,1958.84,0
54.69,20,146,2,11,0,0,0,1,1,375.92,0
1154.06,2,169,4,18,1,0,0,0,0,1111.6,0
2753.58,1,226,2,14,0,0,0,0,1,244.67,0
1925.97,7,151,4,31,0,0,0,0,1,1402.73,0
1410.01,9,12,1,7,0,0,0,0,0,147.51,1
6269.11,14,62,0,0,3,1,0,0,0,3220.61,0
488.15,8,44,2,15,5,0,0,0,0,137.27,1
4198.01,9,205,3,7,1,0,0,0,1,1256.25,0
94.82,10,87,2,9,5,1,1,0,1,989.15,0
282.19,8,126,1,3,0,0,0,0,1,3340.5,0
72.93,13,232,3,8,0,0,0,0,2,1206.54,0
726.13,4,98,3,9,1,1,0,0,2,1655.31,0
1023.12,8,103,0,0,2,1,0,0,1,258.43,0
1301.34,3,653,0,0,0,0,1,0,1,411.71,0
1203.3,1,289,2,4,5,1,0,0,0,4837.17,0
272.78,18,709,1,6,5,0,0,0,0,383.83,0
824.39,0,263,3,17,0,1,0,0,0,2578.02,0
116.03,20,875,1,2,0,0,0,0,2,452.89,0
8474.72,0,107,2,9,0,0,0,0,0,296.81,0
695.45,11,349,1,5,5,0,0,0,0,146.34,0
526.72,10,255,1,2,0,0,0,0,1,630.43,0
11889.49,0,915,1,7,0,0,0,0,2,728.19,0
170.14,13,197,2,14,1,1,0,0,0,475.71,0
202.68,10,704,3,10,1,0,0,0,0,476.34,0
211.81,6,302,2,10,0,0,0,0,1,2693.23,0
990.48,1,449,1,5,0,0,0,0,0,68.09,0
2095.29,14,795,0,0,2,0,0,0,1,468.02,0
3325.96,7,2109,1,6,3,1,0,0,0,778.55,1
51947.71,21,479,1,5,3,0,0,0,0,2847.27,0
37.56,19,137,1,7,1,0,0,0,0,804.06,0
2732.86,14,129,3,6,0,1,1,0,0,139.39,0
475.47,7,134,1,5,0,0,0,1,0,1068.02,0
455.04,9,37,2,15,1,0,0,0,1,185.5,0
432.83,18,20,0,0,1,0,0,0,0,2623.22,0
280.58,2,317,1,4,1,0,0,1,0,1065.8,0
13722.43,19,607,3,8,0,1,1,0,0,744.53,0
3879.44,13,13,1,4,0,0,0,0,2,1591.8,0
1135.46,8,305,2,9,0,0,0,0,0,221.91,0
8320.88,8,169,0,0,1,0,0,0,0,80.42,0
113.43,20,813,4,9,1,0,0,0,0,1955.0,0
149.0,5,57,0,0,5,0,0,0,0,1047.3,0
41.81,7,302,2,14,2,0,0,1,1,5579.56,0
384.09,10,1291,2,11,0,0,0,0,0,583.65,0
1397.65,7,154,2,9,2,0,0,0,0,202.47,0
1279.58,11,494,0,0,2,0,0,0,0,144.47,1
1371.98,9,781,3,11,0,0,0,0,1,400.57,0
132.08,22,75,3,19,1,0,0,0,0,1098.04,0
3658.22,3,1787,1,4,0,0,0,0,1,1796.11,0
1570.96,15,604,1,3,0,0,1,0,1,1676.65,0
3293.09,19,54,3,20,2,0,0,0,0,1933.08,0
64.13,5,135,0,0,0,0,0,0,0,869.31,0
1749.76,8,357,3,7,0,0,0,0,1,435.31,1
184.63,22,789,3,15,5,0,0,0,1,594.11,0
604.27,4,79,1,3,2,0,0,0,0,2199.66,0
2444.38,20,479,4,8,1,0,0,0,0,460.67,0
1257.2,23,115,3,15,0,0,0,1,1,2155.96,0
305.73,5,597,0,0,2,0,0,0,0,1559.82,0
1107.0,16,419,1,5,2,0,0,0,0,2086.55,0
110.24,16,270,0,0,3,0,0,0,0,707.41,0
6157.35,23,383,2,8,5,0,0,0,1,1805.16,0
805.99,21,763,1,3,5,0,0,0,0,378.9,0
5871.26,12,178,4,24,1,0,0,0,0,285.46,0
497.8,16,535,2,9,1,0,0,0,1,68.49,0
500.01,13,63,5,15,1,0,0,0,0,84.29,0
348.53,1,440,2,9,0,0,0,0,0,609.03,0
4081.67,18,506,1,7,3,1,0,0,0,684.1,1
378.36,2,213,0,0,0,0,0,0,0,9361.8,0
2883.88,1,575,0,0,0,0,1,0,0,379.64,0
617.9,1,297,0,0,1,0,0,1,0,2535.58,0
56.6,21,1004,0,0,1,1,0,0,1,1502.98,0
466.16,6,43,0,0,0,0,0,0,2,2024.32,0
187.04,3,51,1,6,2,0,0,0,0,1508.28,0
1153.84,16,674,2,11,0,0,0,0,0,172.91,0
183.9,5,674,2,15,0,0,0,0,1,514.66,0
4398.25,6,232,1,7,2,1,0,0,0,1674.01,0
956.6,19,1212,2,7,2,0,0,0,0,613.13,0
840.17,5,415,0,0,0,0,0,0,1,474.73,0
2933.17,8,1484,1,5,0,0,0,1,2,488.84,0
4655.76,19,277,1,3,2,0,1,0,1,2211.65,0
1064.07,3,82,2,7,0,0,0,0,0,174.83,1
344.88,4,214,0,0,0,0,1,0,0,139.45,0
76.63,18,1436,3,11,2,0,0,0,0,1427.34,0
391.87,9,168,0,0,0,0,0,0,0,633.24,0
434.49,17,1148,0,0,1,0,0,0,0,704.02,0
1287.67,14,582,2,13,1,0,0,0,1,7071.34,0
653.46,0,213,0,0,0,0,0,1,0,1180.58,0
3077.58,4,284,1,5,0,0,0,0,0,569.08,0
437.26,4,341,1,7,1,0,0,1,0,916.57,0
1006.71,7,400,3,18,3,0,0,0,0,677.05,0
6476.8,21,29,2,9,1,0,0,0,1,1187.43,0
1831.22,21,989,0,0,5,0,0,0,0,731.2,0
1002.19,21,331,1,4,0,0,0,0,0,194.28,0
444.56,19,976,3,9,0,0,0,0,0,404.53,0
424.18,14,364,1,3,1,0,0,0,0,2044.4,0
306.15,16,205,0,0,1,0,0,0,1,1031.52,0
487.11,18,305,3,19,1,0,0,0,1,2817.19,0
3406.7,12,645,3,15,1,0,0,0,0,67.58,0
786.17,21,144,2,13,0,0,0,0,0,1459.32,0
144.8,20,1143,2,14,0,0,0,0,0,237.06,0
15556.81,9,228,0,0,5,0,0,0,0,2859.42,0
1772.15,16,1142,1,4,1,0,0,0,1,246.77,0
132.9,4,776,0,0,0,0,0,0,0,587.25,0
565.23,17,532,3,16,1,0,0,0,0,1161.48,0
1295.08,16,229,1,7,0,0,0,0,0,2657.5,0
14141.77,3,322,2,7,0,0,0,0,1,1579.46,0
208.06,21,664,1,5,0,1,0,0,0,250.38,0
4741.27,6,286,1,3,0,0,0,1,1,229.33,0
8948.4,4,489,0,0,3,0,0,0,2,361.76,0
427.1,7,570,0,0,0,0,0,0,0,1149.02,0
723.23,7,262,1,5,5,0,0,0,2,695.66,0
231.72,10,280,0,0,0,0,1,0,0,6115.55,0
808.2,8,80,0,0,0,0,0,0,0,619.36,0
1038.07,18,102,1,3,0,0,0,0,0,267.03,0
2949.75,18,858,1,6,0,0,0,0,0,288.01,0
5626.68,8,669,3,12,1,0,0,0,0,680.59,0
357.04,22,3,4,31,0,1,0,0,0,1789.74,0
57.34,19,742,0,0,0,1,1,0,0,286.7,0
1062.24,16,9,0,0,0,0,0,0,1,574.26,0
1703.27,15,223,4,24,1,0,0,0,0,476.46,0
1594.2,6,25,1,6,2,0,0,0,0,955.28,0
671.82,21,1265,1,3,1,0,0,0,1,72.63,0
1322.3,2,1309,1,3,1,0,1,0,1,656.61,0
10648.42,20,344,3,10,1,0,0,0,1,1041.95,0
1944.19,18,181,0,0,0,0,0,0,0,2192.39,0
626.37,7,261,2,4,0,0,0,0,1,135.84,0
517.86,4,524,1,5,1,0,0,0,0,705.84,0
849.99,5,92,2,9,1,0,0,0,0,3678.78,0
12773.27,1,212,0,0,0,0,0,0,0,1803.9,0
833.01,23,487,0,0,1,0,1,0,1,782.27,0
1064.55,18,183,1,6,1,0,0,0,1,1248.09,0
531.94,12,11,1,2,1,0,0,0,0,512.29,0
5701.45,5,258,1,6,0,0,0,0,2,1987.4,0
20738.68,5,488,0,0,1,0,0,1,0,1543.87,0
2155.81,1,1373,1,5,1,1,1,0,0,713.73,0
1241.6,23,13,5,32,5,0,0,0,0,855.89,1
1158.84,4,283,3,23,0,0,0,1,1,770.91,0
30.68,10,218,0,0,2,0,0,1,1,476.85,0
3353.39,10,101,4,8,2,1,0,0,0,443.62,0
1341.11,23,370,5,30,1,0,0,0,0,1512.46,0
2084.98,13,65,1,2,1,0,0,0,0,397.44,0
377.21,12,121,0,0,1,0,0,0,1,540.33,0
616.04,7,555,3,16,0,0,0,0,0,635.6,0
591.97,14,225,1,5,0,0,0,0,0,361.72,0
5076.79,11,1847,2,5,3,1,0,0,1,484.18,1
621.33,2,178,3,7,0,0,0,0,0,305.03,0
24934.07,20,227,4,29,0,0,0,0,0,1998.03,0
2092.87,22,130,1,5,5,0,0,0,0,213.12,1
161.82,4,98,2,7,3,0,0,0,0,2809.47,0
904.32,5,932,2,13,0,0,0,1,0,3639.79,0
412.6,1,504,3,22,0,0,0,0,0,4179.34,0
40.79,7,148,0,0,0,0,0,0,0,169.87,0
12078.79,4,439,3,7,0,0,0,0,0,1056.38,0
3148.6,21,1231,4,24,0,0,0,0,1,228.87,0
2440.14,16,28,0,0,0,0,0,0,0,348.83,0
1405.44,1,112,1,7,0,0,0,0,3,693.54,0
137.96,10,81,4,27,0,0,0,0,2,577.84,0
530.9,3,744,2,7,5,0,0,0,0,863.67,0
3876.43,10,72,0,0,0,0,0,1,1,3741.96,0
226.6,8,134,1,2,0,0,0,0,2,1341.4,0
24.59,5,286,2,12,0,0,0,0,0,140.82,0
780.04,23,354,2,6,0,0,0,0,0,900.95,0
886.57,1,602,2,9,0,0,0,0,1,769.54,0
1343.92,14,190,4,20,2,0,0,0,0,1241.84,0
3270.76,4,278,1,4,2,0,0,0,1,246.35,0
2853.81,11,1228,1,2,1,0,0,0,0,4443.55,0
1616.72,12,128,4,14,0,0,0,0,2,2942.43,0
6589.92,16,104,1,5,1,0,0,0,1,582.35,1
112.34,3,452,0,0,1,1,0,0,0,271.74,0
2337.58,9,538,3,17,1,0,0,0,0,195.08,0
2806.82,0,195,2,15,0,0,0,0,1,1123.89,0
170.83,10,87,1,5,0,0,0,0,1,1130.81,0
115.09,15,550,0,0,0,1,0,0,0,162.64,0
358.2,10,405,1,4,1,0,0,0,0,250.72,0
406.54,8,762,0,0,0,0,1,1,1,1259.97,0
3395.24,1,678,3,11,0,0,0,0,2,153.26,0
436.24,6,83,3,19,0,0,1,0,1,4593.52,0
303.53,18,651,4,26,0,1,0,0,0,324.81,0
438.14,17,70,0,0,0,0,0,0,0,1812.85,0
5871.99,19,727,1,4,2,0,0,0,1,947.43,0
1118.3,6,536,2,7,2,0,0,0,1,265.56,0
838.09,22,307,1,5,0,0,0,0,0,491.36,0
929.82,8,375,4,31,5,0,0,0,1,600.58,0
7616.64,11,40,2,14,0,0,0,0,1,780.02,0
356.47,2,14,2,7,0,0,0,0,1,1002.25,0
7889.3,22,146,2,6,0,0,0,0,0,796.09,1
1503.79,21,628,0,0,0,0,0,0,2,663.38,0
862.1,15,228,3,8,0,1,1,0,2,1619.8,0
46693.06,6,92,2,13,0,0,0,0,2,492.27,0
225.1,22,656,2,4,0,0,0,1,0,246.98,0
645.14,4,94,1,3,1,0,0,0,1,1591.36,0
172.66,22,616,0,0,0,0,0,0,1,1220.81,0
4576.51,6,220,3,10,0,0,0,0,0,1644.76,0
13818.77,18,227,2,4,0,1,0,0,0,745.86,0
13425.14,16,116,2,12,1,0,0,0,0,166.01,0
6876.9,15,841,1,5,1,0,0,0,1,850.37,0
815.31,20,33,3,9,5,0,0,0,0,553.41,0
634.06,23,56,1,3,0,0,0,0,0,223.52,0
89.41,20,368,0,0,0,0,0,0,0,1322.58,0
23244.19,18,692,1,6,0,0,0,1,0,783.84,0
2216.02,17,36,5,14,0,0,0,0,0,1399.15,0
524.3,18,483,1,2,1,1,0,0,0,618.57,0
8039.2,3,495,2,10,0,0,0,0,1,1607.04,0
254.9,0,317,1,7,2,1,0,0,0,1102.79,0
2018.14,3,243,1,3,3,0,0,0,1,1095.94,0
846.45,3,141,4,10,0,0,0,0,0,289.84,0
2858.4,8,158,0,0,0,1,0,1,1,4233.52,0
996.89,7,409,3,19,3,0,1,0,1,451.33,0
124.41,1,24,2,11,5,0,0,0,0,151.44,0
1228.27,22,320,3,13,0,0,0,0,1,1205.15,0
5288.53,5,119,1,2,0,1,0,0,0,538.08,0
1049.61,22,229,1,3,0,0,0,0,0,1760.13,0
3507.55,10,298,0,0,1,0,0,1,0,832.34,0
228.54,3,791,1,3,5,0,0,0,0,761.81,0
1054.28,13,315,4,22,0,0,0,0,1,419.04,0
429.76,20,94,0,0,3,0,0,1,0,193.03,0
3362.61,21,30,0,0,0,0,0,1,0,717.63,0
1149.68,8,359,4,18,0,0,0,0,0,398.26,0
3087.48,1,287,2,5,3,0,1,0,1,438.16,1
5605.85,0,406,0,0,1,0,0,0,0,1309.06,0
3094.64,3,224,1,3,3,0,0,0,0,5984.03,0
1651.89,11,636,0,0,0,0,0,0,0,6045.86,0
245.35,4,922,0,0,0,0,0,0,1,1940.65,0
1092.06,8,14,1,4,0,1,0,0,0,1493.34,0
492.93,21,497,1,7,0,0,0,0,1,1282.3,0
654.52,3,13,1,5,0,0,0,0,0,447.81,0
625.28,15,214,0,0,0,0,0,0,0,221.71,0
252.17,1,225,1,7,1,1,0,0,0,1451.19,0
58.21,15,434,4,26,1,0,0,0,0,374.72,0
402.54,15,158,3,23,1,0,0,0,0,2091.37,0
1465.67,20,627,1,6,3,1,0,0,0,492.74,0
145.15,23,153,1,6,1,1,0,0,0,409.34,0
1122.74,23,153,1,6,0,0,0,0,0,3748.39,0
18965.99,21,91,3,13,2,0,0,0,0,1771.21,0
5087.72,10,420,1,3,0,0,0,0,0,1339.53,0
12904.25,0,29,4,20,2,0,0,1,0,260.15,1
1971.78,14,164,2,6,2,0,0,0,0,547.42,0
6318.67,23,113,1,6,0,0,0,1,1,1045.08,0
370.2,3,95,2,15,1,0,0,0,1,50.46,0
417.17,17,22,0,0,0,0,0,0,0,506.95,0
18.02,16,77,3,21,3,0,0,0,1,291.8,0
6497.8,6,215,2,6,1,0,1,0,0,1889.29,0
11053.32,17,255,4,27,5,0,0,1,1,975.34,1
478.3,12,114,1,7,0,0,0,0,1,293.28,0
749.25,19,383,2,14,0,0,0,0,1,1240.34,0
353.97,19,149,1,5,1,0,0,0,0,2619.86,0
1946.87,9,167,3,22,1,1,0,0,0,86.61,1
5927.74,0,557,5,38,5,0,0,0,0,445.87,0
80.31,1,293,2,13,0,1,0,0,1,361.12,0
2026.69,16,1117,0,0,0,0,1,0,0,1787.45,0
724.15,21,162,2,14,3,0,0,0,0,1065.65,0
1299.96,2,642,2,8,1,1,1,0,1,5551.02,0
2183.08,16,489,0,0,0,0,0,0,0,1326.64,0
826.91,11,806,1,4,1,0,1,0,0,1660.41,0
938.82,23,1146,1,3,3,0,0,0,0,2428.95,0
795.67,11,2,1,5,2,0,1,0,0,414.47,0
4700.74,19,33,1,5,0,0,0,0,2,2578.35,0
2055.22,9,409,1,7,0,0,0,0,1,188.97,0
1526.72,6,180,2,12,5,0,0,0,0,710.71,0
162.97,9,624,2,13,0,0,0,0,0,238.81,0
621.5,17,4,1,6,0,1,0,0,0,1755.2,0
4221.74,21,600,2,12,0,0,0,0,0,480.19,0
1160.43,5,53,2,8,1,0,0,0,0,581.5,0
2949.22,6,125,5,38,0,1,0,0,0,391.84,0
15518.18,16,1268,0,0,0,0,0,0,0,2894.99,0
5207.78,11,19,0,0,0,0,0,0,0,892.53,0
1261.1,16,156,3,21,0,0,0,0,0,187.5,0
509.54,17,32,1,4,0,0,0,0,1,3199.83,0
23.8,13,701,2,5,5,0,0,0,1,1595.6,0
851.86,10,443,0,0,0,1,0,0,0,422.43,0
672.49,1,588,1,6,0,0,0,0,0,1678.76,0
1969.53,20,273,0,0,2,0,0,0,0,348.85,0
870.56,0,161,1,2,1,0,0,0,0,843.21,0
678.19,10,0,5,12,0,1,0,0,2,911.01,0
76.01,1,118,0,0,0,0,0,0,0,377.91,0
267.75,15,263,1,7,2,0,0,0,0,874.01,0
2241.67,21,398,0,0,0,1,0,1,0,29.61,0
14383.85,2,94,1,5,1,0,0,0,1,436.53,0
947.39,19,54,2,13,0,0,0,0,0,197.23,0
1793.13,0,82,0,0,3,0,0,0,0,1799.01,0
4576.63,20,159,0,0,5,0,0,0,0,86.15,0
324.95,19,58,1,6,0,1,0,0,1,115.96,0
1901.16,7,62,1,6,0,0,0,0,2,388.68,0
361.14,18,16,2,13,1,0,0,1,1,585.74,0
4012.77,0,709,3,23,0,0,0,0,0,756.37,0
1376.23,4,90,4,11,5,0,0,0,0,8581.32,0
1715.87,0,629,1,4,0,0,0,0,0,359.79,0
339.03,10,210,1,7,5,0,0,0,0,851.49,0
3167.03,20,365,0,0,0,0,0,0,1,209.4,0
25010.96,8,28,1,6,0,0,0,0,0,738.31,0
241.81,4,319,3,21,3,0,0,0,1,444.44,0
658.76,1,125,0,0,1,0,0,0,0,54.5,0
1552.17,12,36,2,12,1,0,0,0,0,1588.2,0
3567.46,17,871,2,5,3,1,0,0,0,589.38,0
473.75,11,337,3,15,2,0,0,0,1,1459.08,0
15.65,13,100,2,12,0,0,0,0,0,187.71,0
8423.53,4,198,0,0,0,0,0,0,0,366.93,0
3431.52,23,161,5,22,1,1,0,0,0,234.19,0
80.28,9,440,1,2,5,1,0,0,2,331.95,0
440.82,19,341,1,4,0,0,0,0,1,484.8,0
11525.0,1,7,2,9,1,0,0,0,0,195.75,0
9620.91,3,80,1,6,3,0,0,0,0,783.33,1
4482.61,11,237,1,2,1,0,0,0,3,384.89,0
842.04,10,215,2,8,0,0,0,0,1,162.51,0
1242.0,3,265,0,0,1,0,0,0,0,581.23,0
901.1,10,457,2,10,1,0,0,0,0,674.88,0
5957.22,8,418,2,15,0,0,0,0,0,602.99,0
294.78,9,170,3,19,1,0,0,1,0,12827.47,0
327.44,5,766,1,3,0,0,0,0,1,223.04,0
4991.1,14,23,1,5,1,1,0,0,1,603.5,0
1026.04,9,320,0,0,1,0,0,0,0,1379.08,0
8670.67,21,1091,2,13,1,0,0,0,1,915.27,0
400.51,20,290,3,9,0,0,0,0,0,529.27,0
1010.13,5,221,2,5,3,0,0,0,0,284.35,0
274.89,0,52,0,0,0,0,0,0,0,212.85,0
1108.81,20,606,1,5,3,0,0,0,1,1717.87,0
119.36,21,170,1,2,0,0,0,0,0,364.02,0
527.71,23,440,3,6,1,0,0,0,0,888.23,0
127.18,19,80,1,3,0,0,0,0,0,450.68,0
3105.36,20,15,1,6,1,0,0,0,1,7338.42,0
3212.75,3,133,2,5,2,0,0,0,0,1040.99,0
81.83,22,120,2,8,2,0,0,0,1,120.42,1
8109.8,21,754,2,9,0,0,1,0,0,457.09,0
46449.58,13,730,1,7,0,0,0,0,0,5630.76,0
1174.98,19,278,2,9,2,1,0,0,1,284.26,0
419.19,21,7,0,0,1,0,0,0,1,3539.29,0
75848.7,19,94,1,3,1,1,0,0,1,322.29,0
151.65,7,371,0,0,0,0,0,0,0,683.89,0
1130.21,10,39,0,0,1,0,0,0,0,313.87,0
1435.74,14,440,0,0,5,0,0,0,0,1102.79,0
8247.96,18,4,1,4,1,0,0,0,0,11056.08,0
1881.09,7,418,1,2,1,0,0,1,0,207.81,1
519.08,12,679,1,5,0,1,0,1,2,341.89,0
263.28,17,231,1,5,0,0,0,0,2,353.22,0
656.73,21,644,1,3,1,0,0,0,1,707.78,0
242.16,23,555,2,6,0,0,0,0,0,778.14,0
1178.19,16,406,0,0,5,0,0,0,0,540.31,0
470.46,5,215,1,2,1,0,0,0,0,255.89,0
116.62,14,115,1,5,0,0,0,0,0,872.11,0
7206.36,12,719,3,21,5,0,0,0,3,84.5,1
519.82,17,381,3,22,3,1,0,0,1,578.26,0
163.66,10,583,0,0,1,0,0,0,0,248.86,0
852.02,12,293,2,11,0,0,1,0,0,640.79,0
1215.07,0,68,1,5,5,0,0,0,1,775.08,0
79.86,17,1417,2,7,5,0,0,1,1,1713.57,0
1803.48,4,73,3,21,0,0,0,0,0,181.9,0
227.98,5,883,2,9,0,0,0,0,0,775.19,0
14278.97,0,85,1,3,0,0,0,0,0,931.09,0
2406.53,6,170,3,23,0,0,0,0,0,686.97,0
601.94,3,211,1,6,5,1,0,0,1,958.7,1
358.61,8,928,2,9,0,1,1,0,0,337.53,0
936.87,14,799,0,0,2,0,0,0,0,2509.76,0
2749.53,5,632,1,2,2,0,0,0,0,385.78,0
1055.49,16,172,2,6,0,0,1,0,0,1675.05,0
791.76,19,1,1,7,3,0,0,0,0,693.76,0
1196.98,17,417,1,7,3,0,1,0,1,573.17,0
443.28,21,193,1,3,3,0,0,0,1,297.81,0
655.36,3,516,2,9,3,0,0,0,0,1396.35,0
48.01,8,578,1,6,1,0,0,0,0,474.64,0
4724.84,13,211,2,8,3,0,0,0,0,6182.49,0
1716.76,2,503,0,0,2,0,0,0,0,86.18,0
343.72,0,668,3,21,5,0,0,0,2,8259.44,0
18922.41,10,962,1,3,2,0,0,0,2,461.43,0
1249.53,0,318,3,23,1,0,0,0,1,813.3,0
231.78,11,550,1,4,0,0,0,1,1,1201.49,0
3964.39,8,249,2,7,0,0,0,0,0,6973.63,0
1992.35,4,15,1,7,2,0,0,0,2,329.59,0
1982.02,14,61,2,4,0,0,0,1,0,1945.4,0
579.04,17,50,0,0,0,0,0,1,1,1467.3,0
2155.43,8,68,0,0,1,0,0,0,0,987.8,0
740.53,12,3,3,23,1,0,0,0,0,862.66,0
2524.79,12,714,0,0,0,1,0,0,0,1232.06,0
62.97,23,299,2,8,1,0,0,0,1,1090.27,0
572.03,12,176,2,9,0,0,0,0,0,577.29,0
14519.28,9,192,0,0,0,0,0,0,0,622.12,0
347.03,9,227,3,12,0,0,0,0,0,1198.0,0
443.3,21,28,1,7,1,0,0,0,1,640.14,0
560.07,6,117,1,6,0,0,1,0,0,606.98,0
177.29,21,696,0,0,1,1,0,0,0,397.22,0
39.95,4,496,1,7,0,0,0,0,0,5878.15,0
775.98,19,302,0,0,2,0,0,0,1,1296.16,0
1344.52,6,239,1,3,0,0,0,0,0,2317.05,0
1013.58,19,109,1,6,2,0,0,0,1,456.23,0
882.43,9,232,0,0,1,0,0,0,0,1056.89,0
1169.77,9,332,2,9,0,0,0,0,1,1267.77,0
5086.08,20,455,2,5,3,1,1,0,0,765.81,1
824.13,23,66,3,18,3,0,0,0,0,550.53,0
463.53,12,612,2,9,0,0,1,0,0,100.48,0
719.32,14,154,1,5,0,0,0,0,0,728.73,0
2615.0,5,255,1,3,5,0,0,0,0,176.06,0
9118.32,19,341,2,5,5,0,0,0,0,444.94,0
427.43,11,244,4,16,0,0,0,0,2,549.7,0
1272.07,18,309,3,21,0,0,0,0,0,1614.92,0
1821.72,10,43,0,0,0,0,0,0,0,542.21,0
247.43,5,206,3,14,0,0,0,0,2,1052.75,0
1130.74,0,120,1,3,0,0,0,0,1,1547.53,0
121.69,1,32,0,0,1,0,0,0,0,557.14,0
77.2,22,77,1,2,0,0,1,0,0,746.04,0
1900.97,14,336,1,3,5,0,1,0,1,399.62,0
616.58,3,79,1,4,1,0,0,0,0,8675.25,0
1485.37,4,72,0,0,0,0,0,0,0,308.51,0
1067.59,14,293,0,0,0,0,0,0,1,2597.93,0
253.51,10,858,1,4,0,1,0,0,0,323.75,0
1024.66,9,567,1,6,2,0,0,0,0,1403.29,0
172.49,16,859,0,0,3,0,0,0,1,1744.8,0
8834.84,1,319,0,0,0,0,1,0,0,311.36,0
143.46,19,192,5,20,0,1,0,0,1,938.45,0
817.56,23,477,2,6,0,0,0,0,1,695.59,0
229.66,9,110,4,14,0,0,0,0,1,954.41,0
2580.22,19,29,0,0,0,0,0,0,0,2458.53,0
667.04,2,154,0,0,0,0,0,0,0,1769.29,0
503.71,18,129,1,5,0,0,0,0,1,845.47,0
3943.41,4,410,2,9,1,0,0,0,0,348.46,0
1146.13,2,292,1,3,1,0,0,0,0,847.86,0
2380.26,7,54,2,10,0,0,0,0,0,863.9,0
251.64,4,872,1,7,3,0,0,0,0,2323.34,0
133.32,11,328,1,7,1,1,0,0,1,1760.99,0
1287.96,13,223,0,0,0,1,1,0,0,81.48,0
679.75,6,1010,2,10,0,0,1,0,1,185.25,0
2806.38,10,37,1,3,1,0,0,0,0,246.71,0
972.76,7,568,0,0,0,0,0,0,1,370.44,0
1491.61,4,165,2,14,0,0,0,0,0,419.46,0
96.06,7,433,2,7,3,0,0,1,0,663.2,0
18632.37,11,974,2,9,0,0,0,0,1,623.27,0
857.17,14,266,2,5,5,0,1,0,0,731.89,0
3122.47,18,8,0,0,0,0,0,0,1,692.94,0
312.89,15,10,1,2,3,0,0,0,0,215.46,0
1740.65,13,146,4,24,0,0,0,1,0,209.11,0
155.36,6,555,2,6,1,0,0,0,1,1605.03,0
2160.51,7,124,2,12,1,1,0,0,0,1841.77,0
642.93,6,148,1,5,1,0,1,0,0,643.06,0
1145.72,17,560,1,6,0,0,0,0,0,366.23,0
3124.29,23,45,0,0,1,1,0,0,1,565.66,0
172.64,5,684,1,4,0,0,0,0,0,1575.37,0
392.79,18,112,3,17,3,0,0,0,2,180.95,0
2177.62,3,19,3,10,0,0,0,0,0,81.11,0
25522.92,22,45,3,10,1,0,0,0,0,1282.93,0
891.47,2,1112,1,2,0,0,1,0,0,771.58,0
2661.66,16,219,2,11,1,0,0,0,0,668.04,0
934.06,21,108,1,7,0,0,0,0,1,1863.48,0
20198.6,18,268,2,8,0,0,0,0,0,2456.06,0
79.77,14,418,1,3,5,0,0,0,0,179.31,0
1263.87,5,140,0,0,1,0,0,0,2,836.63,0
95.74,11,471,1,5,2,0,0,0,1,2304.86,0
25.54,18,106,2,14,3,0,0,0,1,4321.38,1
1713.33,5,43,3,6,0,0,0,0,1,346.23,0
1351.87,10,291,4,17,0,0,0,0,0,1966.06,0
715.33,19,59,3,22,1,1,0,0,0,1292.39,0
935.15,19,1029,0,0,0,0,0,0,0,88.05,0
114399.18,9,0,2,9,0,0,0,0,0,2010.89,0
744.52,15,514,2,8,0,0,1,0,1,171.38,0
2357.1,17,119,0,0,0,0,1,0,0,1375.03,0
414.04,13,683,1,6,0,0,0,0,0,1934.26,0
1707.61,3,22,1,2,1,1,0,0,1,106.43,0
767.12,11,1116,1,2,0,0,0,0,0,1200.85,0
592.42,19,39,1,5,3,0,0,0,2,2774.37,0
16786.79,22,565,2,5,0,0,0,0,1,1033.38,0
6411.04,20,265,2,7,0,0,0,0,1,547.26,1
1346.31,7,205,0,0,0,0,0,0,0,204.47,0
34.59,6,119,2,8,0,0,0,0,0,667.96,0
638.09,8,672,0,0,0,0,1,0,0,1940.65,0
63230.45,23,81,2,6,0,0,1,0,1,691.95,0
775.89,16,466,1,5,1,0,0,0,0,114.88,0
5737.77,9,215,1,2,3,0,1,0,3,912.04,0
9536.8,2,2372,3,17,0,0,0,0,0,179.87,0
1523.01,20,344,0,0,0,0,0,0,1,1391.14,0
310.22,7,40,1,7,3,0,0,0,0,643.97,0
28.42,13,198,0,0,1,0,0,0,0,1019.17,0
3060.23,6,25,0,0,1,0,1,0,0,1791.95,0
323.07,15,122,5,35,1,0,0,0,0,348.75,0
1428.28,17,153,2,11,0,0,0,0,1,311.61,0
168.22,10,700,2,8,1,1,1,0,0,1370.13,0
736.67,5,664,1,3,0,0,0,0,0,3859.56,0
1153.53,19,4,0,0,0,0,0,0,0,104.8,0
1640.72,20,277,0,0,1,0,0,0,0,361.22,0
205.98,13,92,4,10,0,0,0,0,2,1078.23,0
6603.57,20,140,1,2,0,0,0,0,0,1137.45,0
447.94,12,7,4,15,0,0,0,0,2,887.21,0
88.97,3,505,2,9,2,0,0,0,0,938.96,0
931.19,19,1097,2,5,2,0,0,0,1,92.16,0
1154.66,19,90,2,13,1,0,0,1,1,767.18,0
1395.33,10,152,3,7,5,0,0,0,1,1355.33,0
8460.8,17,84,2,15,3,0,0,0,1,549.44,0
769.18,0,970,1,2,5,0,1,0,0,135.99,0
916.51,11,3,2,14,0,0,0,0,1,487.16,0
209.6,17,320,3,10,0,0,0,0,0,115.64,0
3754.95,6,746,2,15,0,0,0,0,1,1479.19,0
1445.87,11,75,3,15,0,0,1,0,0,65.59,0
584.03,0,325,0,0,1,0,0,0,0,490.89,0
62.99,21,18,4,14,1,0,0,0,0,1676.89,0
9572.2,3,615,1,7,5,0,0,0,0,1105.29,0
173.9,17,117,1,3,0,0,0,0,0,352.41,0
451.73,14,1638,1,4,2,0,0,0,0,1429.2,0
1877.16,2,931,3,6,0,0,0,0,0,1050.5,0
182.21,6,481,0,0,0,0,0,0,0,1031.45,0
116.72,5,250,3,10,0,0,0,0,0,88.04,0
45.33,14,531,2,12,1,0,0,0,0,891.66,0
3234.07,14,51,1,5,3,0,0,0,0,590.72,1
484.07,5,135,2,5,3,0,0,0,1,923.2,0
88513.04,7,9,2,13,3,0,0,1,1,980.82,0
246.77,7,378,3,17,2,0,1,0,0,369.56,0
275.29,21,597,3,10,0,1,0,0,0,2034.42,0
469.61,0,1067,2,6,0,0,0,0,0,47.07,0
1579.24,12,423,0,0,0,0,0,0,1,620.79,0
541.69,22,480,1,5,1,0,0,0,1,560.52,0
2747.64,23,824,1,6,0,0,0,0,0,432.1,0
252.68,20,1005,5,16,0,0,0,0,1,163.26,0
138.05,12,246,2,11,3,0,0,0,0,612.42,0
73.9,10,42,5,11,1,0,0,0,0,581.74,0
39.04,3,229,2,11,3,0,0,0,0,381.54,0
504.16,6,296,2,6,2,0,1,0,0,278.51,0
698.22,11,364,3,18,0,0,0,0,0,1188.19,0
425.32,12,1655,2,15,0,0,0,0,3,649.4,0
7080.56,21,910,1,4,0,0,0,0,0,1243.94,0
6919.13,11,184,1,3,0,0,0,0,0,658.27,1
663.68,15,43,1,2,5,0,0,0,2,338.11,0
74.37,5,88,3,18,0,0,0,1,0,583.28,0
468.69,13,69,0,0,0,0,0,0,0,404.08,0
445.98,18,160,2,10,1,1,0,0,0,183.79,0
409.24,15,763,2,15,3,0,0,0,1,1079.75,0
385.07,3,210,2,15,1,0,0,0,2,727.5,0
411.5,4,305,3,18,1,0,0,0,0,2165.8,0
614.12,8,72,1,3,1,0,0,1,0,482.51,0
422.71,23,247,0,0,0,0,0,0,0,236.63,0
1498.9,2,755,1,4,0,1,0,0,1,369.7,0
1882.87,21,541,2,4,3,0,0,1,0,1828.25,0
279.79,9,30,1,3,0,0,0,0,0,145.54,0
7380.51,16,723,1,6,1,0,1,0,0,189.83,1
252.12,18,116,2,6,0,0,0,0,2,5744.59,0
96.86,9,399,4,17,1,0,1,0,0,227.17,0
1941.4,11,57,1,3,0,0,0,0,0,1438.81,0
321.79,22,409,0,0,5,0,0,0,1,810.75,0
1775.68,6,13,1,5,0,0,0,0,1,323.33,0
29.8,17,335,3,17,0,0,0,0,1,690.71,0
8854.53,18,378,3,20,0,0,1,0,0,212.15,0
3006.22,14,102,1,4,0,0,0,0,0,541.46,0
115.5,6,1008,3,8,0,0,0,0,0,619.98,0
119.32,11,17,2,11,5,0,0,0,0,1900.41,0
13472.41,21,811,1,7,3,0,0,0,0,598.67,1
362.83,6,175,2,5,1,0,0,0,1,945.34,0
313.79,9,456,0,0,1,0,0,0,0,1202.44,0
36.63,23,384,3,11,0,0,0,0,0,78.11,0
647.96,21,67,3,17,0,0,0,0,0,498.01,0
779.32,19,140,1,5,1,0,0,0,0,787.46,0
3207.48,9,275,2,12,2,0,0,0,1,1509.51,0
134.48,22,684,2,4,3,0,0,0,1,676.01,0
112.12,4,1130,1,6,0,0,1,0,1,191.55,0
2156.94,17,7,1,7,2,0,0,0,0,2878.2,0
4964.64,8,158,4,9,2,0,0,0,0,934.95,1
103.88,15,402,5,24,1,0,0,0,0,446.94,0
5553.99,6,273,1,6,0,0,0,0,2,770.15,0
1160.16,9,1045,1,4,3,0,0,0,0,76.99,0
5640.39,4,6,2,11,1,0,0,0,1,187.98,1
987.0,6,210,0,0,0,0,0,0,0,683.86,0
24.94,4,403,3,15,0,0,0,0,0,664.45,0
873.1,14,89,1,3,1,0,1,0,1,501.26,0
5378.77,18,472,0,0,1,0,0,0,1,1235.45,0
286.97,9,30,0,0,3,0,0,0,1,583.89,0
612.81,7,218,3,11,1,0,0,0,2,1581.2,0
842.02,23,411,1,3,0,0,0,0,0,847.81,0
14.16,8,113,1,2,0,0,0,0,1,1458.6,0
13453.86,10,28,0,0,0,0,0,0,1,724.42,0
283.71,21,1148,0,0,0,0,0,0,1,1362.96,0
2341.63,1,894,1,7,0,0,0,1,0,1163.67,0
962.9,2,952,1,7,5,0,0,0,0,3121.89,0
7233.14,12,1401,2,4,0,0,0,0,0,4834.78,0
2016.43,10,74,3,10,0,0,0,1,0,1139.41,0
770.94,9,62,0,0,1,1,1,0,0,224.57,0
287.07,14,12,0,0,0,0,0,1,1,1802.87,0
3629.23,5,811,3,18,3,0,0,0,3,326.63,1
66.01,0,510,2,12,1,0,0,0,1,1541.95,0
2889.49,13,366,1,7,0,0,0,0,0,654.79,0
210.91,17,958,5,37,0,1,0,0,0,874.53,0
7175.48,23,312,0,0,0,1,0,0,0,278.48,0
1396.81,10,50,0,0,1,0,0,0,1,509.18,0
2881.84,7,71,4,28,0,0,0,0,1,195.92,0
1240.14,21,51,0,0,5,0,0,0,1,317.25,0
79.16,2,134,1,4,1,1,0,0,1,788.17,0
301.54,13,174,1,3,0,0,0,0,1,1052.36,0
3006.66,1,581,0,0,5,0,0,0,0,326.13,0
1408.08,15,77,0,0,0,1,0,0,0,513.58,0
6447.74,5,471,1,5,3,0,0,0,0,3371.56,0
2008.03,0,246,1,5,3,1,0,0,0,657.53,0
257.22,13,2915,0,0,0,0,0,0,0,773.42,0
332.26,9,547,3,12,0,1,0,0,0,2360.75,0
1279.69,5,1267,2,4,0,1,0,0,3,654.92,0
34.09,8,152,1,2,5,0,0,0,0,780.38,0
13496.19,6,47,2,14,2,0,0,0,0,527.97,1
2127.32,1,257,2,4,0,1,0,1,0,420.32,0
6908.8,10,48,1,2,1,0,0,0,1,2197.47,0
102.42,13,247,3,9,2,0,0,0,1,2935.81,0
7092.89,4,114,2,12,0,1,0,0,0,1413.11,1
31171.15,8,246,2,12,5,0,1,0,0,480.4,0
151.21,6,1090,5,29,0,1,0,0,0,272.65,0
3488.07,13,124,2,10,3,0,0,0,0,253.8,0
1098.46,15,1834,3,9,2,1,0,1,0,41.08,0
108.13,21,95,2,8,0,0,0,1,0,1247.59,0
2296.92,15,85,0,0,0,0,0,0,0,6018.2,0
3829.18,6,287,3,16,0,0,0,0,0,527.65,0
445.1,9,673,0,0,1,0,1,0,0,761.02,0
6303.59,20,505,1,6,0,0,0,0,0,1081.95,0
90.0,5,469,3,11,0,0,0,0,0,463.49,0
116.5,16,121,0,0,0,0,0,0,1,1717.47,0
1346.0,0,8,0,0,5,0,0,1,1,208.19,1
1139.2,1,64,0,0,1,0,0,0,0,561.89,0
374.33,13,156,1,4,1,0,0,0,0,53.73,0
3693.73,3,1300,2,9,1,0,0,0,1,413.94,1
2431.69,8,920,1,7,0,0,0,1,0,418.75,1
3972.73,22,81,3,14,0,0,0,0,0,1474.22,1
911.69,5,472,2,13,0,0,0,0,0,231.93,0
2707.74,16,315,4,17,3,0,0,0,2,1278.69,0
562.01,20,18,3,18,0,0,0,0,1,271.09,0
23878.36,10,169,1,3,0,1,0,0,0,93.85,1
324.14,3,242,2,15,2,0,0,1,0,3384.79,0
25795.26,20,401,3,23,1,0,0,0,1,237.62,0
1155.55,8,127,0,0,0,0,0,0,0,191.61,0
139.31,15,991,0,0,0,1,0,0,0,1156.41,0
8536.61,2,219,1,3,5,1,0,0,1,296.32,0
1324.58,3,104,2,6,1,0,0,0,0,4409.75,0
3931.15,23,138,0,0,2,0,0,1,1,614.96,1
6875.94,2,508,0,0,5,0,0,0,1,869.74,0
1820.62,12,373,4,23,3,0,0,0,0,2082.12,0
451.08,18,494,1,3,0,1,0,0,0,597.4,0
4738.95,20,126,2,6,1,0,0,0,3,281.03,0
1097.88,0,144,2,6,0,0,0,0,0,126.76,0
3068.02,22,184,0,0,0,1,0,0,0,7145.1,0
43.35,22,76,0,0,0,0,0,0,0,2558.12,0
2144.09,5,428,0,0,2,0,0,0,0,474.41,0
420.78,21,145,1,2,5,1,0,0,0,325.0,0
13094.72,2,144,1,7,0,0,0,0,0,695.37,0
2792.33,2,114,2,4,0,0,0,0,2,253.75,0
1571.5,15,220,1,2,2,1,0,0,0,353.78,0
2274.39,9,539,1,6,1,1,1,0,1,828.18,0
245.26,16,659,1,6,1,1,1,0,1,596.71,0
12517.53,6,595,2,6,1,0,0,0,0,437.64,0
21743.18,12,354,1,2,0,0,0,0,0,122.62,0
1977.07,10,120,0,0,0,0,0,0,1,414.67,0
11915.62,9,484,0,0,1,0,1,1,1,1614.54,0
466.98,6,14,3,13,1,0,0,0,0,171.85,0
331.73,23,584,1,3,1,0,0,0,0,185.31,0
1166.06,5,553,2,14,2,0,0,0,0,764.21,1
2105.72,23,404,1,5,1,1,0,0,0,249.01,0
607.3,0,37,4,27,5,0,0,0,3,480.97,0
2456.89,16,2164,3,7,0,0,0,0,2,864.19,0
1736.43,11,515,2,15,5,0,0,0,0,392.79,0
245.31,3,484,0,0,5,0,0,0,0,496.67,0
2387.95,2,24,1,3,0,0,0,0,0,1648.26,0
4004.97,5,185,2,4,0,0,0,0,0,530.94,0
1418.29,15,32,2,5,1,0,0,0,0,847.14,0
6179.37,12,163,1,4,0,0,0,0,1,406.63,0
176.6,8,308,1,2,0,0,0,0,0,404.73,0
2212.6,10,770,0,0,0,0,0,0,0,466.64,0
189.54,19,121,2,5,0,0,0,0,2,787.67,0
206.21,20,356,3,20,0,1,0,0,0,907.25,0
425.64,12,65,2,10,1,0,0,0,1,1432.29,0
266.91,22,159,1,3,1,0,0,0,0,203.18,0
482.03,18,1073,1,3,0,0,0,0,1,193.09,0
795.34,2,502,0,0,0,0,0,0,0,262.48,0
3849.63,11,288,1,3,0,0,0,0,0,244.1,0
677.4,18,105,2,12,0,0,0,0,1,1293.03,0
101.65,7,174,0,0,0,0,0,1,1,196.02,0
6063.86,13,62,1,3,0,1,0,0,2,1165.58,0
312.43,21,159,1,4,0,1,0,0,0,825.45,0
1004.17,8,59,1,2,2,0,0,1,0,90.49,0
2142.66,23,578,1,6,0,0,0,0,1,2790.66,0
1479.44,16,30,4,22,3,0,0,0,0,195.11,1
5660.51,5,76,3,21,0,0,0,0,1,1419.17,0
2249.59,3,428,2,6,0,0,0,0,0,880.48,0
301.28,3,849,1,7,1,1,0,0,0,1664.78,0
28791.72,18,1219,2,12,1,0,0,0,1,166.4,0
1467.77,11,659,1,3,5,0,0,0,1,621.61,0
879.18,1,86,0,0,2,0,0,0,2,463.92,0
4655.89,16,122,2,12,0,0,0,0,1,2853.64,0
1594.28,14,746,1,2,0,1,0,0,0,360.22,0
1995.88,9,803,1,6,0,0,0,0,1,1362.96,0
46086.53,2,373,3,23,0,0,0,0,0,460.17,0
725.83,19,137,0,0,0,0,0,0,1,425.0,0
680.86,3,92,0,0,1,0,1,0,2,1389.4,0
1306.19,21,698,3,14,0,0,0,0,0,2660.01,0
5471.31,0,83,0,0,0,0,0,0,1,825.73,0
114.46,0,395,0,0,0,1,0,0,0,2051.83,0
57.49,17,1255,2,11,5,0,0,0,1,151.82,0
454.56,3,445,3,12,5,0,0,0,1,2555.74,0
94.55,22,108,0,0,0,0,0,0,0,248.97,0
579.84,21,121,0,0,0,0,0,0,0,2778.04,0
2330.29,14,35,2,11,3,0,1,0,1,310.76,0
288.26,22,423,0,0,1,0,0,0,0,658.16,0
128.99,20,266,2,8,0,0,0,1,0,300.28,0
1216.83,21,84,3,23,2,1,0,0,1,456.45,0
3999.06,9,94,0,0,0,0,0,0,1,323.9,0
86.27,16,3,0,0,1,0,0,0,0,633.38,0
3753.14,21,1400,5,38,2,0,0,0,1,535.34,0
3736.7,11,642,2,12,3,0,0,0,0,72.5,0
4587.67,19,182,2,12,3,0,0,0,0,138.31,0
6820.72,11,1065,3,10,2,0,0,0,0,910.01,0
29822.57,15,412,1,4,5,1,0,0,0,622.05,0
642.82,4,508,2,14,0,0,0,0,0,158.31,0
1292.53,15,415,1,3,1,0,0,0,0,2490.47,0
587.19,16,516,4,18,0,0,0,0,2,155.13,0
1099.89,22,68,2,7,0,0,0,0,2,1126.76,0
10930.47,14,301,1,3,0,1,0,1,2,102.91,0
145.84,12,690,3,6,0,0,0,0,0,694.38,0
301.4,7,7,1,6,5,0,0,0,1,2067.73,0
8653.95,20,48,1,2,5,0,0,0,2,5106.87,0
5064.72,1,102,2,10,5,0,0,0,1,1504.44,0
636.07,7,127,2,4,0,0,0,0,0,1804.91,0
3950.52,9,73,5,39,3,0,0,0,0,268.78,1
1829.55,6,357,2,12,0,0,0,0,0,363.8,0
10408.85,9,127,3,17,0,0,0,0,0,1071.0,0
1226.31,3,62,2,6,2,0,0,0,1,123.39,1
5107.41,10,862,0,0,5,0,0,0,0,4997.53,0
57700.31,8,433,2,10,0,0,0,0,1,465.6,0
2689.6,3,103,1,4,1,0,1,0,3,97.84,0
1180.85,2,163,1,2,1,1,0,0,1,2577.71,1
3241.11,10,492,1,4,0,0,1,1,0,308.17,0
634.02,2,571,2,11,1,0,0,0,0,2882.46,0
39416.96,17,70,2,9,5,1,0,0,0,2404.82,0
1436.7,18,1006,4,21,3,0,0,0,0,324.54,0
728.22,13,561,1,5,0,0,0,1,1,429.37,0
313.08,23,709,3,10,0,0,0,1,0,1395.44,0
5686.39,10,56,3,7,1,0,0,0,1,252.43,0
4027.02,23,56,0,0,0,0,0,0,0,1609.89,0
520.07,1,132,2,14,0,1,0,0,0,5852.5,0
2603.67,1,24,1,7,0,0,0,1,0,881.88,0
114.11,1,34,0,0,0,0,0,1,0,111.64,0
1447.3,9,56,2,6,0,0,0,0,0,681.81,0
2162.75,22,454,1,5,0,0,0,0,0,539.35,0
14199.96,14,11,0,0,1,0,0,0,1,7820.87,0
345.08,21,31,1,5,5,0,0,0,0,391.99,0
161.17,11,1053,0,0,0,0,0,1,2,318.19,0
286.25,10,31,2,8,0,0,1,0,0,1157.82,0
147.69,16,281,1,5,2,0,0,1,0,534.39,0
8143.59,17,375,4,28,0,0,0,0,0,183.52,0
11192.05,13,1162,2,8,0,0,0,0,2,320.24,0
1772.82,16,839,2,9,0,1,0,0,0,1111.16,0
6849.58,14,212,0,0,5,0,0,0,2,3062.03,0
1340.69,11,1040,1,3,0,0,0,0,1,86.67,0
950.83,15,206,1,4,0,0,0,0,0,1917.43,0
665.44,22,404,1,2,3,0,0,0,0,747.21,0
688.43,5,109,3,15,5,1,1,0,0,232.04,1
107.59,1,369,0,0,5,0,0,0,0,411.48,0
1630.08,1,281,2,8,0,1,0,0,1,1166.37,0
1032.25,15,340,3,19,1,0,1,0,0,415.67,0
3354.44,1,418,2,13,0,0,0,0,0,47.93,0
1261.79,7,69,0,0,0,1,0,0,0,613.03,0
859.15,6,130,0,0,0,0,1,0,1,453.1,0
296.85,0,486,2,8,1,0,0,0,1,4388.46,0
1221.98,3,65,1,5,1,0,0,0,1,1535.21,0
3318.79,10,154,0,0,1,0,0,1,0,506.35,0
197.35,19,400,1,7,3,0,0,0,0,876.68,0
1250.39,6,1012,1,6,0,1,0,0,2,654.14,0
1555.52,17,28,1,3,1,0,0,1,0,2632.07,0
373.49,3,265,0,0,1,0,0,0,2,242.75,0
454.05,16,31,1,6,2,0,0,0,1,4157.67,0
1549.85,10,173,0,0,0,0,0,0,0,597.23,0
200.31,10,70,1,5,0,0,0,0,1,1360.57,0
1853.6,19,382,0,0,0,0,0,0,1,501.64,0
286.28,10,517,2,12,0,1,1,0,0,417.25,0
5400.68,14,103,1,6,2,0,0,0,0,198.93,0
36561.16,13,455,1,7,0,0,1,1,1,927.48,0
301.53,16,216,0,0,0,0,0,0,0,618.88,0
2443.81,1,121,2,12,0,0,0,0,0,3290.24,0
368.66,17,270,1,3,0,0,0,0,1,4659.43,0
5226.16,15,174,3,6,1,0,0,0,1,526.94,0
164.37,11,95,1,5,0,0,0,0,1,174.25,0
2254.94,9,516,0,0,2,1,0,0,0,599.8,0
296.05,15,582,2,4,1,0,0,0,1,593.53,0
803.94,2,588,1,5,1,0,0,1,1,2231.14,0
233.57,7,175,4,29,1,0,0,0,0,520.84,0
3765.08,21,67,2,11,0,0,0,1,0,448.66,0
312.48,21,669,2,12,0,0,0,1,1,49.24,0
2509.77,23,145,1,4,2,0,0,0,0,618.79,0
654.49,1,503,1,7,0,0,0,0,0,387.37,0
923.61,21,620,2,8,0,0,0,1,0,1455.4,0
1368.72,0,533,2,8,0,1,0,0,0,100.12,0
349.77,13,180,3,15,0,0,0,0,2,1188.75,0
1503.5,3,1015,3,16,0,0,0,0,1,1133.47,0
10888.93,3,393,2,10,1,0,1,0,0,427.92,0
341.33,8,312,2,13,2,0,0,0,0,656.85,0
6359.56,2,436,4,28,0,0,0,0,1,1961.91,0
10374.92,4,16,1,2,1,1,0,0,0,672.16,1
322.39,0,180,2,11,0,0,0,0,0,901.19,0
123.65,21,777,1,7,3,0,0,0,1,524.1,0
1724.93,18,64,2,11,0,0,0,0,2,184.51,0
482.46,0,195,2,12,1,0,0,0,1,851.88,0
18086.21,9,189,1,7,2,0,0,0,2,57.08,0
1155.41,21,160,2,14,3,0,0,0,0,695.56,0
329.21,11,301,1,2,0,0,0,0,0,1287.29,0
196.22,9,2033,1,3,1,0,0,0,2,3401.18,0
5624.33,1,107,1,7,0,1,1,0,0,1962.71,0
465.55,15,445,6,36,5,0,1,0,1,6101.07,1
1171.15,7,517,5,28,0,0,0,0,0,282.79,0
4599.51,13,320,1,7,1,0,0,0,1,1377.36,0
530.39,14,37,0,0,0,0,0,1,0,164.7,0
1023.63,15,310,4,26,1,0,0,0,0,1260.4,0
1069.71,10,1119,2,4,0,0,0,0,0,748.35,0
3056.38,11,152,0,0,0,0,0,0,2,535.56,0
2660.09,1,372,1,3,0,0,0,0,0,582.52,0
788.26,3,1169,0,0,0,0,0,0,0,615.21,0
1206.49,2,583,0,0,0,0,0,0,0,843.43,0
627.87,8,425,3,22,0,0,0,0,0,2220.59,0
119.53,17,1294,1,7,0,1,1,1,2,189.19,0
1613.89,18,68,1,7,0,0,0,0,0,187.11,0
18737.6,6,540,1,3,2,0,0,0,0,321.75,0
291.32,3,190,1,6,0,0,0,0,0,2339.65,0
343.94,5,163,1,2,1,0,0,0,0,357.51,0
297.05,18,268,3,20,0,0,0,0,0,355.85,0
3251.55,0,12,2,10,0,0,0,0,0,923.22,0
2148.94,15,136,1,7,1,0,0,0,1,476.32,0
864.54,10,66,0,0,2,0,0,0,1,506.31,0
276.71,21,54,0,0,5,0,0,0,0,2376.97,0
1259.62,3,150,1,3,5,1,0,1,0,749.5,0
104.91,17,591,4,14,2,1,0,0,0,686.75,0
1359.86,22,81,3,11,1,0,1,0,0,131.17,0
4053.3,4,276,2,10,0,1,0,0,0,287.37,0
167.87,21,504,2,8,0,0,0,0,0,368.09,0
110.08,5,100,1,4,0,1,0,0,0,349.23,0
11721.23,1,941,5,25,3,1,0,0,0,1492.87,1
438.06,11,734,1,2,1,1,0,0,0,5996.21,0
6026.5,21,105,0,0,0,0,0,0,0,431.19,0
870.44,8,1667,1,5,0,0,0,0,0,2114.43,0
860.12,19,403,1,7,0,1,0,0,0,5686.95,0
2116.71,11,123,0,0,0,0,0,0,0,185.07,0
291.2,12,417,0,0,0,0,0,0,3,1856.45,0
1337.75,21,400,1,2,3,0,0,0,1,2940.8,0
618.79,22,340,2,9,0,0,0,0,2,997.07,0
151.3,16,453,5,16,1,0,0,0,0,164.81,0
1819.33,4,114,0,0,1,0,0,0,1,227.54,0
738.81,19,1409,2,14,0,0,0,0,0,45.11,0
866.5,12,712,1,3,0,0,0,1,1,1660.7,0
178.53,12,499,1,4,0,0,0,0,1,492.75,0
11933.45,9,9,0,0,0,1,0,0,0,455.12,0
4084.98,14,325,3,12,2,0,0,0,1,262.76,0
4657.5,14,447,1,5,1,1,0,0,0,975.23,0
693.56,17,702,1,5,3,0,0,0,0,1136.09,0
81.96,17,1066,2,7,2,0,0,0,2,315.91,0
20524.53,1,903,3,18,1,0,0,0,1,509.59,0
1000.6,22,190,0,0,3,0,0,0,0,136.5,0
356.67,10,827,0,0,5,1,0,0,0,960.08,0
2049.2,12,0,0,0,0,0,0,0,0,545.57,0
6314.99,10,158,3,22,0,1,0,1,0,690.94,0
1059.36,3,44,0,0,1,0,0,0,0,275.3,0
7464.12,14,783,2,7,3,0,0,0,0,354.18,0
5566.38,21,960,2,5,1,0,0,1,0,1706.85,0
218.2,22,107,0,0,0,1,0,0,0,1593.51,0
399.14,10,167,3,19,0,0,0,1,0,1966.48,0
4611.49,17,1506,2,7,0,0,0,0,0,943.87,0
18.75,15,304,3,11,2,0,0,0,0,132.37,0
876.39,9,250,1,3,2,0,0,0,0,3224.39,0
128.22,11,253,3,21,0,0,0,0,0,491.34,0
536.56,12,434,0,0,0,0,0,0,0,2741.05,0
700.48,8,1128,1,5,0,0,0,0,0,1016.6,0
640.75,20,166,1,7,0,1,0,0,1,752.12,0
478.96,12,69,0,0,1,1,0,0,0,283.49,0
211.51,5,74,1,2,0,0,0,0,0,452.19,0
34127.78,5,7,1,6,3,0,0,0,0,426.19,0
18055.27,10,295,2,4,0,0,0,1,1,529.61,0
191.89,18,966,2,13,5,0,0,0,0,2396.23,0
11768.42,10,455,3,12,0,0,0,0,0,234.6,0
602.33,9,1809,2,13,0,0,1,0,3,953.81,0
1331.13,22,876,3,15,1,0,0,0,0,2483.93,0
997.34,14,247,3,12,0,0,1,0,2,648.84,0
407.64,12,243,1,7,5,0,0,0,1,673.22,0
4797.16,22,361,0,0,5,0,1,0,0,419.17,0
1324.55,7,42,3,7,3,0,0,0,2,195.27,1
536.56,4,341,4,30,0,1,0,0,1,445.12,0
154.95,1,227,0,0,2,0,0,0,1,1496.36,0
287.04,15,375,5,14,1,0,0,0,0,1436.83,0
93.5,12,304,3,19,3,0,0,0,0,1353.41,0
1116.93,18,135,2,10,5,0,0,0,0,739.46,0
182.18,8,341,2,12,1,0,0,0,1,679.22,0
736.32,14,166,6,36,0,0,0,0,1,188.69,0
8562.55,5,79,1,3,2,0,0,0,1,1331.9,0
6627.28,7,410,0,0,5,1,0,1,1,392.19,1
1044.8,23,133,3,7,0,0,0,0,0,747.09,0
962.34,13,802,2,11,0,0,0,1,0,1078.44,0
18394.59,4,81,3,8,0,0,0,0,2,795.23,0
2394.99,16,334,1,7,0,0,0,0,0,2288.54,0
670.68,21,309,0,0,1,0,0,0,0,2765.73,0
129.15,6,80,3,13,1,0,0,0,0,4145.65,0
1979.92,8,211,2,5,0,1,0,0,0,1657.48,0
3804.67,15,410,0,0,0,1,1,0,1,934.93,0
425.18,17,139,0,0,1,0,0,0,1,564.98,0
1697.32,12,44,1,4,5,0,0,0,0,1564.86,0
635.64,17,348,3,18,3,0,0,0,0,1660.35,0
832.1,9,92,1,3,0,0,0,0,0,1705.76,0
26.27,0,417,1,5,1,0,0,0,1,1161.74,0
786.29,20,667,2,9,0,0,0,0,0,589.54,0
4694.06,17,48,1,4,2,1,0,0,1,991.54,0
425.34,18,210,2,12,3,0,0,0,1,807.3,0
1186.53,1,214,2,15,2,1,0,0,0,253.48,1
352.86,3,365,1,7,0,0,0,0,1,727.16,0
1883.08,10,148,1,7,1,0,0,0,0,110.76,0
792.52,2,197,1,2,2,0,0,0,0,339.79,0
268.04,8,4,0,0,0,0,0,1,1,1127.37,0
8093.59,9,47,2,15,0,1,0,0,2,183.37,0
4417.8,1,307,1,2,1,0,0,0,0,2343.88,0
442.59,6,88,1,4,1,0,0,0,0,1978.45,0
2313.88,14,56,4,23,0,0,0,0,1,367.84,0
2455.58,18,143,2,15,3,0,0,0,0,454.94,0
2873.98,9,65,1,3,0,0,0,0,0,844.14,0
86.37,23,22,2,13,0,0,0,0,0,1210.11,0
4963.72,19,121,3,17,0,0,0,0,1,437.92,0
466.59,13,65,3,17,0,0,0,0,1,2773.13,0
641.15,3,586,0,0,5,0,0,0,0,296.05,0
57343.95,10,23,1,3,1,0,0,0,0,212.2,0
1724.7,2,502,1,4,1,0,0,1,1,155.39,0
614.32,22,176,2,10,2,0,0,0,0,163.57,0
40.13,16,410,0,0,0,0,0,0,0,1146.96,0
8818.85,6,19,2,12,1,0,0,0,2,3902.21,0
145.79,10,925,2,13,0,0,0,0,1,534.87,0
243.43,17,532,1,5,0,0,0,0,1,7552.0,0
667.12,13,55,1,4,1,0,0,0,1,493.73,0
9178.49,13,90,0,0,0,0,0,0,1,357.16,0
3497.7,5,376,4,25,0,0,0,0,0,1003.56,0
865.44,8,929,0,0,3,0,0,1,2,457.92,0
1741.39,21,215,0,0,0,0,0,0,0,1748.61,0
445.6,2,242,3,15,2,1,0,0,0,378.42,0
1352.19,16,99,0,0,0,0,1,0,0,2139.3,0
1224.15,11,176,3,17,1,1,0,0,0,996.33,0
4689.85,3,122,0,0,1,0,0,0,2,1774.27,0
4678.66,19,157,3,19,0,0,0,0,1,805.66,0
2300.69,15,7,0,0,0,0,0,1,0,414.71,0
636.81,23,15,2,7,3,0,0,0,0,434.78,0
3336.69,9,416,0,0,1,0,0,0,1,2286.93,0
955.32,6,417,3,15,0,0,0,1,1,319.62,0
216.4,9,146,2,6,0,1,1,0,0,325.79,0
598.88,6,790,1,6,5,0,0,0,0,2059.05,0
1244.88,22,112,0,0,0,1,0,0,1,277.6,0
4295.5,17,183,1,4,0,0,0,0,1,418.06,0
832.73,8,479,1,5,0,0,0,0,0,461.05,0
178.79,21,496,2,4,3,1,0,0,0,870.95,0
1194.06,17,720,1,3,0,0,0,1,0,206.54,0
1300.08,16,10,0,0,0,0,0,0,1,1580.2,0
1449.18,10,74,1,3,1,0,0,0,1,811.52,0
4358.17,0,373,2,14,2,0,1,0,1,1817.83,0
5056.27,16,150,4,21,0,0,0,0,1,498.83,0
449.75,3,16,1,7,5,0,0,0,1,909.05,0
435.19,3,322,2,5,3,0,0,0,0,482.39,0
230.37,13,182,0,0,5,0,0,0,0,1811.77,0
3128.23,8,165,3,11,2,0,0,0,0,441.44,0
9635.7,12,112,1,7,0,0,0,0,0,2041.51,0
683.6,15,2,2,8,0,0,0,0,0,279.15,0
763.45,0,73,1,5,0,1,0,0,1,925.14,0
9898.85,2,234,2,13,0,0,1,1,1,380.41,0
2341.01,18,117,1,3,1,0,0,1,0,263.5,0
2109.81,7,757,3,6,0,0,0,0,0,1139.14,0
183.76,17,56,0,0,0,0,0,0,0,138.11,0
3035.38,5,759,1,6,0,0,0,0,0,648.57,0
272.13,19,189,3,18,0,0,0,0,0,602.13,0
200.13,5,117,3,13,0,0,0,0,0,289.39,0
651.87,4,132,0,0,3,0,1,0,0,676.77,0
455.46,11,146,0,0,2,0,0,0,1,63.26,0
786.51,8,257,0,0,3,0,0,1,0,322.89,0
126.28,8,159,3,7,1,0,0,0,1,1530.02,0
4620.34,16,380,0,0,0,1,0,0,1,1985.87,0
5952.28,18,202,3,19,1,0,0,0,0,97.49,0
59.09,16,406,1,6,0,0,0,1,0,551.39,0
4758.49,21,338,1,5,5,0,0,0,1,2061.06,0
325.12,15,102,4,27,1,1,0,0,2,186.12,0
3965.8,11,611,2,10,0,0,1,0,1,3884.62,0
989.63,2,585,0,0,0,0,0,0,1,533.19,0
1145.0,13,1645,3,16,1,0,0,0,0,692.65,0
830.77,16,70,3,22,0,0,0,0,0,2451.19,0
6756.05,21,687,0,0,0,0,0,0,0,354.38,0
170.82,15,750,1,7,0,0,0,0,0,659.87,0
2729.19,20,375,1,6,5,0,0,0,0,937.47,0
5721.55,11,257,3,18,1,0,0,0,0,888.02,0
3211.55,23,1150,2,11,5,0,0,0,2,507.74,0
35848.19,1,1314,2,7,2,0,0,0,0,323.71,0
496.0,7,374,1,7,1,0,0,0,1,370.66,0
4609.88,11,162,1,7,0,1,0,0,2,563.65,0
935.3,20,620,1,7,0,0,0,0,0,225.04,0
6975.15,15,34,3,7,0,0,0,0,0,333.48,0
1084.06,7,125,2,12,0,0,0,0,0,1032.46,0
612.89,15,1546,1,5,1,0,0,0,1,142.03,0
7778.42,9,614,3,20,2,0,0,0,0,422.93,0
524.61,19,1024,0,0,2,1,0,0,0,380.37,0
131.75,14,329,1,7,3,0,0,0,0,584.3,0
505.09,3,191,1,3,0,1,0,0,0,336.85,0
2775.4,14,1422,0,0,5,0,0,0,1,555.99,0
8848.99,3,135,2,10,1,0,0,1,1,285.97,1
1295.55,10,516,4,22,0,0,0,0,0,460.96,0
7921.18,5,298,0,0,5,0,0,0,2,319.61,0
142.98,3,94,0,0,0,0,0,0,0,1030.47,0
564.03,8,6,4,21,0,0,0,0,1,2182.68,0
711.33,8,176,3,18,3,0,0,0,0,3163.85,0
923.49,2,289,2,7,1,0,0,0,0,138.29,0
1244.07,22,73,4,27,1,0,0,0,0,1174.45,0
3091.36,4,195,0,0,0,1,0,0,0,602.64,0
562.72,14,348,1,7,1,0,0,0,0,752.34,0
1350.92,8,458,4,17,0,0,0,0,0,2643.71,0
1024.86,1,19,3,19,3,0,0,0,0,296.63,0
273.46,2,398,2,8,0,1,0,0,1,1128.65,0
924.73,20,21,2,14,0,0,0,0,0,171.45,0
884.05,11,10,1,4,1,0,0,0,0,1007.92,0
856.09,15,60,2,6,0,0,0,0,0,3861.15,0
1150.14,4,387,4,19,0,0,0,0,1,1938.54,0
1228.45,9,19,3,8,1,0,0,0,0,344.27,1
573.38,14,7,2,11,0,0,0,0,0,519.7,0
7398.79,13,45,0,0,1,0,0,0,0,465.53,0
189.76,13,1091,2,9,0,1,0,0,0,357.63,0
371.87,22,868,2,11,0,0,0,0,0,72.9,0
70965.24,12,33,3,23,1,0,0,0,1,224.13,0
231.14,15,132,1,4,0,0,0,1,0,262.27,0
143.94,7,1074,1,4,0,0,0,0,2,938.02,0
3300.12,7,37,3,10,1,0,0,0,1,397.86,0
48.63,16,36,0,0,1,0,1,0,2,953.14,0
770.54,16,32,3,11,3,0,0,0,0,1704.04,0
27412.03,2,1368,0,0,0,0,1,0,0,2302.19,0
108.05,0,496,3,13,1,1,0,0,0,307.59,0
56.1,16,88,3,10,1,0,0,0,1,2052.28,0
115.73,23,17,0,0,0,0,0,0,0,111.66,0
4219.78,15,1226,0,0,2,0,0,1,2,303.16,0
5926.36,16,202,0,0,0,0,0,0,0,4457.69,0
508.32,1,332,2,5,0,0,0,1,0,904.13,0
3055.87,13,119,1,2,0,0,0,0,1,936.92,0
8825.35,6,518,2,11,0,0,0,0,2,1683.82,0
16010.81,18,79,1,5,1,1,0,0,0,1416.96,0
757.86,0,564,3,9,5,0,0,0,0,364.62,1
34.74,16,95,2,7,2,0,0,0,0,1128.09,0
320.12,9,37,1,3,0,0,0,0,0,829.68,0
578.13,5,237,2,13,0,0,0,0,1,157.25,0
743.67,6,612,1,4,2,0,0,0,2,1599.53,0
827.34,5,177,0,0,0,0,1,0,0,124.64,0
5874.3,4,10,2,11,2,0,0,0,0,115.17,0
7417.84,1,294,2,7,1,0,0,0,0,506.23,0
847.67,17,416,3,12,3,0,0,0,0,427.55,0
5697.18,23,492,1,6,1,0,0,0,0,4571.99,0
1875.24,16,187,1,6,0,0,1,0,1,171.08,0
1208.05,23,37,2,11,0,0,0,0,0,456.49,0
4271.91,22,320,2,10,1,0,0,0,1,1349.22,0
1222.16,6,145,3,9,0,0,0,0,0,238.62,0
24021.79,20,1071,1,4,0,1,0,0,2,336.45,0
126.77,18,254,0,0,0,0,0,0,0,1494.17,0
506.36,6,233,1,6,3,0,0,0,0,2421.03,0
907.07,22,135,2,11,0,0,0,0,3,4233.31,0
2120.02,6,150,1,4,0,0,0,0,0,184.85,0
7346.22,15,262,3,15,2,1,0,0,0,227.22,1
1057.22,11,133,2,9,0,0,0,0,0,111.69,0
129.89,14,813,1,2,3,0,0,0,0,2072.75,0
3880.7,14,210,1,6,1,0,0,0,0,1890.2,0
3403.09,10,126,0,0,0,1,0,1,1,270.98,0
59.57,1,61,0,0,0,0,0,0,1,1590.18,0
1090.39,2,407,4,26,1,0,0,0,1,2040.16,0
100.97,18,9,0,0,2,0,1,0,2,658.63,0
404.65,19,218,2,4,0,0,1,0,0,2123.33,0
283.1,14,291,1,6,1,0,0,0,0,1218.66,0
3691.9,15,151,4,15,0,1,0,0,0,421.37,1
1306.68,0,505,0,0,0,1,0,0,0,518.28,0
159.43,14,410,2,10,0,0,0,0,1,159.18,0
4105.57,11,1297,2,10,5,1,0,0,2,2988.5,0
127.65,6,259,1,4,0,0,0,0,0,389.13,0
1799.33,6,281,1,5,1,0,0,1,1,1927.39,0
323.43,10,102,2,12,5,0,0,0,0,1396.99,0
633.64,19,177,1,2,0,0,0,0,1,301.95,0
2336.49,10,9,0,0,0,0,0,0,1,728.72,0
2397.48,16,426,0,0,0,0,0,0,1,147.71,0
8147.4,2,136,3,14,0,0,0,1,0,1191.86,0
969.34,15,283,0,0,0,0,0,0,1,247.94,0
1736.59,4,107,1,4,0,0,0,0,1,561.83,0
568.72,1,354,4,12,0,1,0,0,1,508.33,0
1440.84,22,216,0,0,2,0,0,0,1,163.44,0
2120.12,6,239,1,7,1,0,0,0,1,247.35,0
946.28,9,1043,1,3,3,0,0,0,1,2569.94,0
73.29,4,447,0,0,0,1,0,0,1,3399.67,0
1803.0,14,110,0,0,1,1,0,0,1,198.34,0
1894.75,11,255,2,9,1,0,0,0,0,523.72,0
395.34,9,229,1,5,3,0,0,0,1,554.77,0
159.72,21,578,3,15,3,1,0,0,0,470.01,1
10034.84,16,654,4,9,3,0,0,1,1,1371.96,0
2291.97,19,121,0,0,1,0,0,0,1,2140.28,0
777.73,19,628,0,0,3,0,1,0,0,393.39,0
199.23,10,72,1,4,1,0,0,0,1,1178.75,0
319.67,7,525,0,0,3,1,0,0,0,422.59,0
7737.9,14,104,3,21,0,0,0,0,1,2224.72,0
1348.16,1,129,0,0,0,0,0,0,1,1259.79,0
480.16,16,698,2,11,1,1,0,0,1,313.19,0
2355.56,22,198,0,0,5,0,0,0,0,682.65,0
323.24,5,1702,0,0,1,0,0,0,1,291.03,0
10417.73,20,60,2,10,1,0,0,0,1,1972.9,0
8343.19,12,227,2,15,0,0,0,0,1,315.96,0
544.65,7,481,1,3,0,0,0,0,0,858.86,0
427.09,10,1,3,12,1,0,0,0,0,278.3,0
21.6,14,60,4,22,0,0,0,0,2,1058.32,0
118.82,12,7,1,7,2,0,0,0,3,410.98,0
147.05,17,1804,1,5,5,0,0,0,1,230.23,0
1343.17,17,521,1,3,1,0,1,1,0,570.56,0
672.26,16,170,4,9,0,0,0,0,0,1100.07,0
145.77,21,62,1,7,0,0,0,0,1,218.49,0
719.28,12,34,3,18,5,0,0,0,1,257.05,0
2340.23,2,277,0,0,2,0,0,0,0,1112.22,0
2420.57,20,1359,4,25,0,0,0,0,0,845.04,0
63.47,23,409,0,0,2,1,0,0,0,3452.69,0
904.7,6,165,1,6,0,1,0,0,0,108.67,0
137.69,11,253,0,0,3,1,0,0,1,795.55,0
4241.16,3,2487,2,5,2,0,0,0,0,2600.87,0
3555.39,23,266,5,38,1,0,0,0,2,2332.2,0
285.13,10,1215,0,0,2,0,0,0,0,1609.69,0
347.56,13,6,1,2,0,0,0,0,0,494.0,0
549.0,17,465,0,0,2,0,0,0,0,1137.14,0
37.37,6,360,1,4,0,0,0,0,1,547.01,0
1815.2,4,422,1,2,0,0,0,0,1,93.97,0
728.31,15,308,1,6,5,0,0,0,1,342.64,0
4699.74,10,16,1,5,0,0,0,0,1,1160.01,0
211.11,21,59,1,6,0,0,0,0,0,1427.51,0
433.25,2,932,0,0,5,1,0,0,1,1019.2,0
114.46,15,96,2,15,3,0,0,0,0,241.89,0
243.12,10,1807,0,0,2,1,1,0,0,768.74,0
186.24,9,415,3,13,5,0,0,0,0,1103.43,0
4885.18,22,214,0,0,2,0,0,0,0,154.95,0
384.76,22,922,1,4,1,0,0,0,0,2188.53,0
1321.16,1,578,4,24,2,0,0,0,1,1348.33,0
619.46,15,204,1,7,2,0,0,0,1,630.12,0
163.33,16,25,2,8,5,1,0,0,0,497.76,1
851.97,9,739,2,10,1,1,0,0,1,173.26,0
2693.66,17,528,1,7,2,0,0,0,2,1160.99,0
179.17,11,570,3,14,0,0,0,0,0,349.53,0
3691.06,7,498,1,3,1,0,0,0,2,466.88,0
306.56,2,117,0,0,0,0,0,0,1,622.09,0
531.4,19,714,2,4,2,0,0,0,0,27.57,1
2430.92,23,0,1,3,0,0,1,0,0,1149.76,0
405.39,2,98,2,12,0,1,0,0,2,4801.79,0
1160.22,5,17,1,2,0,0,0,1,0,1200.51,0
684.0,1,42,0,0,0,1,1,0,0,463.94,0
1331.49,2,277,3,8,0,0,0,0,0,2375.15,0
30.84,16,13,1,4,0,0,0,0,2,239.85,0
70.49,8,73,2,5,1,0,0,0,0,363.02,0
2762.66,3,96,0,0,0,0,0,0,0,925.7,0
5196.66,21,388,1,7,1,0,0,0,1,58.2,0
279.85,22,230,5,15,0,0,0,0,0,1731.68,0
760.49,1,223,0,0,0,0,0,0,0,511.1,0
1706.29,23,533,3,8,1,0,1,0,0,1700.5,0
3102.07,8,222,2,6,1,0,0,0,0,908.88,0
52.38,13,156,1,3,0,0,0,0,1,1144.55,0
290.31,10,1197,2,7,5,1,0,0,1,2361.04,0
665.89,1,3,0,0,1,1,1,0,0,914.79,0
3148.59,20,133,0,0,3,0,0,0,0,1059.03,0
46520.38,1,343,1,6,2,0,0,0,1,271.27,0
778.98,4,557,1,7,1,0,0,0,0,1089.11,0
132.89,6,618,0,0,0,0,0,0,0,354.19,0
2005.01,21,17,2,14,0,1,0,0,0,1009.81,0
7954.5,3,450,2,12,2,1,0,0,0,342.67,0
1289.51,13,464,4,25,0,0,0,0,2,854.36,0
281.47,1,87,0,0,0,0,0,0,0,477.83,0
4614.65,22,43,1,5,0,0,0,0,1,532.44,0
2967.04,11,505,0,0,3,0,0,0,1,203.84,0
235.3,9,104,1,4,1,0,0,0,1,992.69,0
1943.29,0,0,1,4,0,0,0,1,0,1228.25,0
4894.65,18,92,1,6,5,0,0,0,0,987.23,1
6456.45,22,11,1,4,1,0,1,0,0,1660.66,0
992.6,15,104,0,0,0,0,1,0,1,141.86,0
640.9,14,148,3,8,0,0,0,0,0,201.51,0
6911.28,13,115,2,14,0,0,0,0,1,551.05,0
178.53,8,921,2,14,5,0,0,0,0,214.67,0
2117.24,20,96,1,3,2,0,0,0,1,823.27,0
140.47,22,230,1,2,1,0,0,0,5,913.95,0
5421.16,14,1152,1,7,0,0,0,0,0,214.93,0
744.66,6,771,1,4,0,0,0,1,1,1295.4,0
7353.08,3,135,1,2,0,0,0,0,0,1399.72,1
2291.86,20,144,0,0,1,1,0,1,0,565.71,0
175.07,17,328,0,0,0,1,0,0,3,574.53,0
9292.3,7,912,2,4,3,0,0,0,0,866.4,1
11235.88,11,3,3,13,0,0,0,0,0,3574.05,0
4119.26,14,182,2,9,1,0,0,0,1,1338.11,0
349.89,14,691,1,6,1,0,0,0,1,614.72,0
692.96,16,192,1,3,0,0,0,0,0,630.06,0
1363.95,1,464,1,7,0,0,0,0,1,875.09,0
381.62,11,429,3,8,0,0,1,0,3,599.89,0
13884.38,2,83,2,11,0,1,0,0,0,947.36,0
1361.7,6,217,3,11,0,0,0,0,1,1513.01,0
19.01,5,304,1,2,5,0,0,0,0,16731.2,0
1824.45,13,458,4,20,0,0,0,0,0,376.59,0
650.51,22,630,2,6,0,0,0,0,0,672.5,0
980.06,4,520,0,0,0,0,0,0,1,3699.03,0
630.85,3,10,4,8,5,0,0,1,0,86.06,1
3679.64,14,405,2,10,0,0,0,1,1,894.78,0
5881.29,6,251,1,3,1,0,0,0,0,308.41,0
1676.69,2,311,0,0,1,0,0,0,0,2127.26,0
659.2,12,170,2,12,2,0,0,0,0,916.89,0
1030.7,9,456,0,0,0,0,0,0,1,1054.03,0
1129.35,22,408,1,6,5,0,0,0,0,9457.86,0
329.1,1,316,1,5,0,1,0,0,1,344.78,0
2613.36,11,721,1,2,0,0,0,0,1,662.36,0
2186.51,23,39,1,7,0,0,0,0,3,1328.58,0
11055.26,21,130,1,5,0,0,0,0,1,350.48,0
7208.56,11,249,1,7,1,0,0,1,0,1163.39,0
392.09,18,1162,0,0,0,0,1,1,1,325.61,0
3753.51,18,27,1,3,1,0,0,1,1,448.03,0
263.37,20,150,2,9,0,1,0,0,1,1279.19,0
3114.73,2,949,1,4,1,0,0,0,0,558.47,0
505.26,5,833,2,4,0,0,0,1,1,723.94,0
236.3,1,731,0,0,0,0,0,0,1,2222.8,0
1669.15,23,134,2,12,0,0,0,0,0,1033.22,0
19.85,12,684,0,0,2,0,0,0,0,838.41,0
79.32,8,256,0,0,3,0,0,0,0,1328.02,0
840.3,12,352,0,0,0,0,0,0,0,823.98,0
1240.99,22,99,3,11,1,0,0,1,0,36.94,0
630.19,13,447,1,7,0,0,0,0,1,159.71,0
102.6,18,144,1,2,0,0,0,0,0,931.67,0
321.55,10,153,2,15,1,0,1,0,0,965.25,0
1972.02,13,369,4,29,1,0,0,0,0,3476.21,0
2624.57,15,100,3,23,0,0,0,1,0,486.11,0
1070.27,9,92,3,7,0,0,1,0,0,83.41,0
6218.29,19,168,0,0,0,0,0,0,0,742.89,0
1990.41,15,549,4,14,0,0,0,0,2,3866.94,0
357.39,1,92,4,29,3,0,0,0,0,336.92,0
720.0,15,565,1,6,0,0,0,0,1,324.05,0
133.71,13,434,1,2,5,1,0,0,0,400.97,0
932.43,20,414,0,0,1,0,0,0,2,1040.33,0
5814.74,17,235,2,9,1,0,0,0,0,496.2,0
3065.41,5,500,2,6,0,0,0,0,0,138.94,0
8982.32,6,4,2,9,2,0,0,1,1,1736.59,0
696.22,12,133,1,7,0,0,0,1,0,1954.76,0
8259.75,1,414,2,9,0,0,0,0,0,938.2,0
820.61,14,1593,1,6,0,0,0,0,0,193.62,0
9970.42,16,0,2,7,5,0,1,0,0,453.78,0
1061.26,12,260,2,7,0,0,0,0,1,1555.08,0
3167.97,6,939,0,0,0,0,0,0,0,278.53,0
10023.31,0,726,1,7,0,0,0,0,0,309.25,0
820.45,2,8,1,5,0,0,0,1,1,236.24,0
1521.7,19,275,1,3,0,0,0,0,0,807.36,0
7580.2,17,1,4,13,0,0,0,0,0,1393.81,0
898.29,6,568,0,0,0,1,0,0,1,808.1,0
151.21,20,134,2,5,3,0,0,0,4,512.6,0
27296.41,16,529,5,11,3,0,0,0,0,590.54,0
542.05,11,1057,1,2,0,0,0,0,1,141.7,0
1391.5,15,1362,2,8,3,0,0,0,0,2373.02,0
6210.58,23,819,3,12,2,0,0,0,0,1287.45,0
440.21,9,83,2,4,0,0,0,1,0,483.16,0
241.82,22,78,1,2,2,1,0,0,0,282.55,0
1604.56,15,358,3,12,1,0,0,0,0,315.54,0
74.47,19,286,0,0,0,0,0,0,0,491.51,0
712.04,17,3,3,13,5,1,0,0,1,2276.83,0
1583.76,14,181,1,3,2,1,0,0,1,172.51,0
731.48,22,865,2,13,3,1,0,0,0,353.13,0
108.29,10,834,1,4,0,1,0,1,0,275.52,0
11983.27,17,83,3,17,0,0,0,0,0,1002.49,0
1280.89,5,175,1,6,5,0,0,1,0,566.23,0
9383.69,0,299,0,0,3,0,0,0,1,430.8,0
742.44,22,699,2,14,0,0,0,0,0,928.23,0
292.94,6,277,2,9,0,0,0,0,0,146.66,0
1642.17,11,1258,2,11,0,1,0,0,0,401.88,0
793.39,19,585,2,7,1,1,0,0,1,589.52,0
187.42,3,1116,0,0,1,0,0,0,2,83.56,0
9943.52,9,479,3,9,0,0,0,0,0,1460.17,0
431.21,20,766,0,0,2,1,0,0,0,946.28,0
69.38,1,648,1,4,0,0,0,0,0,544.35,0
8040.52,8,106,1,3,0,0,0,0,2,330.6,0
514.68,9,95,1,4,5,0,0,0,0,3980.44,0
440.66,19,729,1,5,0,0,0,0,1,1772.88,0
77.63,10,32,2,15,0,0,1,0,0,158.44,0
14934.25,13,191,4,10,1,0,0,0,0,235.51,0
158.5,2,627,0,0,0,1,0,1,0,78.63,0
1197.12,0,612,3,20,0,0,0,0,0,404.22,0
4311.02,6,54,1,5,3,1,0,0,0,252.62,0
2064.36,3,244,1,2,0,1,0,0,1,971.51,0
1002.77,6,238,2,13,3,0,0,1,0,1501.34,0
85.41,15,142,1,6,0,0,0,0,0,245.93,0
325.52,9,909,0,0,0,0,0,0,0,742.48,0
1453.46,14,386,2,14,0,0,0,0,0,362.47,0
336.72,15,1431,5,29,1,0,0,0,1,2534.81,0
1487.78,5,25,2,7,2,0,0,0,1,450.05,0
3049.14,3,183,3,6,0,0,1,0,1,1299.91,0
4645.96,3,657,1,6,0,0,0,0,0,606.22,0
174.29,23,200,1,3,5,0,0,0,0,1446.98,0
29583.41,22,110,2,7,2,0,1,0,0,396.71,1
3467.6,3,2234,2,9,0,0,0,0,0,543.75,0
1093.82,21,753,1,6,5,0,0,0,0,418.71,0
5621.22,21,288,2,15,3,0,0,0,0,746.0,0
38105.41,16,301,3,9,5,1,0,0,3,1478.83,0
126.71,12,2,3,21,0,1,1,0,3,821.44,0
782.2,1,1446,0,0,1,0,0,0,0,661.8,0
30.95,19,599,1,7,0,0,0,0,0,211.03,0
1464.07,5,13,1,7,0,0,0,1,2,328.12,0
1897.12,21,70,1,4,0,0,0,0,1,363.94,0
1034.07,0,627,0,0,2,0,0,1,0,1533.35,0
410.84,7,33,0,0,0,0,0,0,0,714.13,0
50.69,17,1037,1,6,3,0,0,0,1,425.44,0
1920.42,20,3330,0,0,1,0,0,0,1,531.12,0
9731.78,3,794,0,0,0,0,0,0,1,565.56,0
451.91,4,490,3,8,0,0,0,0,0,276.86,0
2121.95,4,243,0,0,0,0,0,0,1,534.46,0
104.35,14,31,2,11,0,0,0,0,0,604.51,0
2177.25,9,478,0,0,1,0,1,1,0,266.8,0
607.85,7,184,1,2,0,0,0,0,0,733.16,0
349.45,6,308,1,6,5,1,0,0,0,228.69,0
350.53,11,126,1,7,0,0,0,0,1,240.65,0
607.64,10,101,1,4,0,0,0,0,0,1467.17,0
1946.23,12,143,0,0,0,0,0,0,1,301.55,0
153.2,14,613,2,7,0,0,0,0,1,1355.7,0
604.45,16,202,5,32,0,1,0,1,2,468.5,0
1030.49,21,136,1,3,0,0,0,0,1,1267.38,0
210.91,21,207,0,0,3,1,0,0,1,184.31,0
16236.19,17,11,1,5,2,0,0,0,1,1310.93,1
304.83,7,807,3,6,2,0,0,0,0,272.59,0
401.76,5,292,3,9,0,0,0,0,0,139.61,0
252.78,10,40,1,3,0,0,0,0,1,298.71,0
16280.45,8,124,2,7,0,0,0,0,0,594.1,0
2513.31,4,1499,0,0,5,0,0,1,0,211.48,0
269.11,6,328,3,22,0,0,0,0,0,764.32,0
5763.77,21,125,1,2,3,0,0,0,0,388.75,0
1481.85,14,202,1,3,0,0,0,0,0,520.48,0
1613.05,20,109,3,6,0,0,0,0,0,468.96,0
654.12,21,11,2,14,2,1,0,0,1,216.79,0
356.34,3,673,2,6,5,0,0,0,0,4511.33,0
1820.1,18,126,0,0,3,1,0,0,0,1564.59,0
484.14,12,665,0,0,0,1,0,0,2,217.87,0
16732.92,0,237,2,8,0,0,0,0,0,973.43,0
163.38,0,73,0,0,5,1,1,0,2,2668.24,1
10984.44,21,590,2,7,0,0,0,0,1,179.74,0
927.99,13,172,0,0,3,0,0,0,0,5384.99,0
1717.51,8,448,2,8,5,0,1,0,0,297.22,0
3826.62,23,662,0,0,0,0,0,1,0,212.49,0
426.08,11,1203,1,3,1,0,0,0,1,2127.53,0
4009.3,17,32,1,4,1,1,0,0,0,497.99,0
18.89,8,3,1,6,1,0,0,0,0,122.96,0
372.42,7,290,1,3,0,1,0,0,0,1566.45,0
274.21,13,112,1,7,5,1,0,0,2,597.74,0
167.29,8,231,1,2,2,0,0,0,0,551.07,0
794.38,19,27,5,35,1,0,0,0,0,924.75,0
1955.94,1,254,1,5,0,0,0,0,1,785.89,0
3146.32,0,48,2,9,1,0,0,0,0,437.64,0
1573.91,12,665,4,8,3,0,0,0,0,647.94,0
404.02,9,520,0,0,1,0,0,0,1,412.3,0
1907.45,7,28,4,17,1,1,0,0,0,208.42,0
1321.38,6,660,2,14,0,0,0,0,0,1025.21,0
4465.27,23,143,1,7,0,0,0,0,1,477.17,0
3517.15,11,158,3,22,1,0,0,0,0,484.53,0
1147.93,16,72,0,0,0,0,1,0,1,2182.28,0
285.47,11,658,2,7,0,0,0,0,1,411.08,0
411.82,15,189,0,0,0,0,0,0,1,3116.54,0
480.73,9,18,2,15,0,1,0,0,0,671.3,0
683.41,11,1236,2,5,0,1,0,0,0,982.11,0
1639.38,10,107,2,8,3,0,0,0,1,72.27,1
3205.94,13,1004,3,21,1,0,0,0,0,2537.22,0
1015.69,21,130,0,0,0,0,0,1,0,658.97,0
1123.48,19,649,1,7,5,0,0,0,0,10827.88,0
1359.62,12,398,2,5,5,0,0,0,0,96.8,0
505.8,1,720,3,19,0,0,0,0,0,2255.92,0
273.67,19,1363,2,8,0,0,0,1,0,2662.96,0
78.79,6,748,1,6,3,0,1,0,2,1192.05,0
386.56,0,188,0,0,1,0,1,0,1,802.1,0
2229.91,2,614,4,24,0,0,0,0,0,711.19,0
382.08,19,453,3,18,0,0,0,1,1,389.82,0
767.62,11,23,1,4,0,0,1,0,1,980.03,0
2207.57,4,969,3,23,0,0,0,0,0,592.76,0
2394.75,11,228,1,2,3,0,0,0,0,278.95,0
217.17,2,52,2,12,0,0,0,0,3,307.37,0
4893.14,19,202,2,14,5,0,1,0,1,203.81,1
5949.28,4,337,3,21,0,0,0,0,1,161.49,0
201.39,0,310,0,0,0,0,0,0,0,1592.53,0
318.7,15,312,1,7,0,0,0,0,0,178.2,0
6546.17,8,107,1,2,0,0,0,0,0,152.2,0
879.82,9,365,1,5,3,0,0,0,0,129.84,0
39.26,9,868,0,0,0,1,0,0,0,179.4,0
134.35,12,179,0,0,0,0,0,0,0,769.28,0
754.42,15,363,3,18,0,0,0,0,1,678.05,0
191.61,19,102,0,0,0,0,0,0,0,667.11,0
589.85,3,18,0,0,3,0,0,0,0,5529.42,0
1151.24,13,321,1,7,1,0,0,0,1,1770.0,0
9831.85,16,17,1,7,0,1,0,0,0,594.53,0
709.33,4,469,5,19,0,0,0,0,0,449.24,0
5479.74,12,405,0,0,2,0,0,0,0,480.2,0
9350.08,2,168,0,0,5,0,0,1,1,101.49,1
9428.24,4,193,2,7,2,0,0,0,0,231.06,0
1680.98,15,911,2,11,5,0,0,0,1,869.65,0
57.69,18,4,0,0,0,0,0,1,0,488.23,0
2189.08,18,302,0,0,0,0,0,0,0,268.04,0
5284.85,16,937,0,0,2,0,0,0,0,2218.57,0
971.07,17,895,1,3,2,0,0,0,0,98.1,0
15016.06,17,320,3,14,0,0,0,0,0,471.54,0
3982.84,22,175,2,13,2,0,0,0,0,465.48,0
2571.93,7,38,0,0,0,0,0,0,1,2699.02,0
5594.68,17,69,1,6,0,0,0,0,0,5315.3,0
1808.14,8,415,0,0,5,0,0,0,0,291.01,0
26.07,18,6,1,2,0,0,0,0,1,1611.51,0
518.68,9,784,1,2,2,1,0,0,0,1740.63,0
6606.12,1,323,3,15,2,0,0,0,0,777.97,0
326.56,16,16,1,4,5,0,0,0,0,95.54,0
784.3,23,100,0,0,0,0,0,0,2,229.96,0
228.78,12,329,2,10,0,0,0,0,0,1103.9,0
15928.8,10,13,1,5,1,1,0,0,1,1197.48,0
13660.16,15,552,2,9,0,0,0,0,0,209.18,0
291.25,19,921,0,0,0,0,0,0,1,274.79,0
1367.78,6,1186,0,0,3,0,0,0,0,171.31,0
395.15,2,482,2,11,3,0,0,0,1,1447.72,0
2758.43,15,709,1,2,1,0,0,0,0,479.92,0
2355.54,18,344,1,3,0,0,0,0,0,41.86,0
3705.44,19,223,2,13,0,0,1,0,1,7094.16,0
1804.21,15,455,0,0,3,0,0,0,0,1579.27,0
89599.88,1,92,1,6,2,1,0,0,0,171.0,0
234.65,13,42,0,0,5,0,0,0,1,126.09,0
84.28,19,523,0,0,0,0,0,1,0,186.57,0
608.12,9,1158,2,7,0,0,0,0,0,112.15,0
104.38,18,314,1,4,0,0,0,0,2,1049.25,0
116.9,23,240,2,10,0,0,0,0,1,93.22,0
244.21,10,279,4,13,3,0,0,0,0,3887.36,0
274.99,17,237,1,7,1,1,0,0,0,1663.93,0
261.93,10,213,2,12,0,0,1,0,1,2549.74,0
2385.89,8,1072,1,7,0,1,0,0,0,1141.98,0
513.23,18,238,2,8,0,1,0,0,1,792.74,0
837.76,19,30,1,7,1,0,0,0,1,695.7,0
4193.74,9,529,2,13,5,0,0,0,0,1926.45,0
347.41,2,181,1,6,3,0,0,0,0,156.03,0
737.44,2,452,1,6,1,1,0,0,0,514.11,0
1898.16,23,316,1,4,0,0,0,0,0,273.78,0
59.6,7,455,0,0,1,1,0,0,0,808.28,0
30.65,5,23,1,3,2,0,1,0,0,242.0,0
1843.05,19,12,5,27,1,0,0,0,1,916.1,0
2293.93,0,173,5,36,0,0,0,0,1,1314.29,0
24253.84,19,431,3,14,1,1,0,0,1,944.75,0
1390.12,23,92,2,11,3,0,0,0,0,1203.6,0
3750.37,5,207,0,0,0,1,0,0,1,397.35,0
817.94,1,1442,3,21,0,0,0,0,2,165.22,0
1712.72,18,88,2,11,0,1,0,0,0,1531.84,0
13371.56,6,687,4,23,3,0,0,0,1,3397.91,0
45.33,10,637,1,7,0,0,0,0,2,150.89,0
2039.43,10,810,1,7,1,0,0,0,0,871.46,0
26994.28,3,900,0,0,1,0,0,0,0,16.27,0
1674.13,19,258,5,34,0,0,0,0,0,673.27,0
13041.08,15,418,3,23,1,0,0,0,0,892.56,0
426.74,4,352,2,10,0,0,0,0,0,175.14,0
1045.16,23,134,0,0,5,0,0,0,0,2751.76,0
1153.19,6,119,3,20,0,0,0,0,0,691.14,0
39.39,15,152,4,18,0,0,0,1,0,2117.77,0
190.13,14,89,1,7,0,1,0,0,1,11574.83,0
211.6,4,516,1,4,2,1,0,0,1,352.71,0
3763.48,0,1219,2,6,0,1,0,0,0,270.81,0
4057.12,19,738,2,12,0,0,0,0,1,2350.5,0
1783.0,21,89,0,0,0,0,0,0,1,596.92,0
3775.0,21,19,1,2,0,0,0,0,0,95.22,0
857.29,8,516,1,7,3,0,0,1,0,243.26,0
6653.49,20,180,0,0,5,0,1,0,0,1528.68,0
1111.19,4,635,0,0,1,0,0,0,2,1608.49,0
1196.07,21,551,2,9,0,0,0,0,1,1019.77,0
736.28,5,358,0,0,3,0,0,0,0,1026.89,0
3061.55,2,107,2,7,3,0,0,0,0,178.27,0
583.01,5,40,2,9,1,1,1,1,1,314.15,0
4744.05,7,106,3,8,3,0,0,0,0,944.78,0
200.69,5,260,3,12,3,0,0,0,1,1292.02,0
210.95,15,1418,0,0,1,0,0,0,0,1491.85,0
3075.25,15,24,1,7,0,0,0,0,0,775.51,0
960.24,20,81,1,6,3,0,0,1,0,316.85,0
555.11,2,360,2,13,0,0,0,0,2,327.39,0
4167.56,16,132,3,18,0,0,0,0,2,1676.22,0
441.03,20,713,2,5,1,1,0,0,2,2717.27,0
812.16,5,54,0,0,1,0,0,0,1,125.84,0
8944.93,5,1204,2,10,5,0,0,0,0,3846.66,0
11033.74,21,888,1,5,2,0,0,0,0,502.26,0
11598.11,18,797,2,15,0,1,0,0,0,1673.77,0
718.25,19,69,0,0,3,0,0,1,0,373.04,0
6946.92,14,145,3,22,0,0,0,0,1,679.93,0
264.16,18,594,1,7,0,0,0,0,0,845.36,0
281.36,1,601,2,14,0,1,0,0,1,340.16,0
32.28,7,445,1,4,0,0,0,0,0,3353.28,0
13484.58,6,216,1,6,0,0,0,0,0,614.44,0
300.07,7,136,2,10,3,0,0,0,0,1370.78,0
907.05,12,1202,3,9,2,0,0,0,0,364.35,0
279.92,21,54,1,2,0,1,0,0,1,2054.3,0
3111.15,14,16,0,0,0,0,0,0,0,617.23,0
624.25,11,3,1,3,2,1,0,0,1,699.87,0
154.9,14,544,2,12,0,0,0,0,1,229.65,0
2127.06,13,21,1,7,1,1,0,0,0,327.74,0
127.66,6,282,1,3,3,0,0,0,0,469.02,0
312.28,16,167,0,0,0,0,0,0,0,250.48,0
46.51,4,57,1,4,0,0,0,0,0,348.55,0
129.55,19,492,1,2,3,1,0,0,1,3406.14,0
1433.38,9,20,0,0,5,0,0,1,0,258.69,0
57.58,18,139,4,20,0,0,0,0,0,878.66,0
118.9,17,301,1,7,1,0,1,1,1,689.7,0
1092.74,23,187,1,7,2,1,1,0,0,707.78,0
485.21,9,109,1,3,0,1,0,0,0,1053.1,0
21764.92,1,950,1,3,5,0,0,0,2,1068.0,0
17168.73,5,975,1,5,1,0,0,0,0,96.39,0
298.3,2,196,1,2,1,0,0,0,2,615.5,0
2529.32,18,182,3,10,0,1,0,0,0,837.94,0
3374.23,4,134,2,13,5,0,0,0,0,647.25,1
447.55,6,706,4,11,0,1,0,0,0,1259.61,0
116.36,6,306,2,10,2,0,0,0,1,932.77,0
1076.59,9,34,5,21,1,1,0,0,2,503.14,0
846.18,0,700,1,3,0,1,0,0,0,2379.51,0
570.41,10,279,2,15,1,0,0,0,2,500.85,0
2129.14,22,196,1,6,1,0,0,0,1,5866.36,0
355.64,6,150,1,3,2,0,0,0,1,138.62,0
194.81,5,38,2,13,2,0,0,0,1,887.26,0
1291.58,5,1145,1,2,2,0,0,1,1,6531.41,0
1956.58,12,493,0,0,2,1,0,0,0,1264.13,0
187.74,15,51,1,2,1,0,0,0,0,16497.67,0
4412.23,12,261,0,0,0,0,0,0,2,1625.36,0
77.04,1,296,2,11,0,0,0,0,0,546.4,0
460.74,18,67,1,3,0,0,0,0,1,887.95,0
744.7,18,203,3,10,5,0,0,0,1,2946.42,0
422.28,18,378,2,8,1,0,0,0,1,308.65,0
469.85,17,121,2,11,0,0,0,0,0,332.63,0
18153.37,5,147,1,3,0,1,0,0,0,479.15,0
306.03,1,47,3,16,5,0,0,0,0,786.01,0
42694.81,18,194,0,0,2,0,0,0,0,132.16,0
2112.63,5,320,1,3,0,0,0,0,0,434.9,0
1259.01,19,45,0,0,1,0,0,0,1,197.22,0
2240.29,22,348,2,8,0,1,0,0,0,275.11,0
48771.02,21,185,0,0,0,0,0,0,1,364.08,0
247.05,14,413,1,3,0,0,0,0,2,117.98,0
204.26,5,138,1,5,0,0,1,0,0,2592.77,0
353.44,2,306,3,6,1,0,0,0,0,4657.98,0
1150.8,10,346,1,6,1,0,0,0,0,2384.1,0
82.38,7,428,0,0,3,0,0,0,1,211.24,0
1134.0,21,516,1,7,0,0,1,0,2,3978.71,0
13909.41,17,53,1,7,0,0,0,0,0,133.42,0
1376.24,16,1226,3,11,0,0,0,0,0,1017.91,0
706.96,18,677,1,5,2,1,0,0,2,1820.39,0
433.88,18,301,0,0,3,0,0,0,0,986.28,0
4220.75,23,806,2,4,2,0,0,0,0,350.37,0
317.75,20,175,0,0,0,1,0,0,0,363.5,0
17493.66,16,12,2,7,5,0,0,0,2,295.22,1
19931.16,3,473,1,6,0,0,0,1,0,168.59,0
1611.83,6,1047,3,11,0,0,0,0,2,145.37,0
1077.85,4,64,0,0,0,1,0,0,0,1171.13,0
5146.08,15,376,3,17,0,1,0,0,0,275.94,0
5665.77,5,612,3,14,3,0,0,0,0,1678.96,0
327.34,13,859,2,10,0,1,0,0,1,96.42,0
497.78,19,118,1,3,0,0,0,0,0,2908.42,0
150.88,1,50,0,0,3,0,0,0,2,1285.18,0
2025.55,17,103,1,3,0,0,0,1,1,1288.03,0
2980.78,17,314,1,7,5,0,0,1,1,513.62,0
144.76,12,916,4,24,1,0,0,0,0,1844.05,0
554.02,17,318,2,12,1,0,1,0,1,1325.51,0
145.35,16,920,0,0,3,0,0,0,1,633.27,0
284.8,12,536,3,8,2,0,0,0,0,485.23,0
2506.21,11,332,0,0,1,0,0,0,0,292.41,0
364.96,2,8,2,13,0,0,1,0,0,322.56,0
698.38,21,147,5,39,0,0,0,0,1,391.08,0
95.49,6,21,0,0,0,0,0,0,0,1772.65,0
1451.69,0,141,1,7,5,0,1,0,0,176.04,0
1026.17,4,23,0,0,0,0,0,0,1,1058.68,0
367.44,20,67,0,0,1,0,1,0,1,473.02,0
825.9,0,193,1,7,0,0,0,0,1,198.92,0
1437.19,3,264,0,0,0,0,0,0,0,1039.46,0
323.01,0,89,3,18,0,0,0,0,0,403.29,0
119.77,12,481,0,0,0,0,0,0,1,272.24,0
16454.62,13,325,2,8,3,0,0,0,0,903.16,0
424.15,14,429,0,0,0,0,0,0,1,301.13,0
948.48,16,481,1,7,0,0,0,0,0,1100.97,0
4995.33,11,473,2,5,1,0,0,0,2,303.66,0
218290.67,6,1004,1,5,0,0,0,0,2,297.07,0
169.57,22,98,2,12,5,0,0,0,0,221.53,0
2153.27,18,114,2,10,5,0,0,0,1,1134.73,0
379.43,22,36,0,0,0,0,0,0,1,112.84,0
488.73,2,327,1,2,0,0,0,0,1,1148.05,0
372.29,17,183,0,0,5,1,0,0,0,1276.22,0
202.66,3,250,2,6,3,0,0,0,1,265.18,0
1030.77,2,67,3,11,3,0,0,0,1,131.6,1
120.09,11,382,0,0,0,1,0,0,1,165.95,0
4537.86,22,352,2,9,0,0,0,0,1,882.53,0
1190.95,11,112,0,0,2,0,0,0,1,783.15,0
2066.58,16,228,1,2,3,0,0,0,1,553.12,0
544.96,5,820,3,23,0,0,0,0,1,2467.92,0
632.19,14,542,0,0,0,0,0,0,0,231.42,0
1688.08,1,93,2,5,0,0,0,0,1,745.4,0
191.32,7,770,1,6,3,0,0,0,1,320.47,0
640.99,13,25,3,19,0,0,0,0,0,471.26,0
302.05,4,195,2,4,1,0,0,0,1,523.59,0
288.34,2,30,0,0,0,0,1,0,1,92.0,0
46.3,9,941,1,3,5,0,0,0,0,53.54,0
8176.26,6,15,1,6,5,0,0,0,1,1143.21,0
391.58,10,59,1,3,1,0,0,0,1,681.14,0
6279.62,14,899,1,3,0,0,0,1,0,472.83,0
5449.01,1,318,3,23,0,0,0,0,0,399.77,0
159.33,4,578,0,0,1,0,0,0,1,73.27,0
214.3,10,6,2,8,0,0,0,0,1,742.06,0
51059.89,7,198,3,19,1,0,0,0,1,297.73,0
15159.59,12,1520,0,0,3,1,0,0,1,258.14,0
1045.99,10,316,0,0,0,0,0,0,0,205.71,0
1613.34,16,691,1,4,0,0,1,0,1,624.06,0
425.7,14,1208,0,0,0,0,0,0,0,393.65,0
2097.56,0,421,4,12,3,0,0,1,0,147.94,0
373.99,18,144,3,14,0,1,0,0,1,3746.7,0
52.01,15,134,3,8,1,0,0,0,0,790.1,0
151.06,18,26,1,7,0,0,0,0,0,1827.71,0
1131.88,12,203,0,0,0,0,0,1,2,217.62,0
201.02,22,901,0,0,0,0,0,0,0,2433.19,0
991.37,21,237,3,22,5,0,0,0,0,275.08,0
218.77,22,882,4,17,0,0,0,0,0,139.37,0
339.16,3,620,0,0,0,0,0,0,0,1676.18,0
3943.2,10,1513,0,0,0,0,0,0,0,1392.48,0
1589.57,17,1076,2,10,1,0,0,0,0,254.98,0
1080.85,17,447,1,4,0,0,0,0,1,855.88,0
4098.79,9,748,2,4,1,0,0,0,0,385.85,0
2255.02,16,503,2,10,2,0,1,0,2,1999.87,0
9603.14,12,443,1,5,0,0,0,0,1,531.22,0
550.16,13,458,2,9,5,0,0,1,1,253.28,0
575.68,6,465,1,7,1,0,0,0,0,1903.26,0
155.76,9,174,0,0,0,0,0,0,0,840.41,0
576.24,2,201,1,2,1,0,0,0,2,2138.0,0
4661.79,1,127,0,0,1,0,0,0,0,1875.45,0
7707.75,18,58,2,15,0,0,0,0,0,169.67,0
4630.67,6,223,0,0,0,0,0,1,0,1781.63,0
74.34,4,840,1,5,0,0,0,0,1,667.57,0
5567.59,2,384,3,10,0,0,0,0,2,654.66,0
69.56,1,21,1,4,0,0,0,0,1,168.92,0
4218.25,22,608,0,0,1,0,0,0,0,446.25,0
631.64,21,999,2,12,0,0,0,0,0,599.6,0
3145.73,5,645,1,6,0,1,0,0,0,1034.76,0
148.61,13,474,1,6,0,0,0,0,0,356.34,0
6353.44,6,59,1,7,0,0,0,0,1,1131.6,0
121.82,21,156,3,21,0,0,0,0,0,3399.95,0
402.35,1,304,1,3,0,0,0,0,0,139.47,0
245.39,10,29,1,3,2,1,1,0,0,601.04,0
78.93,20,41,1,6,0,0,0,0,0,319.14,0
1263.69,2,993,1,6,1,0,0,0,0,598.46,0
16467.33,8,442,1,2,0,0,0,0,1,388.17,0
59895.57,7,117,3,6,0,0,0,0,1,1157.57,0
1268.68,10,144,1,4,0,0,0,0,1,208.4,0
5854.83,17,177,0,0,1,0,0,0,2,921.81,0
1553.31,0,28,2,14,3,0,0,0,0,2390.56,0
2317.69,14,490,2,5,0,0,1,0,0,771.96,0
656.4,3,71,1,6,1,0,0,0,0,2830.39,0
1469.41,3,596,1,6,0,0,0,0,0,1759.54,0
2455.83,9,682,1,2,2,0,0,0,0,425.2,0
460.5,10,371,1,7,0,0,0,0,0,422.67,0
976.29,17,536,3,22,2,1,0,0,1,2796.86,0
1004.61,22,68,2,7,3,1,0,0,0,293.45,0
3788.04,14,313,0,0,0,0,0,1,0,59.91,0
221.62,2,412,4,31,0,0,0,0,1,907.19,0
1015.04,6,395,1,2,1,1,0,0,1,382.36,0
19302.85,6,45,2,15,0,0,0,0,1,182.11,0
6286.06,16,154,0,0,3,0,0,0,1,211.93,0
8297.99,21,143,2,9,0,0,0,0,0,2018.53,0
1137.57,19,310,1,3,1,0,0,0,0,1550.52,0
1774.89,23,528,2,5,1,0,0,1,0,733.93,0
4931.28,15,308,1,4,0,0,1,0,0,6423.16,0
11388.77,15,513,0,0,1,0,0,0,1,225.54,0
58.71,7,38,4,10,0,0,0,0,0,350.91,0
152.45,2,768,0,0,0,0,0,0,1,171.79,0
7817.86,19,280,4,27,0,0,0,0,1,1083.57,1
723.91,14,13,3,20,0,0,0,0,2,2141.28,0
400.38,0,376,1,6,0,0,0,0,0,89.11,0
167.13,9,265,3,14,3,0,0,0,1,1331.53,0
476.98,1,90,1,7,0,0,0,0,1,770.36,0
133.81,6,527,1,7,2,0,0,0,1,609.73,0
25251.51,13,989,0,0,1,0,0,0,2,194.57,0
1060.34,15,142,0,0,1,0,0,0,2,438.57,0
1005.33,14,248,1,3,0,1,0,0,0,1324.84,0
2649.47,6,50,1,3,0,0,0,0,1,7283.39,0
4644.87,12,969,6,20,0,0,0,0,3,1095.71,0
4531.61,9,140,2,13,0,0,0,1,0,1922.45,0
5488.62,8,79,3,10,0,0,0,0,0,2727.57,0
425.7,8,237,3,15,5,1,0,0,2,140.26,1
701.49,5,16,2,11,3,0,0,0,0,748.36,0
3475.69,23,106,2,12,0,0,0,0,1,207.84,0
497.16,11,25,1,2,0,0,0,0,1,2312.95,0
1088.27,22,49,2,9,2,0,0,0,1,665.91,0
1994.49,19,43,1,3,3,0,0,0,0,702.89,0
3560.93,19,751,2,14,1,0,0,0,1,7438.7,0
76.21,21,972,4,8,2,0,0,0,0,1841.33,0
3203.88,13,234,0,0,1,0,0,0,0,998.56,0
772.33,19,363,1,3,2,1,0,0,0,313.48,0
3169.05,6,434,2,4,1,0,0,0,0,97.45,0
3517.12,7,181,1,4,3,0,1,1,1,469.85,0
12232.76,7,168,1,6,3,0,0,0,2,1567.34,0
8351.37,7,410,1,3,0,0,0,0,0,1746.07,0
8265.6,1,172,4,26,0,0,0,0,0,322.42,0
9561.55,13,317,1,5,0,0,0,0,0,200.87,0
1697.77,9,264,1,4,1,0,0,1,0,2100.09,0
1150.87,17,271,4,16,0,0,1,0,0,512.43,0
4061.17,17,645,0,0,2,0,0,0,1,1318.73,0
3288.28,17,444,2,6,5,0,0,0,0,961.55,0
689.8,15,1181,0,0,0,1,0,0,0,315.09,0
2012.71,19,571,3,21,1,0,0,0,1,950.33,0
1040.39,4,57,0,0,0,1,0,0,1,5069.06,0
304.63,19,489,1,5,0,0,0,0,0,319.43,0
7598.39,4,399,1,2,0,0,0,0,1,235.15,0
1191.3,19,379,0,0,1,0,0,0,0,617.15,0
23696.02,22,239,2,15,2,0,0,0,0,568.0,1
95.75,9,23,3,22,0,0,0,0,0,412.46,0
475.72,16,1104,2,4,0,0,0,0,0,1125.01,0
1151.66,12,697,3,20,0,0,0,0,1,1242.03,0
6039.47,16,243,1,2,2,0,0,1,0,738.66,0
1996.61,17,63,3,20,1,1,0,0,2,1431.85,0
1747.09,12,635,1,7,0,0,0,0,0,2710.34,0
202.17,16,205,4,11,0,0,0,0,0,510.71,0
193.37,14,180,5,14,0,0,0,0,1,146.13,0
1778.91,11,399,1,7,3,0,1,0,1,669.17,0
141.72,9,518,0,0,2,0,0,0,0,235.4,0
493.83,12,23,1,4,0,0,0,0,2,2525.69,0
2324.77,10,532,2,7,2,0,0,0,0,1019.63,0
251.27,2,483,3,19,1,0,0,0,0,489.79,0
12185.89,21,324,1,3,0,0,0,0,0,1881.32,0
6876.77,9,150,3,14,5,0,0,0,1,1124.05,0
103.84,10,65,2,14,0,0,0,0,0,2842.54,0
270.82,5,39,1,7,0,0,0,0,0,583.96,0
35.56,0,0,1,4,0,0,0,0,0,155.5,0
339.04,5,84,1,2,5,0,0,0,0,359.63,0
3461.93,4,193,3,20,0,0,0,0,0,294.42,0
589.43,6,101,3,7,0,0,0,0,0,1317.17,0
2188.99,21,134,2,13,0,0,0,0,1,486.68,0
111.78,11,180,0,0,0,0,0,0,0,554.49,0
3629.91,11,134,3,16,0,0,0,0,1,219.45,0
476.91,6,470,3,22,0,1,0,0,0,5000.94,0
1116.84,1,247,2,7,1,0,1,0,0,876.3,0
954.02,0,7,1,2,1,0,0,0,1,352.87,0
162.83,22,93,1,7,1,1,0,0,0,538.21,0
194.49,17,451,1,4,0,0,0,0,0,161.7,0
4682.99,11,130,3,13,0,0,0,0,0,355.09,0
1995.18,6,922,1,2,0,0,1,0,0,599.58,0
5297.94,18,455,2,12,0,0,0,0,2,861.4,0
1784.67,21,124,3,18,0,1,0,0,0,1620.51,0
1358.97,2,265,2,5,5,0,0,0,1,993.43,0
82.35,9,401,1,3,1,0,0,0,0,628.64,0
731.03,10,78,2,4,1,0,0,1,0,576.95,0
1052.5,4,103,1,7,0,0,0,0,2,561.97,0
20530.38,1,258,1,3,0,0,0,0,0,479.78,0
3073.08,7,944,0,0,2,1,0,0,0,913.08,0
10982.87,13,153,1,5,1,0,0,0,1,787.0,0
2687.34,7,187,1,4,0,0,0,0,1,205.56,0
377.3,22,77,1,2,0,1,0,0,0,442.07,0
1307.26,5,328,0,0,1,0,0,1,0,2111.12,0
1562.96,0,491,2,5,0,1,0,0,1,1176.29,0
268.07,23,212,1,2,0,1,0,0,0,668.44,0
616.11,0,506,2,7,0,1,0,0,0,303.34,0
805.41,7,131,3,8,3,0,0,0,1,219.47,0
12190.71,10,448,0,0,5,0,1,0,0,611.83,0
48.37,17,109,2,7,5,0,0,0,1,129.85,1
6692.4,23,553,5,31,1,1,1,0,1,327.37,1
269.03,9,648,2,5,3,0,0,0,1,273.69,0
140.03,11,583,0,0,1,1,0,0,0,488.08,0
6437.61,19,88,5,33,0,1,0,1,1,2864.15,0
3287.38,22,432,1,5,5,0,0,0,0,269.83,0
7199.58,15,282,3,7,2,1,1,0,0,276.2,1
3644.79,4,1559,2,15,0,0,0,0,1,497.26,0
24095.19,15,163,1,6,5,0,0,0,0,171.61,1
2535.35,23,538,0,0,2,0,0,0,1,434.36,0
867.21,11,168,4,16,0,1,0,0,0,88.44,0
1834.25,5,184,3,7,1,0,0,0,1,510.7,0
7081.24,4,42,2,8,0,0,1,0,2,676.63,0
340.68,0,100,1,3,5,1,0,0,0,1256.58,0
412.47,18,65,4,9,0,0,0,0,1,1455.76,0
689.91,9,63,2,13,0,0,0,0,0,245.75,0
46.67,13,3,1,4,0,0,0,0,0,150.84,0
1349.0,20,576,1,7,0,0,0,0,0,576.27,0
64.77,2,230,1,2,0,0,0,0,0,1583.15,0
1187.48,5,595,1,3,0,1,1,0,1,708.65,0
4015.57,4,346,4,14,0,1,0,0,0,86.48,0
536.3,16,649,3,21,0,1,0,0,0,400.83,0
13570.77,17,255,3,15,0,0,0,0,1,517.96,0
122.64,11,36,2,5,5,0,0,0,1,2499.83,0
6547.84,4,350,2,8,0,0,0,0,0,5832.1,0
3019.07,8,413,0,0,0,0,0,0,1,709.43,0
83.59,11,359,0,0,1,0,0,0,1,664.61,0
63971.4,19,589,2,4,0,0,0,0,1,847.35,0
996.63,8,479,2,4,1,1,0,0,0,1469.45,0
294.06,2,206,5,17,0,0,1,0,0,287.71,0
132.87,0,624,0,0,0,0,0,0,1,426.93,0
788.37,21,429,2,6,0,0,0,0,0,522.81,0
905.86,14,46,0,0,0,0,0,0,0,847.31,0
1279.17,9,283,3,17,0,1,0,0,1,751.9,0
701.56,13,475,0,0,1,0,1,0,0,515.98,0
2835.12,6,294,1,4,0,0,0,0,1,1024.4,0
613.12,3,1086,1,4,3,0,0,0,1,509.05,0
60.19,4,39,0,0,1,0,0,0,0,794.29,0
876.52,19,467,2,11,2,0,0,0,0,1710.52,0
31.46,15,635,2,6,2,1,0,0,0,385.12,0
1864.33,2,442,1,3,3,0,0,0,0,937.06,0
252.41,16,177,0,0,0,1,0,1,0,668.86,0
1401.14,12,177,3,12,2,0,0,0,1,7817.43,1
7872.35,5,322,2,4,2,0,1,0,0,1037.01,0
264.25,4,184,0,0,1,0,0,0,0,503.72,0
5387.76,15,783,0,0,5,0,0,0,0,780.1,0
572.44,10,42,5,14,2,0,0,0,1,802.23,0
15211.27,16,372,3,6,0,0,0,0,0,1554.29,0
634.14,4,52,1,2,5,0,0,0,1,10579.84,0
310.83,5,283,0,0,2,0,0,0,2,240.61,0
3074.38,9,458,1,6,5,0,0,0,1,845.85,0
570.39,20,66,0,0,0,0,0,0,0,341.25,0
310.39,0,444,0,0,0,0,0,0,0,1131.09,0
535.52,20,55,1,5,0,0,0,0,1,1029.81,0
1025.66,9,353,1,5,0,0,0,0,1,1460.1,0
8211.33,16,257,3,22,0,0,0,0,0,1238.69,1
60.27,2,129,3,20,0,0,0,0,1,702.38,0
1135.26,1,43,3,13,0,0,0,0,2,210.88,0
2799.95,16,485,0,0,3,0,0,0,0,1347.72,0
1465.82,3,175,1,6,1,0,0,0,1,309.43,0
7822.8,1,33,1,2,2,0,0,0,1,384.73,0
980.91,4,540,0,0,0,0,0,0,0,472.73,0
831.45,9,96,3,14,5,0,0,0,1,1224.59,0
2666.43,0,486,2,5,5,0,0,0,0,628.3,0
1272.8,0,303,1,6,1,0,0,0,0,1210.46,0
610.57,3,78,3,11,0,0,0,0,2,558.0,0
2378.48,6,29,1,4,0,0,0,0,0,1986.59,0
412.08,13,328,2,11,1,0,0,0,0,1352.5,0
438.44,13,9,0,0,3,0,0,0,0,902.79,0
496.71,17,24,1,3,5,0,0,0,1,560.33,0
8346.55,1,442,2,6,0,0,0,0,1,274.32,0
10.0,0,282,4,25,1,0,0,0,0,2082.47,0
1985.05,20,144,0,0,1,0,0,1,0,568.33,0
1154.48,21,282,2,6,0,0,0,0,1,3348.26,0
88.12,15,326,3,11,5,1,0,0,1,7989.43,0
1745.14,21,304,1,7,3,0,0,0,0,958.66,0
2238.65,17,375,3,23,0,0,0,0,0,115.18,0
2655.69,15,1028,1,5,3,0,0,0,0,1569.29,0
20.54,22,179,3,19,0,0,0,0,1,1965.9,0
8515.0,21,130,3,19,0,1,0,1,0,2473.66,0
362.63,23,14,0,0,0,0,1,0,1,440.28,0
3071.29,5,58,2,4,0,0,1,0,1,1636.44,0
3332.94,9,41,1,6,3,0,0,0,2,414.86,0
294.4,1,149,1,2,0,0,0,0,1,618.97,0
2953.33,6,343,2,7,2,0,0,0,5,806.28,1
615.08,20,17,1,3,1,0,0,0,3,1155.22,0
49.05,16,474,1,4,0,0,1,1,0,923.05,0
6320.87,2,184,1,4,0,0,1,0,0,2858.13,0
342.9,19,1208,3,15,0,0,0,0,0,783.74,0
304.37,11,306,0,0,0,0,1,0,0,1832.52,0
599.08,1,538,2,5,5,0,0,0,1,893.72,0
1649.71,6,720,1,5,3,1,0,0,0,917.37,0
1006.36,16,801,2,13,0,0,0,0,0,1538.01,0
2495.14,18,266,4,19,0,0,0,0,0,1299.16,0
147.05,11,184,1,7,1,0,0,0,0,157.91,0
360.11,8,300,0,0,0,1,0,0,0,651.03,0
921.5,13,187,0,0,1,0,0,0,1,799.58,0
18898.37,1,100,2,4,1,1,0,0,0,6091.23,0
924.53,20,142,2,5,1,0,1,0,0,104.33,0
5584.96,3,96,0,0,2,0,0,0,0,1480.05,0
1161.92,18,114,3,10,0,1,0,0,0,1476.43,0
530.87,20,35,3,7,0,0,0,0,1,2512.35,0
757.42,15,202,2,10,1,0,0,0,1,832.87,0
851.82,21,97,1,2,0,0,0,0,0,1083.73,0
2712.07,16,217,3,18,0,0,0,0,0,444.53,0
8620.66,1,573,2,12,1,0,0,0,1,927.12,0
1880.93,16,217,3,14,0,0,0,0,0,295.17,0
6506.89,18,1128,2,12,1,0,0,0,1,1285.5,0
257.96,7,58,2,13,0,0,0,0,0,834.77,0
588.78,23,693,1,3,3,0,0,0,0,728.5,0
370.02,19,104,3,17,0,1,0,0,0,673.25,0
1757.53,5,991,1,6,0,0,0,0,1,60.87,0
640.06,11,94,0,0,2,0,0,0,0,1996.58,0
3276.92,22,501,3,19,1,0,0,0,0,443.62,0
271.37,17,23,2,12,0,0,0,1,0,864.91,0
1169.75,1,362,1,2,0,1,0,0,0,1018.57,0
3072.62,18,90,2,7,1,0,0,0,0,131.49,0
49.5,23,404,2,15,0,0,0,0,0,502.89,0
26435.07,9,368,1,2,5,0,0,1,0,51.55,0
717.14,2,939,2,6,0,1,1,0,0,471.35,0
52.59,11,359,1,5,0,1,0,0,0,993.02,0
1390.11,15,191,2,15,5,0,0,0,1,612.36,0
1153.05,11,78,2,7,0,0,0,0,0,245.46,0
969.87,7,391,2,13,0,1,0,0,0,381.09,0
4850.26,4,45,0,0,5,0,0,0,0,3586.14,0
3364.95,10,643,1,4,0,0,0,0,1,269.13,0
1714.39,9,103,2,15,1,0,0,0,0,1291.93,0
2154.33,2,271,1,6,1,0,0,0,0,1844.15,0
937.73,22,330,2,6,0,1,0,0,2,177.83,0
15728.6,8,164,1,3,0,0,0,0,1,2133.42,0
119.25,11,397,2,5,0,1,1,0,0,1496.04,1
1352.19,5,105,0,0,0,0,0,0,1,252.74,0
1208.99,18,12,1,4,3,0,1,0,0,833.79,0
3714.21,15,1168,1,4,3,0,0,0,0,86.87,0
309.27,20,140,1,4,1,0,0,0,0,237.65,0
80.2,22,456,1,7,0,0,0,0,2,761.29,0
1387.47,23,258,2,4,2,0,0,0,0,590.14,0
1672.12,13,403,0,0,0,0,0,0,0,118.97,0
10243.5,3,42,1,2,0,1,0,0,1,6145.1,0
163.12,17,267,3,18,5,0,0,0,2,961.1,0
6198.36,9,181,0,0,0,0,0,0,1,209.87,0
38220.28,17,219,1,6,0,0,0,0,1,719.87,0
622.26,11,1236,5,36,3,0,0,0,0,231.98,0
158.16,18,53,2,15,1,0,0,0,0,1413.79,0
595.58,7,512,1,2,1,0,1,0,0,113.74,0
1119.91,0,146,2,15,0,0,0,0,1,945.21,0
2554.68,13,125,1,4,0,0,0,0,0,766.62,0
451.65,22,115,1,5,0,1,0,0,1,135.63,0
11302.71,5,156,3,6,2,0,0,1,1,1990.25,1
206.07,13,161,3,12,2,0,0,0,0,1081.87,0
80.74,1,115,1,4,3,0,0,0,0,1653.27,0
5767.91,8,401,0,0,0,0,0,0,0,356.5,0
36.16,11,17,1,2,2,0,0,0,0,592.48,0
807.39,4,147,3,18,0,0,1,0,0,1172.89,0
117773.87,1,120,3,16,0,1,0,0,0,1452.08,0
1077.0,18,508,2,6,5,1,0,0,0,7544.14,0
204.15,6,57,0,0,0,0,0,0,1,175.35,0
1006.17,6,1031,1,2,1,0,0,0,1,571.84,0
1016.17,9,68,2,8,0,0,1,0,0,3099.42,0
1395.45,16,168,1,3,0,0,1,0,0,497.42,0
2961.33,13,81,1,5,1,1,0,0,2,5765.3,0
230.75,10,123,2,14,1,0,0,0,1,810.56,0
13784.8,19,522,1,5,0,1,0,0,1,6958.62,0
1583.94,5,236,3,6,2,0,0,0,0,1417.34,0
3262.31,7,64,2,14,3,0,0,0,1,167.82,0
427.42,18,17,2,7,3,0,0,1,2,115.72,1
7552.04,18,95,1,2,3,0,0,0,0,559.17,0
745.77,23,1062,2,9,0,0,0,0,0,466.41,0
1662.92,23,681,1,7,5,0,0,1,0,1603.78,0
270.52,23,211,3,6,0,0,0,0,2,493.65,0
245.82,16,240,2,11,0,0,1,0,3,588.3,0
3078.84,23,838,1,3,0,0,0,1,0,510.56,0
563.74,23,326,0,0,1,0,0,1,0,229.39,0
304.68,17,776,3,10,1,0,0,0,1,323.04,0
417.89,11,247,3,23,3,1,0,0,0,746.82,0
3128.88,8,81,0,0,0,1,1,0,1,2891.37,0
426.85,22,472,3,8,1,0,0,1,1,4376.76,0
919.21,23,272,3,6,0,1,0,0,1,771.75,0
1121.63,15,402,1,6,0,0,0,0,0,435.41,0
61.8,17,62,1,2,0,0,0,0,0,1359.04,0
120.7,15,380,1,3,1,0,0,0,1,1732.16,0
1816.05,15,175,2,6,0,0,0,0,0,462.53,0
363.02,3,147,2,8,5,1,0,0,0,578.51,0
5351.26,22,406,0,0,3,1,0,0,0,4065.17,0
4676.06,21,327,2,15,0,0,0,0,1,1346.57,0
3225.21,6,382,2,14,5,0,0,0,0,158.78,0
16808.8,0,1227,1,7,1,0,0,0,0,399.77,0
968.13,23,440,0,0,5,0,0,0,0,713.11,0
2902.49,22,373,2,13,0,0,0,0,0,592.86,0
456.41,19,347,2,13,1,0,0,0,0,252.65,0
43414.76,0,185,1,3,3,0,0,0,2,4335.58,0
21492.31,7,667,1,3,1,0,0,0,0,797.92,0
1116.35,22,175,3,14,5,0,1,0,0,193.86,0
1958.39,7,439,1,7,3,0,0,0,0,330.08,0
8424.9,9,126,1,2,2,0,0,0,1,340.77,0
879.44,0,58,0,0,0,0,0,0,0,136.08,0
409.55,20,50,1,2,2,1,0,0,2,549.05,0
4068.32,20,367,1,4,0,0,0,0,1,383.61,0
1233.56,13,145,0,0,2,0,0,0,0,697.01,0
1443.02,13,117,1,4,1,0,0,0,0,1529.39,0
313.75,9,327,0,0,0,0,1,0,0,231.34,0
83.39,18,9,1,5,2,0,0,0,0,989.4,0
1562.77,15,103,2,7,1,0,0,0,0,223.35,0
4261.78,8,151,2,11,1,0,0,0,1,183.13,1
781.56,19,449,1,4,0,0,0,0,0,1714.99,0
9458.27,15,287,0,0,2,0,0,0,0,289.9,0
381.51,19,707,1,4,2,0,0,0,2,1201.96,0
225.42,7,148,0,0,0,0,0,0,0,1502.32,0
991.44,6,128,3,21,2,0,0,0,0,540.36,0
968.85,10,12,1,7,5,0,0,0,0,1134.26,0
3480.58,20,1106,1,6,2,0,1,0,0,1007.93,0
342.94,5,254,2,15,1,0,1,0,0,845.23,0
8536.8,14,254,1,4,1,0,0,0,0,625.97,0
20960.09,18,937,0,0,5,0,0,0,0,819.91,0
1034.1,13,124,0,0,0,0,0,0,0,423.79,0
7147.84,14,147,1,5,1,0,0,0,1,160.29,1
224.81,5,389,2,4,0,0,0,0,0,735.19,0
5501.81,23,561,1,3,2,0,0,0,0,923.38,0
5275.95,9,438,0,0,0,0,0,0,1,2539.62,0
4004.43,13,567,2,6,0,0,0,0,0,411.22,0
1071.33,15,312,2,6,1,0,1,0,0,377.86,0
13.05,12,725,3,7,1,0,0,0,0,138.4,0
418.81,10,291,1,6,1,1,1,0,1,191.07,1
428.86,2,95,0,0,2,0,0,0,1,123.62,0
252.8,7,284,1,7,0,0,0,0,0,149.58,0
1317.33,2,455,2,8,5,0,0,0,0,359.4,0
584.97,1,386,4,18,0,0,0,0,1,1316.8,0
318.33,20,101,2,9,5,0,1,0,0,926.13,0
224.03,13,15,0,0,1,0,0,0,0,3037.65,0
374.93,19,106,1,3,0,0,0,0,0,1070.9,0
5897.29,20,1510,1,2,2,0,1,1,0,96.78,1
406.86,21,74,0,0,0,1,0,0,1,778.91,0
506.53,14,227,0,0,1,0,0,0,0,3451.3,0
552.78,2,371,2,10,0,1,0,0,0,197.32,0
1823.46,0,772,2,7,0,0,0,0,0,949.34,0
2174.11,14,521,1,5,1,0,1,0,2,452.27,0
11.39,19,874,1,7,1,1,0,0,1,555.67,0
5076.88,21,338,1,5,0,0,0,0,1,1831.43,0
9457.39,1,731,1,3,5,0,0,0,1,700.62,0
226.95,17,111,2,6,1,0,0,1,0,690.93,0
255.07,0,205,0,0,0,0,0,0,1,500.35,0
558.15,8,677,3,21,0,1,0,0,0,2657.27,0
352.83,2,143,3,11,3,1,0,0,1,482.78,0
1534.39,1,748,3,10,0,0,0,0,1,675.27,0
59.16,3,164,2,13,3,0,0,0,0,421.38,0
205.02,15,164,0,0,1,0,0,0,1,255.28,0
11034.65,21,134,2,9,2,0,0,0,0,1652.05,0
272.51,0,288,3,10,1,0,0,0,0,1783.21,0
7080.8,8,50,1,3,5,0,1,0,0,781.25,0
1868.72,7,13,2,13,3,0,0,0,0,1101.19,0
72.68,5,831,2,11,0,0,0,0,0,1908.0,0
2844.08,19,965,4,23,2,0,0,0,1,459.21,0
919.2,17,28,1,3,0,0,0,0,1,517.58,0
553.8,15,291,3,8,0,0,1,0,1,270.5,0
1583.57,7,283,2,4,5,0,0,0,0,1338.17,0
2234.9,22,170,1,7,0,1,1,0,0,501.17,0
3169.69,3,307,0,0,1,0,0,0,0,702.17,0
6421.32,2,223,1,6,0,0,0,0,0,1059.11,0
2022.73,14,245,0,0,0,0,0,0,1,1109.46,0
139.29,5,513,2,11,5,0,0,0,0,214.41,0
538.9,0,272,0,0,2,0,0,0,1,1230.1,0
90632.89,17,142,1,2,3,0,0,0,0,5002.84,0
3251.06,22,317,3,12,1,0,0,0,1,668.46,0
38327.81,10,373,2,7,3,0,0,0,1,2495.99,0
8894.17,2,396,0,0,1,0,0,0,0,128.42,0
1576.09,12,351,2,13,0,0,0,0,0,734.51,0
1723.5,16,398,0,0,3,0,1,0,1,89.09,0
1038.08,17,135,2,14,0,1,1,1,1,1773.96,0
80.91,13,215,2,4,0,1,0,0,1,240.19,0
1126.73,6,403,1,5,0,0,0,0,0,447.94,0
6741.33,6,512,0,0,0,0,0,0,0,255.08,0
446.1,13,207,3,23,0,1,0,0,1,1871.94,0
2034.35,23,165,3,13,0,0,0,0,0,1988.72,0
3933.9,14,459,0,0,1,0,0,0,0,275.98,0
280.19,11,91,3,12,0,0,0,0,2,696.88,0
557.27,11,3,2,6,0,0,0,0,0,239.44,0
238.21,7,232,1,6,1,0,0,0,0,639.34,0
319.5,15,69,1,7,1,0,0,0,0,174.74,0
158.95,8,173,1,2,0,0,0,0,0,306.8,0
284.1,1,125,2,13,1,0,0,0,1,617.19,0
9220.49,13,548,4,16,2,0,0,0,0,1629.35,0
277.77,23,146,0,0,0,0,0,0,0,487.21,0
1325.69,23,373,2,12,5,0,0,0,0,2931.55,0
515.79,15,409,0,0,1,0,0,0,0,363.0,0
6427.23,4,222,2,12,2,0,0,0,1,112.02,0
7838.04,4,30,1,4,1,0,0,0,1,169.01,0
4008.23,19,439,0,0,0,0,0,0,1,347.98,0
1735.76,20,28,3,8,5,0,1,0,1,8755.56,0
775.42,17,38,1,6,5,1,0,0,0,462.63,0
183.5,17,79,2,13,0,1,1,0,2,328.3,0
20237.51,4,120,1,6,3,0,1,0,0,999.81,1
350.9,10,683,2,12,0,1,0,0,0,2707.8,0
2967.48,12,410,2,14,3,0,0,0,0,1058.76,0
5374.11,2,178,4,18,0,1,0,0,1,536.64,1
476.79,16,1403,3,9,0,0,0,0,0,4862.37,0
5203.15,17,101,0,0,2,1,1,0,0,1574.19,0
3450.66,13,343,2,15,0,0,0,0,0,816.09,0
14646.34,11,685,0,0,0,1,0,0,1,2519.87,0
542.39,13,591,1,7,3,1,0,0,0,664.99,0
159.37,17,34,3,18,3,0,0,0,0,590.53,0
513.76,19,436,0,0,0,0,0,0,0,327.72,0
1500.09,1,108,1,3,0,0,0,0,1,279.73,0
1196.7,6,160,2,8,2,0,0,1,1,653.38,0
607.8,14,245,2,12,3,0,0,0,1,241.73,0
62.56,9,570,2,11,0,0,0,0,0,2501.88,0
2221.03,14,66,0,0,0,1,0,0,1,843.76,0
21131.43,16,41,1,3,1,1,0,0,0,500.25,1
2200.36,10,60,2,12,0,0,0,0,3,737.86,0
2734.5,1,89,2,4,0,0,0,0,1,2300.05,0
2588.07,20,22,4,15,0,0,0,0,0,691.83,0
1989.36,17,952,1,5,5,0,0,1,0,632.27,0
4435.96,3,140,0,0,3,0,0,0,0,7899.87,0
1984.38,8,71,2,15,1,0,0,0,1,303.14,0
686.07,16,370,1,4,0,0,0,0,1,535.27,0
332.29,16,564,1,6,5,0,0,0,0,154.82,0
754.87,16,510,0,0,3,0,0,0,1,2005.68,0
1756.7,15,462,0,0,0,0,0,0,1,686.27,0
682.58,19,18,1,6,0,0,0,0,0,2759.13,0
1757.25,7,556,0,0,0,0,0,0,1,1401.88,0
2119.05,22,254,0,0,0,0,0,0,0,163.39,0
3826.74,14,382,1,5,0,0,0,0,0,343.69,0
7511.51,0,1143,3,7,0,0,0,1,0,141.05,0
1232.76,18,607,1,7,0,0,0,1,0,270.47,0
154.21,14,636,2,7,0,0,0,0,0,54.19,0
653.5,8,73,5,38,1,0,0,0,1,645.65,0
1171.56,4,236,0,0,5,0,0,1,0,1007.69,0
69.85,15,1088,2,14,0,0,0,0,0,489.94,0
8804.31,12,318,5,30,0,0,0,0,0,1182.31,0
1357.73,15,39,1,4,0,0,1,0,1,322.17,0
1943.08,21,480,4,30,0,0,0,0,1,798.39,0
8503.98,10,16,2,10,0,0,0,0,0,186.55,0
426.15,12,494,0,0,0,0,0,0,1,777.38,0
2594.28,5,773,1,6,1,0,0,0,0,1032.13,0
930.02,19,202,1,2,5,0,0,1,0,747.87,0
832.03,16,194,2,7,1,0,0,0,0,483.04,0
344.37,4,132,0,0,1,0,0,0,0,1967.49,0
13338.43,16,764,2,15,0,0,0,0,1,656.16,0
624.37,0,289,3,7,0,0,0,0,2,953.37,0
3131.28,4,315,1,3,5,0,1,0,1,1475.44,0
65.86,4,395,0,0,2,0,0,0,0,1662.51,0
6438.06,6,130,1,5,0,0,0,0,0,401.79,1
5315.15,15,206,5,14,2,0,0,0,0,2090.06,0
1269.21,17,493,1,7,3,0,0,0,1,648.15,0
780.23,5,1544,2,6,0,0,0,0,1,2104.27,0
1998.2,1,12,1,3,0,0,0,0,1,1046.06,0
33968.4,12,15,3,17,2,0,0,0,0,582.47,1
77.88,9,203,1,4,0,0,0,0,1,473.95,0
3544.11,20,393,1,2,0,0,0,0,0,198.38,0
279.38,19,178,3,22,0,0,0,0,0,673.34,0
1064.35,10,2892,2,4,0,1,1,0,1,141.49,1
756.1,20,79,2,5,3,0,0,0,0,406.94,0
576.82,1,2,1,7,0,0,0,0,0,551.17,0
1079.55,7,76,0,0,0,0,0,1,0,187.59,0
200.09,23,795,1,6,0,0,0,0,0,142.64,0
5134.67,21,57,0,0,0,0,0,0,0,614.89,0
74.35,18,237,0,0,1,0,0,0,0,154.6,0
2464.26,19,198,2,6,1,0,0,0,0,82.79,0
671.96,16,399,0,0,0,0,0,0,0,1082.71,0
189.35,15,20,2,11,1,0,0,0,0,841.63,0
1485.6,9,392,1,3,0,0,0,0,0,806.33,0
106.12,4,159,1,5,2,1,0,0,0,653.1,0
1163.95,13,950,1,5,0,0,0,0,2,1021.48,0
129.76,23,689,1,5,1,1,0,0,2,349.42,0
2190.55,18,186,2,15,1,0,0,0,1,287.85,0
274.09,3,1805,3,20,0,0,0,0,1,5851.48,0
557.53,19,19,0,0,0,0,0,0,0,1064.61,0
1704.32,15,567,0,0,0,0,0,0,0,317.09,0
344.19,23,207,0,0,3,0,0,1,0,1493.94,0
1005.31,14,207,3,9,0,0,0,0,0,786.21,0
113.21,8,68,2,7,0,1,0,1,1,464.26,0
2825.14,2,264,1,5,5,0,0,1,0,528.49,1
15481.03,22,32,3,20,0,0,0,0,0,209.4,0
72280.76,8,349,2,8,0,0,0,0,1,453.8,0
1257.34,17,100,1,4,1,0,0,0,0,792.26,0
3577.09,3,471,0,0,0,0,1,0,1,1623.19,0
75.87,18,341,1,3,5,0,0,0,3,286.64,0
10447.33,23,500,2,11,0,0,0,0,0,1197.85,0
3513.41,3,505,2,5,5,0,0,0,0,879.02,0
530.65,8,79,4,17,5,1,0,0,0,2903.39,0
7014.76,0,0,1,3,2,0,0,0,0,677.18,0
748.66,0,166,1,2,2,0,0,0,0,1253.22,0
551.68,19,917,1,5,0,0,1,1,1,1356.41,0
2237.25,18,314,2,7,5,1,0,0,0,326.97,0
222.51,2,474,1,3,0,0,0,0,1,368.06,0
5076.8,9,772,2,14,0,0,0,0,0,233.82,0
224.98,11,863,1,3,2,0,0,0,0,264.52,0
226.99,17,274,0,0,3,0,0,0,0,532.28,0
280.19,13,284,4,30,0,1,0,0,0,819.39,0
3426.35,9,694,3,7,0,1,0,0,1,2895.7,0
434.78,9,601,5,38,0,0,0,0,0,538.16,0
145.18,17,438,3,13,0,1,0,0,0,127.93,0
442.08,23,338,2,13,0,0,1,0,3,1882.34,0
1045.17,0,350,1,4,0,0,0,0,0,1896.36,0
186.52,14,164,2,8,2,0,0,0,3,447.13,0
194.9,7,670,2,9,0,0,0,0,0,147.75,0
26028.43,2,351,0,0,1,0,1,0,1,620.87,0
301.62,17,92,2,10,0,1,0,0,0,434.75,0
675.49,8,100,3,9,0,0,0,0,0,2069.88,0
632.16,15,721,2,11,2,0,0,0,0,6354.72,0
582.87,20,358,3,22,0,0,0,0,0,899.35,0
2785.05,14,185,1,3,3,0,0,0,0,1029.84,0
4546.96,4,75,0,0,1,0,0,0,1,989.03,0
693.03,12,343,1,5,2,1,0,0,0,871.07,0
171.62,21,74,0,0,3,0,1,0,2,162.82,0
7417.97,19,231,5,23,3,0,0,0,1,299.36,1
950.5,6,413,1,5,3,1,0,0,1,581.6,0
14698.24,15,304,2,5,1,0,0,0,0,553.78,1
37.77,6,931,2,13,0,0,0,0,1,839.45,0
1470.13,21,14,0,0,2,0,0,0,0,449.56,0
19494.93,15,119,1,3,1,0,1,0,0,137.5,0
645.55,12,21,1,6,3,0,1,0,1,769.12,0
781.93,16,78,1,6,0,0,0,0,0,3177.62,0
1708.32,8,48,1,3,0,0,0,1,0,392.11,0
474.28,11,481,1,7,0,0,0,0,0,1011.94,0
686.7,12,168,0,0,1,0,0,0,0,3365.99,0
660.69,8,945,1,5,1,1,0,0,1,5593.61,0
427.89,4,8,3,9,1,0,0,0,0,382.01,0
6927.71,6,386,4,29,5,0,1,0,0,1130.35,0
2189.91,0,1286,2,10,2,0,0,0,0,306.09,0
1597.1,3,70,1,4,0,1,0,0,2,847.89,0
3688.06,3,213,5,37,0,0,0,0,1,271.96,1
737.65,15,441,2,15,0,0,0,0,0,525.65,0
343.33,4,366,3,18,2,0,0,0,0,3883.21,0
444.11,21,304,2,13,0,1,0,0,2,3338.58,0
1099.57,3,144,1,3,3,0,0,0,0,2335.34,0
223.9,5,475,2,7,0,0,0,0,0,656.41,0
517.81,22,386,3,16,1,0,0,0,3,1621.52,0
505.64,2,64,1,7,1,0,0,0,0,2182.2,0
26551.31,7,1214,2,12,0,0,0,0,0,919.78,0
17.1,16,296,1,6,0,0,0,0,0,129.89,0
837.62,17,272,2,7,1,0,0,0,0,463.98,0
14596.55,17,688,2,9,5,0,0,0,1,270.0,0
1316.55,11,373,0,0,0,0,0,0,0,399.97,0
3395.23,0,28,0,0,2,0,1,0,0,121.53,1
1273.77,22,257,0,0,0,0,0,0,0,197.91,0
403.03,11,553,2,5,0,0,0,0,0,118.66,0
37.98,10,439,1,2,3,0,0,0,0,1151.32,0
1492.46,12,1289,1,4,0,1,0,0,1,7147.32,0
342.61,2,9,0,0,5,1,0,0,0,149.76,0
330.13,7,110,1,7,0,0,0,0,0,925.75,0
518.8,2,290,1,3,0,0,0,0,1,336.29,0
15022.32,16,352,0,0,5,1,1,0,0,1134.59,1
40427.13,12,117,3,9,1,0,0,1,0,751.12,0
1519.01,9,639,1,7,2,0,0,1,0,480.62,0
546.13,16,65,2,6,5,0,1,0,1,693.49,0
187.57,2,0,1,4,0,0,1,0,0,291.12,0
2214.56,12,1111,2,12,0,0,0,0,1,1155.68,0
15904.52,21,181,1,2,2,0,0,0,0,3524.06,0
756.72,5,1152,2,13,0,0,0,0,0,3229.75,0
30.92,13,118,1,6,0,0,0,0,1,680.12,0
2996.12,9,23,1,3,3,0,1,0,0,1553.37,0
4808.3,19,540,1,4,1,0,0,0,0,431.16,0
101.62,15,659,4,22,0,0,1,0,0,873.9,0
1428.99,17,247,3,23,0,0,0,1,2,654.16,0
2157.79,12,28,2,11,1,0,1,1,0,726.27,0
982.73,9,387,1,3,3,0,0,0,2,977.37,0
334.9,5,73,1,4,0,0,0,1,0,1110.67,0
5033.68,9,690,4,18,1,1,0,0,0,1305.9,0
598.8,4,116,4,20,0,0,0,0,2,411.83,0
118.18,5,686,3,15,0,0,0,1,0,963.99,0
50.69,6,203,1,4,0,0,0,0,1,546.88,0
7268.28,10,331,1,7,0,0,0,0,0,785.1,0
2765.55,15,568,2,7,0,0,0,0,0,400.68,0
1251.33,11,15,1,5,1,0,0,0,0,549.26,0
566.56,11,628,0,0,0,1,0,0,2,65.4,0
495.96,22,54,0,0,1,0,0,0,0,2646.18,0
218.41,19,161,4,24,1,0,0,0,0,476.34,0
574.11,4,233,3,19,0,0,0,0,1,2719.12,0
45.6,15,824,3,20,0,1,0,0,1,709.75,0
363.55,5,8,1,6,0,0,0,0,2,762.42,0
687.87,8,298,8,38,0,1,0,1,2,3930.28,1
2737.55,4,375,3,6,1,0,0,0,0,2134.86,0
1032.88,20,138,1,5,0,0,0,0,0,101.07,0
3613.33,22,125,3,6,2,0,1,0,0,3164.22,0
8297.44,15,246,2,15,2,0,0,0,1,209.72,0
5362.87,17,75,3,12,1,0,0,0,1,961.58,0
2221.12,18,230,1,5,0,0,0,0,0,1876.28,0
1116.32,11,528,2,5,5,0,0,0,1,832.74,0
251.85,1,681,2,15,3,0,0,0,1,244.21,0
3327.3,9,177,1,4,2,0,0,0,0,1401.61,0
13624.45,11,350,1,3,5,0,0,0,0,620.04,0
1831.99,13,0,2,6,0,0,0,0,0,3095.01,0
19455.57,17,291,3,17,3,0,0,0,0,1167.5,0
111.23,18,1349,2,9,1,0,0,0,0,1167.44,0
194.17,5,136,1,3,5,1,0,0,0,1210.84,0
3955.26,4,329,1,2,5,1,0,0,0,1710.4,0
1630.16,15,524,2,4,0,0,0,0,0,623.66,0
7868.9,13,342,2,12,0,0,1,0,1,1809.4,0
1071.48,12,197,2,9,1,0,0,0,0,6931.01,0
298.28,20,60,0,0,2,0,1,0,1,2890.28,0
796.01,1,227,0,0,0,0,0,0,0,1156.55,0
110.05,1,127,2,10,1,0,0,0,0,692.29,0
201.77,11,434,2,10,1,0,0,1,0,527.06,0
4715.76,0,212,1,6,3,0,1,0,1,462.25,0
4060.99,18,692,3,19,0,0,0,0,2,1771.87,0
1890.33,15,78,0,0,0,0,1,0,0,524.78,0
82.96,6,197,1,2,0,0,0,0,1,551.11,0
640.59,20,297,1,6,2,0,0,0,1,102.22,0
174.6,6,49,0,0,2,0,0,1,0,1851.4,0
6404.78,15,323,1,6,0,0,0,0,0,1311.42,0
456.88,5,125,3,17,0,0,0,0,0,1143.32,0
215.16,17,95,1,4,1,0,0,0,0,1049.13,0
1146.76,0,55,0,0,3,1,0,0,0,2147.75,0
419.8,0,157,4,24,2,0,0,0,1,210.1,0
10153.93,13,965,3,15,1,0,0,0,0,191.14,0
364.23,5,11,2,7,1,1,0,0,0,608.71,0
134.45,5,697,0,0,0,0,0,0,2,672.6,0
43.41,3,184,4,28,0,0,0,0,0,1342.83,0
1047.14,11,300,1,2,3,0,0,0,1,494.46,0
472.06,17,262,1,6,0,0,0,0,0,249.33,0
128.59,9,949,1,2,3,0,0,0,1,1020.69,0
6527.89,2,536,3,10,5,0,0,0,0,1123.49,0
2983.55,2,1528,6,46,0,1,0,0,0,1426.61,0
1051.18,7,577,1,7,0,0,0,0,0,498.51,0
8488.68,21,128,4,22,5,0,0,0,1,863.06,1
2962.55,22,1202,0,0,1,0,0,0,1,103.79,0
319.17,0,1499,0,0,0,0,0,0,2,722.27,0
230.71,17,47,4,15,2,0,0,0,0,4038.86,0
3740.49,14,844,0,0,0,0,0,0,0,1209.32,0
1987.34,20,398,0,0,0,0,0,0,1,281.04,0
1414.63,19,931,1,6,3,0,0,0,0,253.34,0
308.05,16,902,0,0,0,0,0,0,1,1357.16,0
2729.63,10,810,1,5,1,0,0,0,1,2070.61,0
353.1,12,790,2,4,0,1,0,0,1,183.56,0
941.07,19,45,0,0,0,1,0,1,1,155.83,0
9608.62,9,56,3,9,5,0,0,0,0,284.88,0
406.97,12,45,0,0,2,0,0,0,0,2365.51,0
103.6,16,34,1,5,0,0,0,0,0,1908.53,0
226.15,20,159,2,6,0,0,0,0,0,312.43,0
4872.92,0,420,0,0,1,0,1,0,0,2596.9,0
1606.96,19,159,0,0,0,0,0,0,0,451.31,0
903.87,15,465,1,7,2,0,0,0,0,2673.38,0
510.99,15,626,2,13,0,0,0,0,0,1694.26,0
2271.15,20,400,0,0,1,0,0,0,0,4575.62,0
306.84,2,228,2,7,2,0,0,1,0,187.1,0
1734.54,1,127,2,8,0,1,0,1,1,1215.61,0
366.18,5,48,1,2,0,1,0,0,0,215.95,0
285.29,10,248,2,10,0,0,1,0,0,140.68,0
421.48,2,464,2,14,0,1,0,0,0,787.3,0
624.46,0,290,1,3,5,0,0,0,1,345.93,0
1019.18,10,466,1,7,2,0,1,0,0,208.86,0
1561.16,12,149,1,3,1,0,0,1,0,1299.19,0
10.0,4,25,0,0,1,0,1,0,0,348.04,0
326.53,17,538,2,8,0,0,0,0,3,383.05,0
609.5,14,90,4,15,3,1,0,0,0,346.42,0
10483.87,17,349,1,4,0,0,1,0,0,522.41,0
217.02,14,595,1,2,0,0,0,0,0,1055.78,0
1399.95,19,54,1,5,1,0,0,0,0,5193.47,0
10327.29,19,333,0,0,0,0,0,0,2,273.46,0
153.02,19,426,1,7,3,0,0,0,1,867.24,0
1980.22,6,500,1,3,1,0,0,0,3,3244.36,0
329.18,16,58,2,10,0,0,0,0,0,500.67,0
514.42,7,636,1,7,0,0,0,0,0,1789.62,0
328.76,12,36,1,6,3,0,0,0,0,739.42,0
365.85,15,267,1,4,5,0,0,1,2,576.99,0
65047.19,9,213,2,5,0,0,0,0,0,460.61,0
3892.02,13,91,2,10,1,0,0,0,0,349.75,0
5725.05,5,131,1,7,3,1,0,0,1,528.28,1
2293.86,19,65,3,19,0,0,0,0,1,2448.12,0
98.56,21,202,0,0,3,0,0,0,2,600.54,0
1983.14,6,13,5,15,0,1,0,0,0,154.02,0
5482.93,5,802,1,7,0,0,0,0,1,881.78,0
304.87,16,65,4,8,5,0,0,0,3,257.99,0
4665.69,20,792,2,14,0,0,0,0,1,2757.06,0
3154.24,23,727,2,6,1,0,0,0,0,294.13,0
17642.39,7,219,2,11,0,0,0,0,0,320.24,0
586.0,11,251,1,3,0,0,1,0,0,490.84,0
211.36,3,131,1,2,0,0,0,0,2,815.25,0
637.5,9,2105,2,6,5,0,0,0,0,305.7,0
9446.09,5,405,1,4,0,0,0,0,0,2000.47,0
70.63,6,1106,2,15,0,0,0,0,0,1628.77,0
49.28,20,195,0,0,0,0,0,0,0,542.52,0
1254.0,7,783,2,4,0,0,1,1,0,936.18,0
564.6,2,217,1,2,1,0,0,0,0,1002.89,0
1109.42,7,735,0,0,5,0,0,0,0,254.35,0
4527.69,14,51,1,2,5,0,0,1,0,4106.19,0
478.73,20,369,3,12,0,0,0,0,0,592.74,0
66.06,0,414,1,4,1,0,0,0,0,2906.74,0
23546.26,12,389,2,15,1,0,0,0,0,1592.05,0
245.71,21,216,2,7,1,0,1,0,1,1276.95,0
223.95,17,420,0,0,0,0,0,0,0,695.6,0
5742.1,14,99,1,6,2,0,0,0,0,2204.15,0
616.01,6,330,2,10,3,0,0,0,1,1835.87,0
997.16,14,294,0,0,3,0,0,0,0,864.03,1
2262.41,2,139,1,7,1,0,0,0,1,1662.57,0
5571.25,13,550,2,7,0,0,0,0,0,446.56,0
665.01,19,30,0,0,0,0,0,0,0,154.26,0
10720.66,3,68,3,13,0,0,0,0,0,932.81,0
44.54,3,232,3,15,2,0,0,0,0,795.32,0
3427.82,2,811,1,5,0,0,0,0,2,143.54,0
311.28,4,312,5,32,0,0,1,0,0,594.88,0
8590.45,10,673,0,0,2,0,0,0,0,328.35,0
1357.05,7,266,1,5,1,0,0,0,0,111.86,0
399.67,1,561,1,2,0,0,0,0,0,395.82,0
2963.9,15,143,1,4,1,0,0,0,0,900.73,0
4187.18,9,616,3,8,3,0,0,0,0,185.96,0
2872.22,17,187,1,3,2,0,1,0,2,306.39,0
234.03,6,298,0,0,1,1,0,0,1,1236.95,0
530.58,4,70,0,0,0,0,0,0,0,800.6,0
1089.95,6,923,2,12,0,0,0,0,1,2507.79,0
1030.82,20,441,1,2,0,0,0,0,1,514.13,0
3376.58,5,714,1,7,3,1,0,0,0,874.14,0
53.39,23,85,2,14,3,0,0,0,0,115.19,0
1810.74,0,25,1,7,0,0,0,0,0,141.88,0
709.83,10,150,0,0,0,0,0,0,0,891.44,0
311.76,12,265,0,0,2,0,0,0,0,4077.99,0
360.06,11,591,1,2,0,0,0,0,0,3704.88,0
794.88,0,185,1,7,3,0,0,0,0,106.41,0
10.0,20,114,0,0,0,0,0,0,0,2880.55,0
383.01,14,170,1,3,3,0,0,0,0,160.13,0
294.79,0,443,0,0,5,0,0,0,2,2225.8,0
2438.59,2,149,0,0,3,0,0,0,1,414.93,0
327.57,14,1412,0,0,0,0,0,1,0,594.86,0
794.2,8,70,2,11,0,0,0,0,1,1524.52,0
11085.74,13,510,0,0,1,0,0,0,1,1329.82,0
4873.3,22,324,1,4,0,0,0,0,0,1314.03,0
4244.62,21,96,0,0,1,0,0,0,0,995.71,0
518.11,23,511,5,14,0,0,0,0,1,1936.52,0
2476.37,7,216,0,0,0,1,1,1,1,524.65,1
772.13,21,418,2,15,0,0,0,0,2,1806.96,0
817.18,3,396,1,7,2,0,0,0,1,283.83,0
2027.44,19,42,0,0,0,0,0,0,2,579.34,0
447.87,19,668,0,0,1,0,0,0,1,2250.08,0
10295.94,5,417,2,4,0,0,0,0,0,850.36,0
862.47,0,553,0,0,0,1,1,0,0,1643.98,0
2772.6,17,216,1,5,0,1,0,0,0,959.89,0
9734.2,5,79,1,3,2,0,0,0,0,282.58,0
5153.75,13,144,0,0,0,0,0,0,0,158.17,0
132.51,10,845,4,19,2,0,0,0,1,720.24,0
2137.4,16,1015,1,4,1,0,0,0,0,1625.29,0
3928.76,8,239,1,6,1,0,0,0,0,508.52,0
4178.86,21,129,2,9,5,0,0,0,1,377.11,1
206.45,6,478,3,21,0,0,1,0,1,1292.01,0
409.3,13,530,1,4,1,0,0,0,1,106.88,0
4874.81,16,616,0,0,1,0,0,0,1,235.28,0
349.8,7,11,0,0,5,0,0,0,1,497.75,0
699.56,15,3,1,6,2,0,0,0,0,4232.97,0
11658.77,11,161,4,18,1,0,0,0,1,1056.85,0
1020.76,11,60,0,0,0,0,0,0,0,594.41,0
368.65,4,596,2,15,5,0,0,0,1,1954.73,0
294.0,4,277,0,0,0,0,1,0,0,156.11,0
1806.38,13,636,0,0,0,0,0,0,0,470.99,0
148.45,5,71,1,4,0,0,0,0,1,568.12,0
756.72,6,360,1,5,0,0,1,0,0,531.34,0
1807.76,22,316,1,2,1,0,1,0,0,2136.11,0
7698.07,20,151,0,0,0,0,0,0,0,565.6,0
2984.9,16,265,1,7,3,0,0,1,0,1880.25,0
375.74,8,324,2,13,1,0,1,0,0,1970.79,0
6422.93,21,803,0,0,0,1,0,0,0,1679.39,0
699.75,12,20,3,10,0,0,0,0,0,638.07,0
171.82,8,632,0,0,0,1,1,0,1,878.16,0
847.2,15,1430,2,13,1,0,0,0,2,370.05,0
9482.98,3,480,1,4,1,0,0,0,0,1644.07,1
1405.09,1,487,4,28,3,0,0,0,1,134.96,0
1117.43,12,89,1,7,0,0,1,0,1,810.16,0
12782.31,12,270,1,4,0,0,0,0,0,126.66,0
128.12,18,446,0,0,2,0,0,0,1,1722.08,0
159.43,11,336,3,11,1,0,0,0,0,1578.33,0
97.15,3,177,0,0,0,0,0,0,0,2493.26,0
1917.87,9,1027,2,5,2,0,0,0,0,645.93,0
1407.74,15,263,3,10,0,0,0,0,0,1358.03,0
11093.39,23,1278,2,13,1,0,0,0,0,434.08,0
1580.05,18,302,1,4,0,0,0,0,0,132.97,0
598.1,7,575,2,5,0,0,1,0,0,749.3,0
1099.59,5,494,2,5,1,1,0,0,1,1134.72,0
1308.4,3,394,2,9,0,0,0,0,0,1100.65,0
89.33,6,5,2,10,0,0,0,0,0,757.9,0
63927.02,13,29,2,13,5,0,0,0,0,4082.77,0
2391.81,12,317,2,12,0,0,0,0,1,785.81,0
1502.69,20,886,2,6,0,0,0,0,0,1301.09,0
2759.34,4,335,3,10,0,1,0,0,0,540.99,0
3178.35,8,98,2,12,5,0,1,0,0,946.78,0
888.18,2,140,2,6,0,1,0,1,2,1313.44,0
425.45,9,356,4,27,0,0,0,0,0,449.83,0
2695.06,14,331,1,5,1,0,0,1,1,251.82,0
1955.82,19,1137,3,15,1,0,0,0,0,1636.28,0
325.44,20,274,2,11,1,0,0,0,2,622.26,0
9214.68,16,160,1,2,5,0,1,0,2,589.06,0
1702.8,22,271,2,10,0,0,0,0,1,2867.83,0
3277.15,23,563,1,4,1,0,0,0,1,652.91,0
8847.42,5,283,1,5,0,0,0,0,2,639.33,0
1133.24,2,144,0,0,1,1,0,0,1,387.91,0
1764.16,17,150,4,19,0,0,0,0,0,686.77,0
3696.13,4,516,1,7,3,0,0,0,0,449.8,0
369.71,12,25,0,0,5,1,0,1,1,1849.16,0
1189.25,0,117,2,4,0,0,0,0,2,1681.86,0
1323.88,16,60,1,3,0,0,0,0,1,1593.8,0
261.36,2,1056,1,4,0,0,0,1,0,753.92,0
35470.45,18,34,0,0,2,0,0,0,0,805.02,0
132.83,20,518,2,9,1,0,0,0,1,1386.31,0
156.47,19,363,3,20,1,0,0,0,1,499.37,0
7874.14,21,365,1,7,5,0,1,0,0,1719.61,0
3196.78,11,526,1,4,1,0,0,0,1,175.94,0
235.35,7,186,2,4,0,0,0,0,1,243.82,0
2726.93,7,186,1,4,2,0,0,0,0,775.51,0
9914.72,14,124,1,3,0,0,0,0,1,921.3,0
1047.96,10,332,0,0,5,0,0,0,0,2735.01,0
54080.79,19,969,2,13,2,0,0,0,0,2198.08,0
82.59,0,940,3,15,0,0,0,0,0,6716.44,0
3104.9,15,443,2,13,3,0,0,0,1,308.45,0
6309.38,13,863,2,15,1,1,0,0,0,472.61,0
4175.61,6,1208,0,0,5,0,0,0,0,1632.26,0
807.12,5,578,1,7,5,0,0,0,0,349.4,0
709.34,20,191,0,0,1,0,0,1,0,821.49,0
2134.99,3,240,3,7,0,0,0,0,0,376.55,0
3728.02,21,977,0,0,1,0,0,1,1,210.8,0
2707.31,7,404,3,17,0,0,0,0,0,205.81,0
5219.13,21,627,0,0,0,0,0,0,2,59.04,0
237.86,18,45,1,7,0,0,0,0,0,1126.72,0
779.26,2,78,2,11,1,0,1,0,1,673.24,0
267.73,3,153,3,7,0,1,0,0,1,672.24,0
614.51,12,76,0,0,0,0,0,0,0,81.41,0
5028.27,20,864,3,11,0,1,0,0,1,894.49,1
1289.46,1,89,2,7,3,0,0,0,3,1386.33,1
54736.65,10,297,2,6,2,1,0,0,1,382.83,1
1465.73,15,32,0,0,5,0,0,0,1,1681.74,0
1199.35,9,61,3,13,3,1,0,1,0,224.81,1
1285.98,14,103,0,0,0,0,0,0,1,1003.27,0
421.28,9,1484,1,4,1,0,1,1,0,78.66,0
1005.5,1,582,3,10,0,0,0,0,0,523.23,0
5953.19,5,408,0,0,2,0,0,0,3,854.5,0
1301.09,13,905,0,0,1,0,0,0,0,414.28,0
333.56,1,1141,4,31,2,1,0,0,2,535.8,0
273.79,9,220,1,5,3,1,0,0,1,2670.08,0
558.19,16,144,1,2,1,1,0,0,1,248.74,0
1225.12,7,138,3,17,0,0,0,0,0,92.87,0
6570.73,15,13,3,7,0,0,0,0,0,1348.28,0
146.83,13,119,1,5,0,0,0,0,0,149.31,0
678.76,9,160,3,11,1,0,0,0,1,471.24,0
1361.67,12,13,1,6,2,0,0,0,0,233.3,0
70.07,0,781,0,0,2,0,0,0,0,1016.47,0
314.07,9,687,0,0,2,0,0,0,0,1747.15,0
395.51,21,105,2,6,3,0,0,0,0,247.46,0
332.3,11,592,2,11,0,0,0,1,0,2026.41,0
1462.4,16,580,0,0,1,0,0,0,0,286.83,0
861.92,23,148,0,0,5,0,0,0,0,1002.91,0
476.79,13,435,2,14,3,0,0,0,0,321.86,0
2083.79,4,124,0,0,0,0,0,0,1,2545.59,0
14539.32,18,26,1,6,0,0,0,1,1,30.51,0
12821.58,4,256,0,0,1,0,0,0,0,122.57,0
61.3,14,210,2,5,0,0,0,0,0,526.96,0
2606.1,12,54,1,3,3,1,1,0,1,167.21,1
839.63,16,246,2,11,5,0,0,0,1,1944.79,0
1384.0,0,1088,0,0,0,0,0,0,1,117.38,0
603.4,13,479,0,0,3,0,0,0,1,435.5,0
1308.17,3,490,1,3,5,0,0,0,2,30908.55,0
1376.24,8,517,1,5,0,0,0,0,1,1526.91,0
460.16,16,498,1,2,0,1,0,0,1,95.96,0
285.84,2,7,1,5,0,1,0,0,1,10293.67,0
559.45,12,943,0,0,0,0,0,0,1,4190.21,0
1558.36,11,647,4,11,5,0,0,0,1,291.3,0
2693.22,15,117,2,12,3,0,0,0,0,932.78,0
3944.29,3,293,0,0,1,0,0,0,0,172.04,0
522.55,17,348,2,4,3,0,0,0,2,791.66,0
1678.69,22,51,2,11,0,0,0,0,0,865.01,0
4645.96,2,106,2,4,1,0,0,0,0,546.26,1
6300.55,16,8,3,21,0,0,0,0,1,958.28,1
1004.0,0,728,2,8,3,0,0,0,0,2025.22,0
787.29,18,9,1,6,0,0,0,0,0,539.49,0
1460.72,21,140,2,6,0,0,0,0,0,119.56,0
195.48,3,29,2,14,2,0,0,0,2,299.62,0
820.23,16,554,0,0,0,0,0,0,0,536.07,0
3350.55,6,945,2,6,5,0,0,0,0,431.88,0
2872.45,1,302,0,0,0,0,0,0,0,1064.07,0
731.14,11,54,2,7,0,0,0,0,0,1237.91,0
1520.17,4,298,0,0,0,0,0,0,0,265.28,0
318.31,15,536,1,2,0,0,0,0,0,276.12,0
3150.25,7,462,1,3,5,0,0,0,0,11717.7,0
975.81,22,494,3,20,0,0,0,0,0,591.87,0
724.93,7,119,1,5,0,0,0,0,1,2403.49,0
637.41,12,27,1,4,0,0,1,0,1,84.12,0
997.91,13,58,1,7,0,0,0,0,0,7042.57,0
560.14,10,1136,2,13,0,0,0,0,0,436.04,0
2943.09,5,346,1,3,0,0,0,0,0,148.73,0
606.12,15,475,2,5,3,1,0,0,0,766.73,0
11961.47,22,837,4,12,5,0,0,0,0,6463.62,0
9875.53,21,699,4,24,0,0,0,0,3,6134.21,0
287.92,14,89,2,10,0,0,0,0,0,628.28,0
1217.5,15,21,1,7,0,0,0,0,1,599.15,0
413.23,12,946,1,2,5,0,0,1,0,153.63,0
671.85,11,1459,1,7,3,0,0,0,2,4100.47,0
22106.81,17,305,0,0,0,0,0,0,0,2520.01,0
691.35,17,800,2,9,3,0,0,0,0,3356.86,0
1882.47,13,96,0,0,0,0,0,0,0,318.07,0
2470.02,1,42,1,5,0,0,0,0,1,2022.33,0
244.46,21,252,0,0,0,0,0,0,0,370.2,0
304.1,1,608,1,3,1,1,1,0,0,5071.29,0
179.64,2,388,1,7,1,0,0,0,1,228.42,0
290.34,23,370,2,6,0,0,0,0,1,424.64,0
15.26,7,6,1,3,1,0,0,1,0,1462.25,0
2482.13,10,139,1,4,1,1,0,0,0,160.55,0
23891.8,11,1023,1,2,0,0,0,1,0,563.05,0
1368.86,3,52,2,9,5,0,0,0,1,203.39,0
131.05,8,473,1,2,3,1,0,0,0,453.08,0
418.15,23,519,4,30,2,0,0,0,1,249.26,0
550.97,16,481,3,11,0,0,0,0,2,992.44,0
238.32,23,1655,3,17,1,0,0,0,0,1451.15,0
3984.93,15,192,1,7,2,0,0,0,0,560.6,0
3697.42,16,418,1,6,3,1,0,0,0,3659.05,0
193.8,14,78,1,7,0,0,0,1,1,465.52,0
3253.94,19,186,3,18,1,1,0,0,1,315.91,0
10831.56,21,246,2,6,5,0,0,0,0,495.46,0
19031.24,6,88,1,4,0,0,0,0,0,366.56,0
80645.48,9,866,1,5,3,0,0,0,0,92.11,0
283.44,3,459,1,4,3,0,0,0,0,2653.51,0
75836.17,23,121,0,0,0,0,0,0,0,200.01,0
644.64,23,52,1,6,5,0,0,0,0,531.81,0
450.93,13,123,3,20,1,0,0,0,0,1483.15,0
1791.14,13,356,2,8,0,0,0,0,2,599.25,0
458.02,13,639,2,13,0,0,0,0,0,796.09,0
1995.33,13,255,1,5,2,0,0,0,1,432.04,0
151.39,21,39,1,4,0,0,0,0,3,2132.22,0
766.53,19,104,1,3,0,0,1,0,1,1110.12,0
7542.99,17,154,1,6,0,0,0,0,2,138.42,0
1006.67,14,369,4,22,0,0,1,0,1,3209.34,0
1356.13,22,103,2,4,0,0,0,0,1,375.28,0
2236.99,18,97,0,0,2,0,0,0,0,2179.51,0
6348.62,12,123,2,14,1,1,0,0,0,873.48,1
91.58,11,327,3,7,0,0,1,0,0,129.13,0
2635.39,18,247,2,10,2,0,0,0,1,715.13,0
733.47,18,672,0,0,2,0,0,0,0,1280.35,0
1408.04,19,436,0,0,1,0,0,0,1,1019.26,0
5377.21,1,401,1,5,2,0,0,0,0,1352.85,0
182.86,20,61,2,6,3,0,0,1,1,520.31,0
240.09,2,20,1,3,0,0,1,0,0,72.74,0
60.15,9,260,1,2,0,0,0,0,2,242.29,0
481.19,4,27,4,13,1,0,0,0,0,1913.36,1
8067.9,11,165,2,13,0,1,0,0,0,639.91,0
915.18,6,9,3,19,0,0,0,0,0,2146.12,0
146.91,8,71,0,0,1,0,0,0,1,635.19,0
529.26,1,42,0,0,3,1,1,0,0,5056.67,1
117.71,9,589,1,3,3,0,0,0,1,622.65,0
202.8,5,155,4,23,5,0,0,0,1,1091.0,0
1964.96,11,29,2,15,0,0,0,0,0,4307.19,0
188.52,5,112,1,5,0,0,0,0,1,219.67,0
5819.39,2,419,2,12,1,0,0,0,0,953.69,0
985.67,9,499,0,0,1,0,1,0,1,348.64,0
1246.87,8,46,2,4,2,0,1,0,1,105.62,0
722.3,19,550,1,4,0,0,0,0,0,899.76,0
3495.64,4,168,3,15,1,0,0,0,0,1598.34,0
3550.13,2,415,3,14,3,0,0,0,0,265.84,0
1812.72,4,406,3,10,0,0,0,0,0,4919.05,0
2558.52,7,575,2,9,0,0,0,0,0,712.27,0
797.81,7,436,0,0,0,0,0,0,0,606.36,0
2473.29,13,14,1,3,1,0,1,0,1,570.22,0
660.62,23,267,5,29,0,0,0,0,0,624.4,0
1100.31,21,66,1,2,0,0,0,0,0,13202.3,0
726.35,16,1279,3,11,0,0,0,0,1,1232.21,0
552.34,10,107,2,14,0,0,0,0,0,2244.05,0
390.07,15,198,3,17,2,1,0,0,0,256.9,0
2211.74,5,79,2,5,1,0,0,0,0,1516.8,0
7831.5,10,52,1,3,0,0,0,0,0,1556.78,0
6352.81,9,335,1,7,0,0,0,0,0,680.23,0
166.53,22,248,2,7,2,0,0,0,1,145.85,0
7584.06,8,171,1,5,1,0,0,1,1,630.31,0
680.46,23,32,1,5,1,0,0,0,0,221.01,0
2700.25,23,486,2,8,1,0,0,0,0,879.31,0
281.65,14,2,2,4,3,0,0,0,0,394.68,0
1356.92,6,223,1,3,1,0,0,0,2,4794.61,0
1755.63,17,365,2,15,0,0,0,0,0,215.18,0
118.28,0,205,1,2,0,1,0,0,1,310.88,0
2730.94,14,49,1,6,2,0,0,0,0,188.33,1
8257.71,1,549,1,7,1,0,0,0,0,3665.54,0
843.9,21,142,1,6,0,0,0,0,1,301.64,0
8435.9,1,52,2,7,3,0,0,0,2,520.86,0
825.06,9,291,0,0,1,0,0,0,2,424.32,0
3922.08,19,7,0,0,1,1,0,0,0,1655.5,0
39.34,14,142,4,31,0,1,0,0,0,4002.43,0
41281.37,9,506,1,2,0,0,0,0,0,2594.58,0
10333.92,18,890,1,2,5,0,0,0,0,478.34,1
715.56,21,326,3,23,0,0,0,0,0,111.41,0
56.93,12,89,1,7,0,0,0,0,0,144.66,0
1689.25,23,90,1,3,2,0,0,0,0,851.14,0
125.73,10,337,1,7,0,0,0,0,0,214.77,0
2137.26,21,190,0,0,1,0,0,0,2,611.91,0
2033.16,1,71,0,0,0,0,0,0,0,196.73,0
267.17,20,565,1,6,1,0,0,0,0,2403.72,0
5892.59,12,81,0,0,1,0,1,0,0,143.09,1
3671.52,21,141,3,10,2,0,0,0,0,355.69,1
4739.73,21,23,0,0,0,1,0,0,1,111.75,0
1111.3,20,441,2,8,0,0,0,0,2,213.63,0
131.2,0,117,5,22,0,1,0,0,0,1849.62,0
4754.32,4,96,1,5,1,0,0,0,1,1028.33,0
731.02,20,131,2,6,0,0,0,0,2,823.9,0
136.36,21,756,1,5,0,0,0,1,0,262.52,0
8333.67,6,266,3,12,0,0,0,1,3,199.94,1
25568.37,12,62,3,18,3,0,0,0,0,174.24,0
1030.84,12,543,0,0,0,1,0,0,0,1240.52,0
27964.24,19,85,2,6,1,0,0,0,0,747.31,0
1257.61,22,194,1,3,0,1,0,1,0,711.85,0
619.75,20,306,0,0,1,0,0,0,0,7579.07,0
425.95,5,320,1,7,5,0,0,0,0,216.41,0
12779.83,19,26,3,20,3,0,0,0,0,1283.27,0
340.29,11,661,0,0,0,0,0,0,1,174.4,0
3304.05,7,238,1,5,1,0,0,0,0,1047.97,0
474.02,8,1654,1,2,1,0,0,1,1,7520.68,0
549.79,17,461,3,11,0,0,0,0,0,679.93,0
5142.91,10,1789,3,16,1,0,0,0,1,4232.41,0
620.14,19,220,1,2,1,0,0,0,2,206.97,0
597.53,10,55,1,2,0,0,0,0,1,810.84,0
5998.15,23,474,3,7,1,0,0,0,0,2059.67,0
12041.28,23,548,1,2,3,1,0,0,0,1649.15,0
2884.29,14,699,2,5,1,0,0,0,0,1280.68,0
410.69,8,130,1,3,0,0,0,0,0,57.54,0
509.84,2,260,1,4,0,0,0,0,1,2148.63,0
1236.29,16,711,1,3,0,0,0,0,0,2544.42,0
1774.71,16,730,3,21,0,0,0,0,0,885.53,0
249.19,2,9,1,7,3,0,0,0,1,3572.32,0
3243.98,18,405,1,7,1,0,0,0,0,285.04,0
1246.72,8,335,2,9,2,0,0,0,1,3102.73,0
83.63,16,31,3,19,2,1,0,0,0,415.04,0
272.22,22,971,0,0,0,0,0,0,0,642.28,0
514.81,17,215,3,8,0,1,1,0,0,313.91,0
983.1,22,409,1,5,0,1,0,0,1,149.55,0
18655.91,14,782,2,14,3,0,1,0,0,440.07,0
1567.53,0,50,1,4,0,0,0,0,0,430.3,0
310.7,9,706,2,12,0,0,0,0,0,795.2,0
1526.83,7,470,4,26,1,0,1,0,0,323.59,0
646.69,9,667,3,17,3,1,0,0,0,812.56,0
1784.94,1,249,1,7,0,0,0,0,0,786.92,0
2619.8,18,12,1,2,0,0,0,0,0,1682.92,0
6726.74,13,405,0,0,0,0,0,0,1,2913.2,0
1057.4,7,171,1,5,1,0,0,0,2,924.08,0
12815.89,18,187,0,0,5,0,1,0,2,797.76,0
4281.39,0,212,2,10,0,0,0,0,0,1686.44,0
379.49,15,247,2,7,3,0,0,0,1,1109.46,0
30175.44,23,395,2,14,3,0,1,0,0,1406.78,0
1790.93,14,473,1,7,1,0,0,0,0,402.76,0
313.35,19,547,2,7,0,0,0,0,3,228.41,0
13086.93,23,406,2,12,5,0,0,0,0,3299.83,0
24752.12,4,593,0,0,2,1,0,0,2,391.87,0
1043.63,2,47,0,0,1,1,0,0,0,1984.22,0
515.18,16,661,2,10,0,0,0,0,0,433.28,0
846.78,9,178,1,2,2,0,0,0,1,76.47,0
3203.82,4,274,3,13,0,0,0,0,1,534.65,0
7456.08,10,207,1,6,0,0,0,1,0,461.19,0
2580.48,5,235,3,22,0,1,0,0,0,918.22,0
1277.4,3,122,2,7,3,0,0,0,1,456.17,0
10373.58,6,67,2,4,1,1,0,0,0,715.45,0
685.91,18,40,0,0,0,0,0,0,0,1271.72,0
5148.08,6,219,0,0,0,0,0,0,0,2801.98,0
711.88,13,48,0,0,0,0,0,0,0,377.88,0
2093.38,16,102,1,2,1,0,0,0,0,1451.26,0
924.87,22,52,1,7,5,0,0,0,0,330.37,0
1008.5,16,42,3,21,5,0,0,0,2,1774.41,0
622.61,12,781,1,6,3,0,0,0,1,1114.51,0
8244.33,0,409,0,0,0,0,0,0,0,563.02,0
365.26,1,939,2,12,0,0,0,0,0,2822.66,0
361.28,17,376,0,0,1,0,0,0,1,44.6,0
26409.8,3,678,2,10,1,0,0,0,1,395.11,0
4754.14,12,295,2,7,3,0,0,0,0,84.93,1
30.64,0,226,1,6,0,0,0,0,1,97.44,0
469.71,3,274,2,9,1,0,0,0,0,906.21,0
72.39,1,140,1,5,1,0,0,0,1,212.46,0
263.48,3,391,0,0,3,0,0,0,2,1558.05,0
10.0,15,830,0,0,1,0,0,0,0,1944.19,0
892.94,3,556,2,4,3,1,0,0,0,1543.41,0
197.77,8,226,3,23,1,0,0,0,0,127.13,0
1199.74,16,1123,2,9,0,1,0,0,1,727.64,0
95.81,20,1543,1,3,1,0,0,0,0,606.37,0
1241.86,22,247,1,6,0,0,0,0,1,834.29,0
588.53,19,729,1,5,1,0,0,0,1,2135.63,0
10435.09,20,1,1,7,3,0,1,0,0,989.43,1
9109.16,1,25,3,20,1,0,0,0,0,125.26,0
3561.79,2,8,4,14,0,0,0,0,0,625.16,0
671.88,22,541,2,11,0,0,1,0,0,958.82,0
21548.7,14,30,2,10,0,0,0,0,0,888.71,0
106.75,6,6,1,7,0,1,0,0,1,524.46,0
133.57,3,58,0,0,0,0,0,0,0,1810.01,0
967.12,11,133,1,3,5,0,0,0,0,1055.06,0
32243.03,0,228,0,0,0,0,0,1,0,387.03,0
809.56,16,24,1,4,1,0,0,1,2,73.61,0
833.08,3,252,1,4,2,0,0,0,1,740.85,0
126.11,3,104,2,14,1,1,0,0,0,800.59,0
4531.89,21,117,0,0,0,0,0,0,1,1846.68,0
4581.42,22,629,1,6,1,0,0,0,0,161.32,0
3581.77,8,1582,2,12,0,0,0,0,1,181.65,0
426.74,20,227,1,4,0,0,0,0,1,1880.18,0
379.91,9,141,1,4,5,0,0,0,2,944.92,0
157.64,18,978,4,25,0,1,0,0,0,693.62,0
1243.65,18,253,2,7,1,1,0,0,1,264.13,0
216.89,14,478,2,13,3,0,0,0,0,899.2,0
187.52,21,194,2,8,3,0,0,0,0,3092.69,0
580.83,16,82,6,12,1,0,0,0,1,240.3,0
526.51,6,388,1,5,3,0,0,0,0,212.41,0
489.33,2,399,4,12,1,0,0,0,1,42.48,0
2207.61,4,225,0,0,1,1,0,0,2,980.09,0
1234.69,15,114,3,20,1,0,0,0,0,526.97,0
711.78,22,650,1,3,0,0,0,0,0,330.99,0
1443.06,6,117,4,12,0,1,0,0,0,2060.11,0
247.82,15,392,1,4,0,1,0,0,0,837.08,0
1284.23,8,176,0,0,0,0,0,0,0,224.92,0
1374.58,0,233,1,4,5,0,0,0,2,319.11,0
115.06,2,86,4,24,0,0,1,0,0,317.65,0
4883.12,7,382,0,0,0,0,0,1,0,116.65,0
292.32,17,93,3,10,2,0,1,1,1,2034.08,0
1255.72,23,242,1,2,0,0,0,0,1,891.07,0
6289.38,23,145,1,4,0,0,0,0,1,1065.86,0
4396.28,17,1209,0,0,2,0,0,0,1,317.85,0
1154.59,23,1470,0,0,0,0,0,0,0,1316.05,0
636.67,18,511,2,6,1,0,0,0,0,2064.88,0
4542.66,6,1507,2,14,1,0,1,0,1,797.48,0
3017.07,19,43,1,7,5,0,0,0,1,1279.59,0
433.74,5,1777,2,13,2,1,0,0,0,246.37,0
332.84,10,39,1,6,0,0,0,0,1,5543.87,0
48.98,4,195,2,15,0,1,0,1,0,1291.8,0
1381.67,11,99,2,7,5,0,0,0,0,3570.96,0
968.7,0,1122,2,15,2,0,0,0,0,1200.42,0
6028.7,18,368,0,0,0,1,0,0,1,490.24,0
1879.16,10,331,1,4,0,0,0,0,0,474.24,0
8113.98,14,2178,0,0,0,0,0,0,2,463.31,0
385.27,15,345,4,29,1,0,0,0,0,644.57,0
6046.44,2,379,0,0,0,0,0,0,2,869.0,0
496.02,10,16,0,0,1,0,1,0,1,1203.62,0
3520.63,10,715,2,9,2,1,1,0,0,721.06,0
122.96,9,1280,3,20,0,1,0,0,1,136.18,0
1560.41,1,1177,1,2,1,0,0,0,1,161.7,0
55.87,19,91,3,9,1,0,0,0,0,735.84,0
734.58,4,93,0,0,0,0,0,0,1,335.87,0
2122.88,22,166,2,8,0,0,0,0,0,4600.66,0
501.97,22,135,3,20,1,0,0,0,1,1630.79,0
226.86,7,133,2,13,0,1,0,0,1,842.72,0
3901.74,12,339,2,13,0,0,1,0,1,228.69,0
938.99,14,597,1,6,2,0,0,0,0,646.31,0
526.18,1,1007,1,7,1,0,0,0,0,466.16,0
1167.76,11,25,1,5,0,0,0,0,1,158.23,0
57239.74,23,118,2,9,1,0,0,0,0,2568.25,0
6187.3,7,107,0,0,0,0,0,0,1,445.83,0
6272.06,20,161,2,8,0,0,0,0,0,951.82,0
2107.63,18,201,4,23,1,1,0,1,0,281.36,0
1407.72,22,179,0,0,0,0,1,0,0,1354.19,0
30.14,0,1109,1,7,0,1,0,0,0,516.6,0
396.05,7,209,0,0,0,1,1,0,0,462.24,0
533.33,9,292,5,29,0,0,1,0,0,323.77,0
65.87,12,504,2,12,1,0,0,0,1,544.83,0
193.23,4,471,2,9,3,0,0,0,0,303.35,0
56.19,21,319,1,3,0,0,0,0,0,755.21,0
1035.37,8,719,0,0,0,0,0,0,0,1134.23,0
3744.9,9,357,0,0,0,0,0,0,1,915.99,0
5768.47,13,758,1,7,1,1,0,0,0,208.45,1
2043.0,23,131,2,13,0,0,1,0,0,285.81,0
258.5,10,51,0,0,3,0,0,0,0,1076.39,0
60.46,13,624,0,0,0,0,0,0,0,1390.27,0
78.63,2,175,3,7,5,0,0,0,0,407.8,0
163.45,20,384,1,2,0,0,0,0,0,532.43,0
289.08,15,487,1,6,0,1,0,0,0,491.23,0
862.97,19,144,1,7,0,0,0,1,0,1036.45,0
239.55,16,256,3,10,0,0,0,0,0,307.0,0
1823.41,4,822,0,0,1,0,0,0,1,1073.09,0
774.01,6,773,2,15,3,1,0,0,1,838.93,0
1114.12,16,505,2,11,0,0,0,1,0,530.42,0
6065.52,19,525,2,6,1,0,0,0,0,840.69,0
186.73,21,832,2,4,0,1,0,0,1,716.73,0
2055.05,10,486,1,5,1,0,0,0,1,376.99,0
1073.89,11,151,3,14,2,1,1,0,0,348.87,1
664.99,23,46,1,4,0,1,0,0,1,875.46,0
4137.66,1,200,1,7,0,1,1,0,1,631.12,1
4099.09,18,33,2,7,0,1,0,0,1,827.56,0
265.14,4,44,3,14,0,0,0,0,0,402.27,0
834.44,10,1094,1,3,1,0,0,0,0,841.76,0
1672.07,22,411,3,11,1,0,0,0,0,800.66,0
728.14,18,696,2,13,0,0,0,0,0,2697.47,0
2637.36,6,375,1,3,5,0,0,0,0,215.9,0
1672.02,20,197,3,18,0,0,0,0,0,810.48,0
17134.37,21,9,1,2,0,0,0,0,0,934.4,1
110.45,5,1138,0,0,2,0,0,0,0,2534.5,0
912.64,10,26,3,6,5,0,0,0,1,1393.98,0
280.69,13,343,3,17,0,0,0,0,0,2296.62,0
2713.95,3,39,1,7,2,0,0,1,0,270.39,0
96.95,7,122,2,11,1,1,0,0,3,1250.09,0
1843.59,8,75,1,7,0,1,0,0,0,2407.84,0
426.21,1,294,3,15,5,0,0,0,0,312.73,0
364.58,10,796,2,12,3,0,0,0,0,573.92,0
125.24,19,368,1,7,2,0,0,0,2,1706.57,0
545.87,21,398,0,0,0,0,0,0,0,428.15,0
5578.92,6,874,2,11,0,0,1,0,0,1087.84,0
1055.97,3,505,0,0,0,0,0,0,0,590.15,0
2811.63,23,733,3,6,0,0,0,0,0,1864.81,0
13319.21,13,196,0,0,0,0,0,0,0,705.07,0
1628.86,23,731,3,15,0,0,0,0,1,424.77,0
474.28,0,378,1,4,2,0,0,0,0,1222.34,0
2210.29,23,53,3,12,0,0,0,0,1,251.6,0
484.71,11,14,0,0,0,1,0,0,2,352.83,0
514.59,18,102,1,4,0,0,0,0,0,423.84,0
112.19,4,173,0,0,1,0,0,0,1,382.54,0
4400.12,7,663,1,6,1,0,0,0,0,277.09,0
614.62,10,493,3,17,0,0,0,1,0,1517.95,0
1441.08,21,1134,2,7,0,0,0,0,0,373.41,0
231.84,3,298,1,6,0,0,0,0,2,665.89,0
2108.9,14,502,1,3,0,0,0,0,2,303.17,0
349.7,19,117,5,19,1,0,0,0,0,1060.09,0
886.64,11,415,0,0,3,1,0,0,0,608.71,0
4091.8,19,447,1,6,0,0,0,0,0,710.75,0
3590.83,21,688,2,8,1,0,0,0,0,370.12,0
1060.99,22,280,1,5,3,1,0,0,1,877.53,0
77.31,20,382,1,3,0,0,0,0,1,1368.21,0
97656.93,9,82,1,6,2,0,0,1,0,213.92,1
15044.81,23,487,1,7,2,0,0,0,0,2094.08,0
3242.22,15,665,2,12,1,0,0,0,0,364.03,0
354.32,22,328,3,11,0,0,0,0,0,136.32,0
924.83,7,44,2,8,0,0,0,0,2,1335.16,0
485.35,19,136,2,4,5,0,1,0,0,392.63,0
7301.13,7,235,1,5,3,0,0,0,0,118.03,0
1625.8,5,412,1,5,3,0,1,0,0,598.82,0
338.24,2,140,2,15,1,0,0,0,0,581.72,1
541.24,7,669,1,4,2,0,0,0,0,255.64,0
5894.54,22,169,0,0,0,0,0,0,1,719.53,0
12090.16,9,15,1,6,3,0,0,0,1,1388.23,0
10856.26,4,576,1,3,0,0,0,0,1,533.06,0
3413.69,10,377,6,12,0,0,0,1,0,7456.52,0
750.74,3,591,2,12,1,0,0,1,0,358.45,0
10.0,16,156,2,9,0,0,0,0,0,1059.04,0
1712.55,2,6,1,7,0,1,0,0,1,443.73,0
1093.63,17,27,0,0,0,0,0,0,2,1040.87,0
1352.86,7,43,3,15,3,0,0,0,0,736.78,0
1188.97,23,596,0,0,0,0,1,0,0,1230.48,0
150.0,11,130,2,13,3,0,0,0,0,149.79,0
2530.35,20,2250,2,12,0,0,1,0,1,1695.61,0
2830.83,15,518,0,0,0,0,0,1,0,822.01,0
3051.87,13,335,2,4,1,0,1,0,0,327.09,0
4536.29,20,1500,0,0,0,0,0,0,0,1108.58,0
2713.72,15,138,1,5,1,0,0,0,0,246.43,1
592.86,3,66,4,26,0,0,1,0,0,14767.19,0
986.09,0,487,3,20,0,0,0,0,0,357.16,0
1257.26,0,118,1,6,0,0,0,0,0,720.0,0
1288.91,21,1184,2,7,0,1,0,0,0,324.03,0
4901.65,14,1616,0,0,0,1,0,0,1,853.2,0
2879.88,19,952,3,23,0,0,0,0,1,1037.33,0
24736.01,19,1057,0,0,1,0,0,0,1,791.45,0
30022.53,2,349,0,0,0,0,1,0,0,499.6,0
1235.8,13,429,2,8,0,0,0,0,0,4920.81,0
10.0,8,36,1,3,2,0,0,1,0,2089.39,0
7011.09,18,525,1,3,0,0,0,0,0,2311.22,0
487.57,7,82,1,2,0,0,0,0,0,2804.3,0
329.57,1,669,1,6,0,0,0,0,0,752.88,0
603.25,3,1189,0,0,0,1,0,0,0,545.47,0
561.18,0,87,0,0,0,0,0,0,1,1403.77,0
2747.38,10,29,1,7,3,0,0,0,1,814.7,0
105.73,4,241,1,7,0,1,1,0,2,786.33,0
217.77,1,572,1,2,2,0,0,1,0,755.05,0
1834.89,12,537,2,8,3,1,0,0,2,1072.84,0
2791.73,16,435,2,7,1,1,0,0,0,578.02,0
2870.7,16,627,2,15,0,0,0,0,0,351.21,0
336.79,17,70,3,7,0,0,0,0,0,1137.33,0
252.8,20,385,3,16,3,0,0,0,0,346.16,0
512.88,8,339,1,4,0,0,0,0,0,836.69,0
1571.54,5,60,2,15,0,0,0,0,0,111.01,0
10180.36,19,195,3,23,1,0,0,0,1,727.63,1
50.85,2,698,3,13,5,1,0,0,1,1632.9,0
787.53,7,1302,1,4,3,0,0,1,1,556.0,0
148.56,2,399,1,4,1,0,0,0,0,591.03,0
91.99,0,930,1,6,3,0,0,0,1,152.39,0
4677.11,19,51,1,2,1,0,0,0,0,1731.98,0
2482.29,12,1347,1,2,2,0,0,0,0,5372.6,0
2151.99,20,12,4,24,2,0,0,0,0,217.87,1
4365.72,4,273,4,8,2,0,0,0,0,431.84,0
534.01,15,125,3,18,0,0,0,0,1,352.03,0
573.09,20,613,0,0,0,0,0,0,3,814.28,0
29102.98,23,89,1,6,0,0,0,0,1,580.51,0
757.59,15,4,2,12,1,0,0,0,1,3551.79,0
3303.37,23,195,0,0,2,0,0,0,0,1186.86,0
1107.18,11,24,1,6,5,0,0,0,0,1004.54,0
68.55,12,125,2,13,0,0,0,0,0,832.39,0
51.06,3,376,2,15,2,0,0,0,1,255.2,0
460.14,8,127,3,19,2,0,0,0,2,97.31,0
5346.26,15,102,2,14,0,0,0,0,0,328.12,0
3577.56,0,61,1,5,0,0,0,1,0,225.79,0
4320.45,4,53,1,5,0,0,0,0,3,845.91,0
249.49,20,272,1,6,0,0,0,0,0,249.73,0
12379.64,4,417,1,4,1,0,0,0,0,47.12,0
257.92,23,220,4,13,1,0,0,0,0,257.37,0
1509.05,18,48,1,4,0,0,0,1,0,5442.3,0
1079.74,8,380,4,22,1,0,0,0,1,2559.61,0
844.88,7,297,0,0,3,0,0,0,0,386.8,0
8167.26,18,175,1,4,1,0,0,0,2,3116.61,0
380.82,17,146,2,7,0,1,0,0,2,382.11,0
144.83,14,73,0,0,0,0,0,0,1,409.72,0
1130.02,3,57,0,0,0,0,0,0,2,893.13,0
602.0,14,150,1,4,0,1,0,0,1,128.48,0
173871.95,12,15,3,18,0,0,0,0,1,7453.53,0
3025.29,17,209,1,6,5,0,1,0,0,867.52,0
593.47,19,335,1,4,0,0,0,0,1,482.33,0
224.94,4,1037,1,5,2,0,1,0,0,883.91,0
65.34,17,358,1,4,0,1,0,0,1,1436.71,0
235.61,7,357,0,0,2,0,0,0,1,689.4,0
1302.98,0,171,2,14,1,0,0,0,0,1001.05,0
9330.03,18,52,2,14,5,0,0,0,0,395.3,0
5898.97,22,216,1,5,0,0,0,0,0,417.13,0
1546.33,16,333,3,13,5,0,0,0,1,571.84,0
675.36,1,469,1,5,0,0,0,0,1,520.75,0
1641.26,18,638,2,5,0,0,0,0,0,1236.69,0
503.73,15,107,2,14,3,0,1,0,0,387.01,0
14436.95,17,100,1,3,0,0,0,0,1,507.6,0
825.69,1,304,2,13,2,0,0,0,1,1568.96,0
963.42,5,304,3,11,0,0,1,0,3,279.89,0
39.5,6,89,0,0,0,0,0,0,0,156.85,0
817.99,5,323,1,6,1,0,0,0,1,375.59,0
3845.76,5,154,2,8,1,0,0,0,0,136.15,0
221.06,8,372,1,4,1,0,0,1,1,181.45,0
355.64,7,125,2,14,0,0,0,0,2,448.7,0
3601.36,23,327,1,2,1,1,0,0,0,504.65,0
119.7,21,533,2,14,0,0,0,0,1,1156.13,0
5359.9,20,1430,1,7,0,0,0,0,1,1891.43,0
493.63,8,883,2,10,0,0,0,0,0,522.0,0
612.25,11,255,0,0,0,0,0,0,1,585.3,0
203.2,17,244,2,14,5,0,0,0,0,261.26,0
1933.47,22,210,2,9,0,0,0,0,0,1310.45,0
43906.08,5,10,0,0,0,0,1,0,0,273.4,0
3541.29,22,66,1,4,1,0,0,0,0,4472.21,0
299.94,3,22,1,3,5,0,0,0,0,233.41,0
6023.54,6,435,3,23,1,1,0,0,0,312.67,0
681.97,17,194,1,2,3,0,0,0,1,480.84,0
8619.03,19,24,0,0,3,0,0,0,1,533.48,0
3677.6,4,428,1,4,1,0,0,0,0,561.71,0
13.27,17,377,2,7,5,0,0,0,0,1007.16,0
243.2,9,464,3,11,3,0,0,0,1,621.41,0
4521.4,7,334,3,12,5,0,0,0,0,823.3,1
1376.76,0,64,0,0,3,0,0,0,1,662.76,0
236.13,14,23,0,0,0,0,0,0,0,847.75,0
423.95,2,620,1,6,0,0,0,0,1,573.7,0
62.84,14,88,1,3,0,0,0,0,2,417.71,0
960.49,13,285,1,2,0,0,0,0,1,459.67,0
30213.21,0,242,4,22,2,0,0,0,0,988.88,0
3667.99,20,926,2,12,3,0,0,0,1,2156.43,0
29308.28,7,293,3,19,3,1,0,0,2,681.27,1
4119.95,6,316,2,5,3,0,0,0,0,463.1,1
5121.58,8,140,2,6,0,0,0,0,1,1314.0,0
21186.47,17,1163,2,6,2,1,0,0,0,662.49,0
1931.2,11,345,2,11,0,0,0,0,0,562.65,0
828.12,7,1,2,14,0,0,0,0,0,349.48,0
5161.52,7,296,0,0,1,0,0,0,0,1299.2,0
9708.53,5,165,4,15,0,0,0,0,1,479.95,0
533.82,2,11,4,28,0,0,0,0,0,220.28,0
371.54,1,206,4,24,0,0,0,0,0,242.57,0
1350.57,13,542,2,12,0,0,0,0,1,291.35,0
3817.11,7,255,2,15,0,0,0,0,0,635.28,0
3630.54,5,372,1,7,5,0,1,0,0,695.45,0
129.51,3,372,1,4,3,0,0,1,0,1411.64,0
19291.29,4,405,0,0,0,0,0,0,1,658.56,0
419.16,20,178,2,6,0,1,0,0,1,564.1,0
736.86,12,168,1,4,0,0,0,0,0,1759.25,0
283.16,8,1,2,7,0,0,0,0,0,591.46,0
62786.37,12,61,1,4,0,0,0,0,0,1260.48,0
1576.73,8,1099,1,6,3,0,0,0,1,1225.55,0
305.99,23,674,1,3,0,0,0,0,1,384.25,0
4007.35,23,117,0,0,0,0,0,0,1,6401.87,0
3476.23,15,187,2,8,0,0,0,0,1,5300.35,0
827.5,11,1026,0,0,0,0,0,0,1,497.28,0
3869.61,1,105,1,6,3,0,0,0,1,703.85,0
318.0,18,277,2,15,0,0,0,0,0,53.33,0
523.54,15,8,2,13,0,0,0,1,1,474.76,0
53.77,23,352,0,0,1,1,0,0,0,275.62,0
150.52,12,971,0,0,3,0,1,0,0,1769.27,0
16505.45,4,788,2,13,0,0,0,0,1,270.76,0
12863.42,22,254,3,7,0,0,0,0,0,940.54,0
1210.37,23,382,1,4,3,0,1,0,1,4038.99,0
13285.08,5,307,2,5,0,0,0,0,2,558.42,0
862.55,20,25,0,0,0,0,0,0,0,1081.15,0
761.19,23,63,2,13,1,0,1,0,1,1131.69,0
1193.64,16,1211,0,0,0,0,0,0,0,482.06,0
909.25,16,107,2,5,5,0,0,0,1,256.19,0
794.1,16,177,0,0,3,1,0,0,0,1068.4,0
6094.23,2,259,1,3,5,0,0,0,0,86.4,0
1373.62,12,1412,0,0,2,0,0,0,0,454.72,0
3193.02,11,427,1,7,0,0,0,0,1,85.81,0
5151.64,5,362,2,13,0,1,0,0,1,221.36,0
1963.1,21,271,0,0,2,0,0,0,0,271.67,0
255.85,20,440,0,0,5,1,0,0,1,432.1,0
144.13,12,398,3,13,5,0,0,0,0,233.85,0
1370.83,13,850,0,0,0,0,0,0,0,287.0,0
848.2,6,284,3,23,2,0,0,0,0,231.7,0
1250.24,4,199,2,12,1,0,1,0,1,332.23,0
1070.54,13,600,1,4,1,0,0,1,0,504.64,0
52857.8,17,587,4,11,0,0,0,0,0,467.17,0
149.11,3,67,5,15,1,0,0,0,0,435.79,0
55.43,0,98,2,6,5,0,0,0,1,103.21,0
1805.45,6,1162,0,0,5,0,0,0,1,3643.37,0
623.51,19,214,0,0,0,0,0,0,0,313.9,0
1761.82,12,267,0,0,5,0,0,0,0,77.17,0
2632.86,3,135,1,2,5,0,0,0,0,384.97,1
7526.29,12,239,3,18,0,0,0,0,0,174.54,0
114.34,3,496,3,9,0,0,0,0,3,122.58,0
475.76,2,240,1,3,0,0,0,0,0,146.71,0
2086.29,7,137,1,5,1,0,0,0,0,260.86,0
3483.16,19,36,1,7,2,0,0,0,0,205.02,0
29441.91,7,961,1,3,0,0,0,0,0,6712.89,0
4598.82,16,749,2,14,0,0,0,0,0,2339.46,0
1007.09,14,572,0,0,0,0,0,0,0,192.88,0
288.4,3,432,2,12,5,0,0,0,2,787.87,0
470.39,5,264,0,0,5,0,0,0,0,163.37,0
450.76,23,831,1,4,1,0,0,0,0,396.34,0
2930.27,21,572,2,7,0,0,0,0,0,581.87,0
1612.43,5,617,2,11,1,0,0,0,0,532.6,1
150.58,9,135,2,12,0,0,0,0,1,156.11,0
570.29,3,201,1,2,0,0,0,0,0,3042.57,0
4090.09,8,447,4,23,1,0,0,0,0,844.39,0
1858.44,15,169,0,0,0,1,0,0,1,1468.39,0
2573.36,6,248,0,0,1,0,0,1,1,1016.03,0
1947.66,13,379,2,13,0,0,0,0,1,589.11,0
12577.27,5,210,1,4,0,0,0,0,0,552.06,0
1562.53,0,574,1,7,0,1,0,0,0,1871.44,0
614.6,17,45,2,11,0,0,0,0,0,1277.84,0
277.65,11,462,2,15,0,0,0,0,0,1989.5,0
1594.66,21,57,3,18,0,0,0,0,0,7857.9,0
28.19,14,1013,2,8,0,0,0,0,0,394.77,0
831.78,0,137,4,13,2,0,0,0,0,149.01,1
805.32,14,579,0,0,0,0,1,1,1,959.53,0
141.64,14,268,0,0,0,0,0,0,0,1168.11,0
272.49,15,34,1,2,2,0,0,0,0,212.92,0
3694.08,20,318,3,14,1,0,0,0,1,430.05,0
1550.09,0,887,4,16,0,1,0,0,1,580.18,0
1277.53,2,62,1,7,0,0,0,0,0,296.05,0
1736.32,11,141,2,13,0,0,0,0,0,1720.53,0
1260.09,6,211,1,5,0,0,0,0,1,171.64,0
7074.8,4,117,3,13,3,0,0,0,1,802.51,1
1319.68,0,1050,1,6,0,0,0,0,2,97.66,0
123.06,0,173,2,15,0,0,0,0,0,217.41,0
12647.25,14,391,2,5,0,0,0,0,0,7061.37,0
1911.25,7,92,2,14,0,0,0,0,0,273.73,0
453.1,10,90,1,3,0,0,0,0,0,5310.79,0
167.32,13,70,0,0,0,1,0,0,0,392.95,0
1985.99,22,208,0,0,0,0,0,0,0,526.66,0
919.88,12,277,0,0,0,0,0,0,2,152.45,0
11628.57,18,3,2,7,0,0,0,0,0,694.45,0
652.71,11,653,2,13,2,0,0,1,1,322.48,0
312.29,21,262,0,0,0,0,0,0,0,4164.11,0
4203.59,18,62,1,6,0,0,0,0,0,252.69,0
4393.68,3,25,1,2,0,0,0,0,1,369.26,0
1412.3,3,23,1,6,0,0,0,0,0,301.0,0
3024.6,2,108,2,15,3,0,0,0,0,226.2,0
1036.36,5,252,2,11,3,0,0,0,2,2548.43,0
1557.44,4,718,2,8,2,1,0,0,1,308.93,0
6294.85,10,851,4,21,3,0,0,0,2,1030.36,0
2801.69,8,651,1,7,3,0,0,0,0,274.34,0
850.72,2,145,2,9,3,0,0,1,1,470.56,0
8337.71,8,133,0,0,5,0,0,0,0,4666.32,0
31.59,11,1598,1,2,0,0,0,0,1,514.09,0
23815.93,2,417,1,2,0,0,0,0,3,1725.05,0
84.86,19,132,0,0,0,0,0,0,0,169.16,0
428.1,16,145,1,2,0,0,0,0,1,196.17,0
1031.35,20,208,2,7,1,0,0,0,1,247.42,0
880.31,11,354,2,12,0,0,0,0,0,491.91,0
4962.26,17,833,2,9,0,0,0,0,0,129.92,0
224.36,3,80,3,11,0,0,0,0,0,594.06,0
1621.57,9,32,4,29,0,1,0,0,1,1471.11,0
460.67,17,189,0,0,1,0,0,1,0,381.13,0
1707.37,7,102,2,13,5,1,0,1,1,3175.84,0
995.1,8,313,3,17,5,0,0,0,2,195.73,0
1260.68,18,438,0,0,1,0,0,0,0,1491.29,0
480.64,12,135,0,0,3,1,0,0,0,307.16,0
510.25,5,422,0,0,3,0,1,0,0,900.86,0
1687.34,21,153,1,7,0,0,0,0,0,947.21,0
4516.86,6,367,0,0,5,0,0,0,1,259.39,0
447.01,20,365,0,0,2,0,0,0,1,2116.0,0
297.93,5,118,0,0,0,0,0,0,1,837.35,0
2752.29,10,368,3,10,0,0,0,0,0,1345.48,0
1044.45,16,175,3,16,0,0,0,0,0,165.87,0
3811.38,18,149,1,4,1,0,0,0,1,530.54,1
281.83,11,124,0,0,1,0,0,0,2,89.41,0
76.01,20,154,2,6,0,0,0,0,0,596.32,0
492.99,20,564,2,9,3,0,0,0,0,880.19,0
347.4,23,102,1,3,0,0,1,0,1,7887.13,0
974.4,12,418,0,0,0,1,0,0,1,2504.38,0
421.88,17,842,4,22,0,0,0,0,0,315.9,0
3332.66,6,157,4,9,1,0,0,0,1,774.99,0
711.78,22,10,3,14,5,0,0,0,1,732.16,0
1374.32,4,9,2,11,0,0,1,0,0,728.96,0
1389.16,15,54,2,14,0,0,0,0,0,1295.07,0
1469.14,21,42,2,4,1,1,0,0,1,1595.55,0
1057.65,3,503,2,9,0,0,0,0,0,972.32,0
2358.78,22,127,2,12,1,0,0,0,0,345.1,1
332.46,0,385,0,0,0,0,1,0,1,985.69,0
8947.48,3,15,1,3,1,0,0,0,0,216.68,0
769.08,2,127,1,4,3,0,0,0,0,1003.38,0
153.34,3,97,3,21,5,0,0,0,0,297.22,0
1454.05,0,118,0,0,0,0,0,0,1,818.97,0
305.89,11,77,0,0,0,0,0,0,0,902.54,0
2975.01,12,351,2,11,0,1,0,0,0,1867.49,0
30164.12,1,396,0,0,0,0,0,1,0,254.62,0
337.02,8,58,2,14,0,1,0,1,2,790.83,0
1805.44,6,493,2,15,0,0,0,0,2,234.03,0
78.79,12,105,0,0,0,0,0,0,2,182.69,0
2166.48,21,121,1,5,0,0,0,1,2,462.28,0
290.45,1,644,2,12,2,0,0,0,1,1092.72,0
429.55,0,844,0,0,0,0,0,0,1,396.25,0
210.2,17,635,0,0,0,0,0,0,0,438.49,0
3288.63,6,58,1,4,0,0,0,0,3,201.29,0
4968.91,17,2635,2,15,3,0,0,1,2,4364.6,0
1135.78,18,407,1,6,0,0,0,0,1,582.37,0
299.87,7,260,0,0,3,1,0,0,2,333.47,0
11899.89,22,1130,0,0,3,0,0,0,1,433.58,0
355.81,11,620,1,7,0,0,0,0,1,1492.52,0
42.82,10,429,2,13,1,1,0,0,0,5698.22,0
2181.1,8,665,1,6,1,0,0,0,1,317.8,0
209.11,3,177,2,4,0,0,0,0,0,676.09,0
4831.5,6,420,2,12,5,0,0,0,0,153.23,0
619.12,16,77,0,0,0,1,0,0,1,888.33,0
2712.35,10,1614,1,7,0,0,0,0,1,111.14,0
8975.47,1,324,3,17,0,0,0,0,0,238.65,1
178.88,22,614,0,0,1,1,0,0,0,94.78,0
469.23,17,190,5,20,5,0,0,0,0,1708.01,0
978.96,21,518,0,0,0,0,0,0,0,1969.16,0
11007.44,11,178,0,0,0,0,0,0,0,691.21,0
408.47,8,325,4,17,0,0,0,0,0,900.13,0
449.55,10,549,0,0,1,0,0,0,1,830.39,0
2246.68,4,45,2,13,1,0,0,0,0,423.19,0
461.35,6,161,3,13,3,0,0,0,0,2659.7,0
1378.55,0,287,1,2,0,0,0,0,1,3663.52,0
106.99,23,148,0,0,0,0,0,0,2,2048.13,0
30378.64,4,134,0,0,1,0,0,0,0,3411.25,0
145.25,5,120,0,0,0,0,1,0,0,2326.64,0
676.8,12,94,3,8,0,0,0,0,1,2785.9,0
1044.48,10,689,0,0,3,0,0,0,1,1930.55,0
19322.63,7,939,0,0,1,1,0,0,0,1475.25,0
150.31,19,439,2,6,3,0,0,0,0,3626.31,0
21494.58,1,11,1,7,0,1,0,0,0,735.97,0
3414.43,14,563,0,0,0,0,0,0,1,121.54,0
2050.1,9,277,0,0,2,0,0,0,0,4260.72,0
250.4,7,518,1,2,3,0,1,0,2,537.64,0
2583.01,1,209,1,3,0,0,0,0,2,573.96,0
370.47,20,15,1,5,2,1,0,0,0,140.87,0
7331.91,14,417,1,2,2,0,0,0,0,858.88,0
255.55,5,214,1,2,0,0,0,0,1,1788.3,0
925.43,4,756,0,0,2,0,0,0,0,1865.04,0
476.8,21,489,0,0,1,1,0,0,0,1585.85,0
249.31,21,162,2,14,3,0,0,0,1,567.28,0
3334.17,2,469,2,13,0,0,0,0,0,319.38,0
2448.4,10,249,2,7,3,0,0,0,0,931.95,0
6724.52,10,81,1,3,2,0,0,0,0,665.24,0
75.96,15,198,2,10,5,0,0,0,0,568.93,0
5411.36,2,91,1,2,2,0,0,0,0,4260.61,0
47012.71,8,1,2,11,2,0,0,0,0,683.13,0
556.99,2,103,1,2,5,0,0,1,0,742.71,0
18820.89,18,85,2,13,1,0,0,0,1,803.17,0
738.97,10,1,1,7,0,0,0,0,1,676.88,0
139.96,13,559,3,23,1,0,0,0,0,167.72,0
693.36,1,29,2,8,5,0,0,0,0,840.51,0
5283.3,6,217,3,16,2,0,0,1,0,1572.96,0
311.92,9,197,3,21,2,0,0,0,0,54.0,0
445.63,9,73,7,33,0,0,0,0,0,642.19,0
2671.27,19,1243,2,7,2,0,0,1,0,2320.26,0
1101.68,0,337,0,0,2,0,0,0,0,1160.61,0
2635.78,5,612,0,0,0,0,0,0,1,795.63,0
1566.73,20,250,2,4,0,0,0,0,1,718.67,0
2251.69,13,468,0,0,1,1,0,0,0,3100.57,0
573.38,1,1277,0,0,2,1,0,0,0,3496.77,0
1552.46,5,156,1,5,3,0,0,0,0,192.72,0
272.85,0,256,0,0,1,0,0,0,0,374.5,0
7575.32,2,263,1,4,5,1,0,0,0,378.27,1
423.51,3,1762,1,3,0,0,0,0,0,491.41,0
5962.66,12,96,2,11,2,0,1,0,0,1229.54,1
772.47,2,410,1,4,1,0,0,0,0,793.86,0
1484.75,14,54,4,30,0,0,0,0,0,445.38,0
521.94,12,955,1,7,3,0,0,0,0,4484.03,0
238.89,21,325,2,6,3,0,0,0,1,772.36,0
80.07,10,716,2,8,0,0,0,0,0,1010.54,0
225.21,3,823,2,11,3,0,1,1,0,175.91,0
674.61,16,297,1,2,0,0,0,0,0,1988.2,0
1506.91,4,418,1,3,3,0,0,0,1,541.18,0
4991.89,20,437,1,3,0,0,0,0,0,71.15,0
561.92,23,225,0,0,5,1,0,0,0,734.68,0
292.09,7,208,2,14,1,0,0,0,0,132.19,0
125.96,20,75,0,0,3,0,0,0,1,759.1,0
2253.17,23,176,1,2,1,0,0,0,0,1270.98,0
8732.37,9,1709,5,29,0,1,0,0,0,60.07,0
7328.27,6,114,2,8,1,0,0,0,0,285.01,0
3180.84,16,524,2,6,2,0,0,0,1,1164.11,0
2857.82,6,22,1,6,0,0,0,0,0,525.77,0
13994.72,23,229,1,3,0,0,0,0,0,774.01,0
1804.65,18,21,0,0,1,0,0,1,0,13347.63,0
2890.53,8,235,4,17,0,0,0,0,0,263.3,0
677.78,23,10,0,0,0,0,0,0,0,70.38,0
142.16,1,346,1,6,1,0,0,0,0,434.75,0
393.16,21,322,4,22,0,0,0,0,0,116.74,0
1081.67,19,583,0,0,0,0,0,0,0,610.11,0
1201.32,18,319,0,0,1,0,0,0,2,372.98,0
19720.79,5,950,1,5,3,0,0,0,1,243.8,1
1238.82,9,557,1,6,5,0,0,0,0,3262.09,0
6427.01,12,51,1,6,0,0,0,0,0,276.61,0
571.0,1,112,3,11,0,0,0,0,0,99.49,0
687.1,9,9,2,7,5,0,0,0,0,1058.14,0
149.38,9,178,3,19,0,1,0,0,1,578.79,0
360.15,4,260,0,0,0,0,0,0,1,318.16,0
2417.46,21,1064,1,4,0,0,0,0,1,973.98,0
1109.14,3,269,1,2,1,0,0,0,1,1109.88,0
4511.6,22,554,3,13,0,0,0,0,1,134.5,0
1439.26,1,113,1,6,0,0,1,0,2,6248.69,0
646.34,6,60,4,18,1,0,0,1,0,2253.61,0
27513.86,17,607,1,7,0,0,0,0,1,1412.55,0
952.55,16,103,0,0,0,0,0,0,1,1354.08,0
6276.08,10,748,1,3,0,0,0,1,1,1803.36,0
600.75,20,67,0,0,0,0,1,0,0,537.39,0
3179.25,17,696,1,6,0,1,0,1,1,626.53,0
4411.74,7,540,4,14,0,0,0,0,0,208.43,0
1499.28,11,344,2,15,5,1,0,0,1,633.76,0
32.08,23,692,2,7,0,0,0,0,0,106.48,0
1127.07,0,146,2,8,0,0,0,0,1,73.66,0
6944.39,19,66,2,15,0,0,0,0,0,1363.98,0
2419.27,20,62,2,9,0,0,1,0,0,676.48,0
2140.42,11,115,0,0,5,0,0,0,0,443.89,0
82.82,5,215,2,10,1,0,0,0,0,745.13,0
372.16,2,761,2,6,0,1,0,0,0,1629.35,0
2032.53,4,34,1,7,1,0,0,0,3,2013.96,0
2029.56,13,900,1,2,0,0,0,0,1,382.2,0
6781.82,11,947,0,0,1,1,0,0,0,2366.66,0
882.45,12,474,1,4,0,0,0,0,2,864.32,0
2015.73,12,841,1,3,1,0,0,0,1,1211.16,0
1123.9,16,536,1,3,0,0,0,0,1,1101.54,0
249.53,23,274,3,17,0,0,0,0,2,278.42,0
37.2,14,335,2,12,5,0,1,0,0,101.21,0
2093.34,5,361,2,14,0,0,0,0,1,162.25,0
1423.57,11,49,1,3,1,0,0,0,0,828.71,0
433.87,1,78,0,0,0,0,0,0,1,386.72,0
96.66,3,270,1,7,0,0,0,0,1,1516.41,0
2820.33,19,44,1,4,0,0,0,0,2,98.26,0
735.92,20,1223,3,14,0,0,0,0,0,504.55,0
2528.32,11,258,3,11,0,0,0,0,2,1526.75,0
17963.06,2,174,3,21,0,0,0,0,0,833.72,0
44.16,16,62,1,4,0,0,0,0,0,162.25,0
383.98,5,196,3,17,0,0,0,0,0,656.37,0
801.06,23,131,1,3,3,0,0,0,0,747.82,0
9722.9,16,33,1,5,0,1,0,0,0,455.11,1
94.2,16,1245,3,22,3,1,0,0,0,651.07,0
20006.08,10,112,1,6,0,0,0,1,2,740.65,0
1344.51,22,428,4,9,5,0,0,1,1,645.37,0
949.56,6,34,0,0,3,1,0,0,0,307.76,0
814.77,1,891,2,10,3,0,0,0,0,611.34,0
569.98,18,326,1,4,5,0,0,0,0,1033.01,0
5282.61,1,390,1,7,0,0,0,0,0,924.71,0
220.79,21,555,3,20,1,0,0,0,1,233.22,0
1841.11,12,339,1,5,0,1,0,0,0,1883.21,0
616.3,23,26,0,0,5,0,1,0,0,1863.26,0
349.6,23,204,1,3,0,0,1,0,0,151.51,0
53048.55,15,110,0,0,0,0,0,0,0,1782.14,0
2056.12,16,243,2,12,5,0,0,0,1,1559.3,0
2751.49,10,189,2,9,3,1,0,0,0,923.75,0
6043.06,8,639,0,0,5,0,0,0,0,1596.51,0
130.06,23,103,1,6,2,1,1,1,0,191.02,0
15190.69,8,82,3,7,3,0,0,1,0,6623.09,0
25.45,13,1157,4,15,0,0,0,1,0,493.36,0
346.14,12,1089,1,5,0,0,0,0,0,1584.72,0
550.84,10,1836,1,5,2,0,0,0,0,1503.39,0
2624.34,11,306,3,6,2,0,0,0,0,404.58,0
1522.45,21,43,1,2,0,0,0,0,0,1553.29,0
853.87,2,774,3,8,5,1,0,1,0,527.7,0
1077.07,0,57,1,6,0,0,0,0,0,1080.21,0
252.89,7,61,2,10,1,0,0,0,1,807.28,0
116.07,18,78,1,5,0,0,0,0,0,529.56,0
3260.93,12,386,2,11,1,1,0,0,0,513.62,0
3104.35,6,41,1,2,1,0,0,0,1,2062.74,0
11810.47,12,549,0,0,5,0,0,0,0,830.05,0
335.28,5,21,2,12,1,0,0,0,1,581.68,0
3100.2,2,42,1,5,0,0,0,0,1,4295.24,0
716.54,5,208,2,9,1,1,0,1,0,334.16,0
6540.13,2,173,1,2,3,0,0,0,0,3474.19,0
5079.38,12,1670,2,9,1,0,0,0,0,658.49,0
1505.4,12,1243,2,6,1,1,0,0,0,1236.28,0
658.99,12,76,5,30,0,0,0,0,2,474.93,0
4635.03,0,1069,0,0,0,1,0,1,0,263.75,0
2893.89,7,430,2,10,0,0,0,0,0,161.31,0
392.82,4,191,2,8,0,0,0,0,0,3751.72,0
149.65,19,491,1,3,2,0,0,0,0,4599.81,0
711.38,16,840,2,5,0,0,0,0,0,264.22,0
10647.93,8,72,0,0,2,0,0,0,0,623.39,0
6122.53,12,79,2,12,0,0,0,0,2,726.64,0
206.75,12,191,3,17,0,0,1,0,0,855.09,0
190.25,4,67,2,8,0,1,0,0,0,393.32,0
7420.68,13,163,1,7,0,0,0,0,0,1101.23,0
199.65,10,378,2,15,0,0,0,0,0,478.0,0
2354.17,13,611,2,14,0,0,0,0,0,788.28,0
435.24,6,131,3,13,3,0,0,0,1,1966.91,1
12401.43,23,120,1,6,5,0,1,0,0,363.34,1
345.28,16,552,3,22,0,0,0,0,1,653.51,0
6093.89,3,175,0,0,0,1,0,0,2,3653.46,0
1447.06,9,622,1,3,0,1,0,0,1,168.03,0
1600.85,9,1831,2,4,0,0,0,0,0,2296.03,0
57.08,14,1421,3,23,0,0,0,0,0,467.81,0
40.27,19,396,1,7,3,0,0,0,0,690.42,0
787.73,11,171,1,6,0,0,0,0,0,625.58,0
1588.2,8,24,0,0,3,0,0,0,0,1339.02,0
202.8,2,488,2,14,1,0,0,0,2,216.17,0
214.21,14,1392,1,7,5,0,0,0,2,1201.77,0
2545.82,11,25,0,0,2,0,0,0,0,1128.94,0
2551.1,14,2,3,11,0,0,0,0,1,2626.83,0
891.93,0,650,2,8,2,0,1,0,1,1341.99,0
3534.41,14,39,2,4,0,1,0,0,0,132.01,0
188.42,10,31,3,16,3,1,0,0,1,1560.87,0
642.97,4,880,1,4,0,0,0,1,0,5832.41,0
12988.46,6,30,1,7,3,0,0,0,0,454.27,1
1214.98,11,44,1,3,2,0,0,0,0,834.91,0
1325.4,19,307,0,0,1,0,1,0,1,1184.01,0
34853.88,5,516,2,12,0,0,0,0,0,118.52,0
134.42,21,186,1,2,1,0,0,0,0,160.37,0
3621.51,2,199,2,10,0,1,0,0,0,1700.01,0
13306.12,9,365,3,9,0,0,0,0,1,150.58,0
673.65,20,256,3,16,3,0,0,1,1,1133.36,0
3981.63,21,6,0,0,3,0,0,0,1,828.51,1
251.38,3,44,6,30,0,0,0,0,0,5166.86,0
391.47,12,318,0,0,1,0,0,0,1,763.64,0
1953.64,18,576,0,0,0,0,0,0,1,270.34,0
3633.13,4,525,3,16,1,1,1,0,0,1075.79,0
5892.32,22,491,2,4,0,0,0,0,1,243.68,0
11550.02,21,538,2,15,1,1,0,0,0,1285.62,0
991.11,17,16,2,13,0,1,1,0,2,1550.76,0
6570.98,0,822,1,7,0,0,0,0,2,464.16,0
656.25,20,803,2,4,0,0,0,0,1,1080.7,0
4243.47,20,277,0,0,0,0,0,0,1,1564.24,0
1497.02,15,104,3,12,0,0,0,0,1,432.84,0
2139.91,15,327,1,5,1,0,0,0,1,406.23,0
2069.91,15,297,5,17,0,0,0,0,0,204.18,0
98.78,21,92,2,10,1,0,0,0,0,1713.86,0
203.12,18,337,0,0,0,1,1,0,3,276.56,0
1278.97,15,582,1,2,1,0,1,0,0,373.78,0
87.28,0,598,0,0,0,0,0,0,0,254.12,0
3815.46,19,22,1,7,3,0,0,0,0,513.67,1
4053.49,19,80,3,17,0,1,0,0,1,812.85,0
1791.41,9,402,2,15,0,0,0,0,2,531.45,0
204.04,1,717,2,6,0,0,0,0,1,52.59,0
8692.44,13,268,3,6,1,0,0,0,1,493.95,0
23290.85,7,448,1,3,1,1,1,0,0,920.67,0
1367.33,5,7,1,5,1,0,0,1,0,655.36,0
2358.55,2,342,2,11,0,0,0,0,0,236.52,0
1484.17,15,1192,1,3,0,0,0,1,1,928.17,0
2429.77,16,394,1,4,0,0,0,0,0,1130.47,0
916.59,11,932,1,4,3,0,0,0,0,363.84,0
1041.23,18,304,0,0,2,0,1,0,2,1862.98,0
4266.62,23,676,1,3,3,0,0,0,3,142.47,0
36991.23,19,48,4,12,1,0,0,0,1,301.52,0
134.28,2,48,1,5,0,0,0,0,2,559.0,0
938.5,12,46,2,5,5,0,0,0,0,819.23,0
186.66,15,244,0,0,0,0,0,0,1,528.02,0
11944.63,10,146,2,12,0,0,0,1,0,230.72,0
454.13,19,463,2,15,1,0,1,0,0,617.56,0
125.86,15,850,0,0,2,0,0,0,1,3159.15,0
2856.29,19,352,3,21,0,0,0,0,0,1093.8,0
15009.92,1,87,1,4,3,0,0,0,1,685.43,1
2967.27,3,975,1,7,0,0,0,0,0,83.53,0
1490.99,3,273,1,6,1,0,0,0,0,497.12,1
2025.78,16,464,2,9,0,0,0,0,1,1620.66,0
9156.88,0,807,3,16,1,0,0,1,0,585.94,0
295.51,0,1674,0,0,5,0,0,0,0,835.74,0
927.26,4,257,1,3,0,0,0,0,0,3212.86,0
556.11,21,602,1,4,2,0,0,0,2,603.19,0
190.22,11,305,0,0,0,0,0,0,0,223.94,0
670.11,5,243,1,3,1,0,0,0,0,182.7,0
5776.66,5,281,0,0,5,0,0,0,1,586.8,1
2565.49,16,241,0,0,2,0,1,1,0,5650.6,0
2882.65,21,199,0,0,3,0,0,1,0,518.41,0
1366.1,12,469,3,19,0,0,0,0,2,91.23,0
2404.23,7,104,1,4,0,0,0,0,1,283.56,0
330.01,23,349,2,10,3,0,0,0,1,176.37,0
689.34,11,455,2,14,1,0,0,0,0,789.87,0
1462.65,14,812,2,6,1,0,0,0,0,2455.56,0
1662.83,18,147,2,9,0,0,0,0,0,113.24,0
1772.74,20,719,1,3,0,0,0,0,0,360.1,0
891.14,19,1060,4,18,2,0,0,0,0,1235.38,0
622.58,16,381,2,4,5,0,0,0,0,1038.99,0
125073.51,8,538,5,36,3,0,0,0,1,1605.91,0
4273.47,20,189,2,15,0,0,0,0,0,896.69,0
2037.99,17,1109,1,5,0,0,0,0,1,4175.55,0
772.93,1,405,1,5,3,1,0,1,0,531.27,0
557.34,10,135,2,15,0,0,0,0,0,1358.18,0
901.26,22,189,4,17,1,0,1,1,0,286.2,0
1701.46,19,351,4,22,0,0,0,0,0,1182.97,0
65.32,16,97,2,14,0,0,0,0,0,1131.87,0
104.16,20,511,0,0,0,0,0,0,1,731.85,0
421.86,17,92,1,3,0,0,0,1,0,795.82,0
1496.24,14,327,3,20,0,0,0,0,2,2006.9,0
765.93,6,435,2,7,0,0,0,0,0,186.36,0
10068.65,15,716,0,0,3,0,0,0,1,3728.8,0
118.68,0,483,0,0,1,0,0,1,1,872.86,0
355.31,17,585,0,0,2,0,0,1,0,945.27,0
10722.91,21,890,1,2,0,1,0,0,2,125.63,0
1334.99,7,332,3,23,3,1,0,0,0,1743.64,0
4135.09,6,683,3,20,0,1,1,0,0,257.71,0
23786.43,1,96,0,0,5,0,0,0,0,395.46,0
387.34,11,615,0,0,2,0,0,0,0,1081.28,0
944.85,15,91,1,3,1,1,0,0,1,704.37,0
728.77,8,995,1,3,5,0,0,0,0,1160.71,0
58.45,19,146,0,0,0,1,0,0,0,475.88,0
688.42,10,68,4,25,0,0,0,0,0,1119.43,0
4111.71,14,58,3,6,0,0,0,0,1,3715.19,0
2467.31,2,75,1,2,0,0,0,0,1,1092.86,0
2775.61,22,216,1,7,5,0,0,0,2,240.04,0
624.37,20,269,1,4,0,1,0,0,0,115.92,0
409.88,12,894,2,9,3,0,0,0,0,314.83,0
7360.5,20,175,1,7,5,0,0,0,1,665.13,1
520.1,12,89,0,0,0,0,0,0,0,108.39,0
1704.66,1,497,2,12,0,0,0,0,0,2479.39,0
1401.08,5,52,1,5,3,0,0,0,1,269.23,0
9823.92,5,813,2,12,0,0,1,0,0,1450.49,0
4708.47,11,192,2,12,0,0,0,0,1,1102.69,0
157.14,3,347,0,0,0,0,0,0,2,106.74,0
184.69,4,75,2,14,0,0,0,0,1,444.16,0
2613.29,22,57,1,5,0,0,0,0,1,400.31,0
995.75,7,585,2,8,1,0,0,0,0,3499.94,0
554.04,5,204,3,9,1,0,0,0,0,369.76,0
5031.34,20,1577,0,0,0,0,0,0,0,3857.38,0
1452.71,2,271,3,21,0,0,0,0,1,2621.71,0
1186.41,22,682,2,8,1,0,0,0,0,551.89,0
3532.44,7,1427,4,31,1,0,0,0,0,1096.54,0
624.74,18,120,1,5,5,1,0,0,1,419.46,0
11530.82,20,589,3,20,0,0,0,0,1,127.9,0
336.27,10,8,3,14,3,0,0,0,1,1649.89,0
2937.73,17,415,2,11,5,0,0,0,0,587.41,0
9421.5,9,499,1,7,0,0,0,0,0,520.73,0
138.94,19,236,3,15,0,0,0,0,0,1946.82,0
655.24,11,64,0,0,0,0,0,0,0,627.87,0
6083.35,19,350,1,5,0,0,0,0,0,3022.23,0
6222.13,7,831,0,0,1,0,0,0,1,591.9,0
847.89,18,977,2,4,5,0,1,0,0,750.63,0
364.31,20,500,3,23,0,1,0,0,0,2004.73,0
4600.42,15,111,1,5,0,0,0,0,0,333.41,0
6472.54,20,745,2,13,3,0,0,0,2,1237.32,0
191.14,17,801,1,2,0,0,1,0,0,759.31,0
180.21,8,167,1,3,0,0,0,0,0,660.8,0
1537.46,3,73,0,0,3,0,0,0,1,2078.43,0
2818.73,8,758,2,7,0,0,0,0,1,1535.66,0
700.22,1,789,3,13,1,0,0,1,1,686.05,0
3037.96,8,38,2,7,0,0,0,0,0,551.25,0
377.96,8,1244,0,0,0,0,0,0,0,1802.63,0
45.97,17,277,2,5,0,0,0,0,0,1208.2,0
580.65,10,1851,1,5,5,0,0,1,0,391.84,0
1205.74,12,214,3,11,0,0,0,0,1,779.42,0
725.05,5,278,1,6,0,0,0,0,1,2021.0,0
192.89,8,112,1,4,0,1,0,0,0,771.96,0
71.99,15,836,0,0,1,0,0,1,1,362.65,0
507.18,3,214,2,11,0,1,0,0,0,475.01,0
4215.33,1,615,3,22,1,0,1,0,0,1827.38,0
7217.73,6,30,2,13,0,0,0,0,0,569.18,1
6513.1,14,566,3,22,1,1,0,0,0,224.87,0
322.51,5,245,2,10,0,0,0,0,0,2202.62,0
194.31,10,1,1,7,1,0,0,0,2,953.18,0
2309.88,19,93,1,2,5,0,0,1,0,858.37,0
2843.1,16,78,1,2,1,1,0,0,1,1541.28,0
1998.7,3,508,3,15,0,0,0,0,2,138.47,0
53.46,18,236,0,0,1,0,0,0,1,2642.02,0
298.77,6,63,3,9,3,0,0,0,0,460.84,1
1048.87,10,108,1,7,1,0,0,0,0,196.59,0
2277.49,12,255,6,18,0,0,0,1,0,5601.5,0
3466.71,20,7,0,0,0,0,0,0,0,724.69,0
1361.55,2,201,0,0,2,0,0,0,2,2239.48,0
1801.14,13,413,2,15,0,0,0,0,0,186.46,0
1245.51,1,266,3,17,0,0,0,0,1,1723.65,0
3066.92,17,332,2,10,3,1,0,0,0,60.63,1
1753.38,4,144,2,5,0,0,0,1,2,674.32,0
1210.28,12,73,0,0,1,0,0,0,0,2169.72,0
733.22,12,605,1,7,0,1,0,0,0,678.42,0
1238.85,23,861,0,0,1,0,0,0,1,1139.75,0
2268.53,23,260,1,2,0,0,0,0,0,407.35,0
1637.97,13,132,1,5,0,0,0,0,0,743.52,0
1941.55,11,261,1,3,5,0,0,0,1,140.25,0
8218.01,20,770,2,8,3,1,0,1,1,208.18,1
1632.3,12,429,2,8,2,0,1,0,0,515.71,0
414.26,17,714,0,0,2,0,0,0,0,812.05,0
4127.43,12,145,2,15,2,0,0,0,0,92.19,0
141.27,3,454,1,3,1,0,0,0,0,2147.74,0
216.56,22,386,2,10,1,0,0,0,1,699.14,0
1814.87,21,309,4,13,2,0,0,0,0,464.32,0
2379.38,9,274,1,6,1,0,0,0,0,2431.01,0
169.43,22,292,3,10,0,0,0,0,0,670.81,0
617.56,4,691,0,0,1,0,0,0,0,1032.96,0
441.81,17,904,3,21,2,0,0,0,0,552.19,0
528.47,7,43,0,0,0,0,0,0,2,168.67,0
4516.07,13,307,3,20,1,0,0,0,0,327.62,0
3164.52,1,914,1,2,0,0,0,0,1,972.59,0
1065.62,7,52,1,2,0,0,0,0,0,826.7,0
483.5,15,194,2,8,0,0,0,1,0,220.43,0
144.82,6,34,2,8,1,0,0,0,0,737.27,0
9230.58,2,43,0,0,0,0,0,0,2,477.73,0
2665.56,3,855,4,8,1,0,0,0,2,14734.2,0
379.93,6,215,0,0,1,0,0,0,0,986.82,0
3227.29,3,426,0,0,0,1,0,0,0,486.11,0
986.99,8,54,4,30,1,1,0,0,0,1649.08,0
712.9,22,8,3,11,3,1,0,1,0,655.27,0
2106.57,16,807,0,0,1,0,0,0,0,450.84,0
360.59,16,311,3,16,1,0,1,0,0,152.59,0
654.82,19,7,2,12,0,0,0,0,0,379.09,0
1315.79,13,1778,2,14,1,1,0,0,2,620.04,0
518.44,13,247,0,0,2,0,0,0,0,549.72,0
2991.79,12,235,1,4,2,0,0,0,1,4188.3,0
18098.78,3,354,1,3,0,0,0,0,0,1457.77,0
353.74,12,2,0,0,0,0,0,0,1,2333.26,0
90.23,20,307,0,0,0,0,0,0,2,1036.0,0
54.46,16,362,0,0,0,0,1,0,0,753.2,0
875.06,14,128,2,5,0,0,0,0,0,921.82,0
405.55,17,473,3,6,0,0,0,0,1,493.0,0
1497.86,10,172,1,4,0,0,0,0,0,599.03,0
1337.95,3,461,2,7,1,0,0,0,0,3451.41,0
99.01,19,56,1,2,0,1,0,0,0,335.16,0
72.07,10,894,3,6,5,0,0,0,1,309.66,0
1709.4,9,772,1,7,2,0,0,0,0,624.83,0
1343.65,21,59,2,15,1,0,0,0,0,247.29,0
578.98,12,1017,0,0,2,1,0,0,0,1030.37,0
91.31,21,297,1,7,0,1,0,0,0,862.7,0
2224.05,7,441,2,13,2,0,0,0,1,2425.27,0
7389.75,12,669,3,16,3,0,1,1,0,1360.51,1
1663.99,8,31,3,19,2,0,0,0,1,660.8,0
307.6,0,67,4,30,1,0,0,0,0,716.34,0
1172.42,0,125,5,26,2,0,0,0,1,1292.08,0
141.29,14,236,1,5,0,0,0,0,0,395.04,0
5361.19,21,155,0,0,1,0,0,0,1,150.55,0
1239.88,3,257,2,10,1,0,0,0,0,388.93,0
77.31,19,75,0,0,3,0,0,0,0,156.98,0
698.54,0,418,1,6,0,0,0,0,1,396.29,0
2197.23,11,20,1,5,1,0,0,0,0,105.69,0
665.43,10,163,2,4,2,0,0,1,0,259.75,0
724.99,18,72,0,0,0,0,0,0,1,1200.18,0
174.76,14,477,2,9,0,0,0,0,0,401.66,0
2565.25,20,785,4,21,0,0,1,0,0,2444.75,0
414.59,9,29,4,17,5,0,0,0,2,622.33,0
43.18,0,561,2,8,1,0,0,0,1,1216.46,0
628.36,23,825,1,5,2,0,0,0,0,6999.01,0
4777.75,2,1331,3,14,1,0,0,0,0,172.98,0
613.76,13,316,3,12,3,0,0,0,0,158.28,0
14868.16,14,144,3,20,0,0,0,1,0,331.64,0
2086.94,0,141,4,9,3,0,0,0,0,182.87,1
1822.81,9,173,0,0,3,0,0,0,0,997.71,0
904.52,21,346,1,2,3,1,0,0,1,245.43,0
989.87,0,245,0,0,1,0,0,0,0,786.09,0
738.68,14,386,2,8,3,1,0,0,1,592.75,1
696.87,2,14,4,18,1,0,1,0,0,3214.26,1
2431.59,20,40,1,5,2,1,0,0,1,433.74,0
269.42,19,1369,1,3,2,0,0,0,0,298.02,0
218.36,22,1963,5,15,2,0,0,0,2,1379.13,0
203.41,21,501,1,3,0,0,0,0,0,2324.62,0
23587.73,11,108,4,31,1,0,0,0,0,3134.08,0
2429.68,18,1119,0,0,1,1,0,0,0,1211.32,0
1731.49,15,87,1,7,0,1,0,0,0,1699.92,0
224.47,7,479,1,2,0,1,0,0,0,983.2,0
2793.4,23,44,3,7,1,0,0,0,2,772.88,0
920.71,13,382,3,6,0,0,1,0,0,2774.58,0
1512.1,17,520,2,13,2,0,0,0,1,3988.4,0
253.43,22,716,1,7,1,0,0,0,0,477.02,0
1394.66,0,483,0,0,3,0,0,0,0,488.57,0
580.71,1,938,0,0,0,0,0,0,1,1471.17,0
347.78,23,268,2,8,5,0,0,0,0,1063.02,0
3298.29,11,412,1,6,5,0,1,0,0,3826.98,0
109.23,16,168,0,0,0,1,0,0,0,1032.93,0
2558.47,1,3,1,6,1,0,0,0,0,1182.33,0
3061.71,16,515,3,15,0,1,0,0,0,136.28,0
293.11,20,744,1,3,5,0,0,0,3,440.56,0
320.38,6,69,2,9,0,0,0,1,2,1613.94,0
784.83,5,10,0,0,0,0,0,1,0,399.35,0
1674.14,5,65,5,30,0,0,0,0,1,1248.13,0
871.94,21,823,3,8,1,0,0,0,2,279.47,0
2101.37,7,127,2,7,0,0,0,0,0,572.08,0
15436.18,4,97,0,0,2,0,0,0,0,3980.67,0
512.05,14,5,2,13,0,0,0,0,0,379.68,0
83.7,6,128,1,4,1,0,0,0,0,544.49,0
3785.32,2,458,3,19,0,0,0,0,0,2426.96,0
13697.54,9,1166,3,7,3,0,0,0,0,245.92,0
1976.64,2,136,2,6,3,0,0,1,0,2039.64,0
214.51,13,100,0,0,0,0,0,0,0,2006.14,0
910.65,21,799,2,11,0,0,0,1,1,2654.8,0
204.84,2,698,2,4,1,0,0,0,0,1352.76,0
2876.37,0,145,2,14,5,0,0,0,0,183.87,1
144.47,0,26,1,7,0,0,0,0,0,6042.38,0
699.11,18,1761,1,5,0,0,0,0,1,2376.03,0
243.1,3,416,0,0,0,0,0,1,0,3121.48,0
1326.42,1,953,4,11,0,0,0,0,0,52.08,0
633.01,10,152,0,0,2,0,0,0,1,346.4,0
1429.59,23,380,0,0,0,0,0,0,1,2516.93,0
1134.02,11,409,0,0,1,0,0,0,1,421.3,0
249.64,12,752,2,10,0,0,0,0,1,884.31,0
2808.25,15,1814,2,5,1,0,0,0,0,563.52,0
1019.28,15,41,3,7,0,0,0,0,0,9569.73,0
248.94,18,364,0,0,1,0,1,0,0,422.08,0
31615.09,22,149,1,2,0,0,0,0,1,3805.33,0
2240.93,19,609,2,15,5,0,0,0,1,1666.95,0
871.41,20,512,0,0,0,1,0,0,1,1127.27,0
9161.88,19,814,2,9,0,0,0,0,0,314.91,0
17373.88,8,153,4,22,2,0,0,0,0,144.03,0
881.81,15,74,2,12,3,0,0,0,0,254.94,0
1846.59,6,8,1,5,2,0,0,0,0,331.31,1
249.14,12,107,0,0,0,1,0,1,0,857.64,0
879.37,3,167,1,4,0,0,0,0,0,693.13,0
813.55,12,1065,5,19,0,0,0,0,1,356.62,0
1446.99,7,246,2,5,0,0,0,0,0,1074.59,0
1806.49,1,296,2,8,1,0,0,0,0,749.3,0
2539.55,6,774,1,5,5,0,0,0,2,223.85,0
1566.29,10,789,1,2,5,0,0,0,0,2697.93,0
178.37,16,273,0,0,0,0,0,0,1,207.23,0
268.35,23,44,0,0,0,0,0,0,1,151.37,0
483.18,13,115,1,2,0,0,0,0,0,2146.42,0
718.12,12,222,2,15,2,0,0,0,1,12054.39,0
5303.71,14,507,0,0,5,0,1,0,0,2625.44,0
191.63,21,453,3,10,1,0,0,0,0,1918.12,0
641.54,20,375,0,0,0,0,0,0,0,1196.9,0
4580.27,8,774,0,0,1,0,0,0,0,964.8,0
699.37,2,592,2,8,0,0,0,1,1,1696.32,0
2187.74,12,1468,0,0,1,0,0,0,0,1612.97,0
889.52,12,802,2,14,2,0,0,0,1,521.44,0
1611.91,8,79,0,0,0,0,0,0,0,310.28,0
778.44,17,21,4,29,0,0,0,0,0,931.66,0
2982.74,4,195,0,0,2,0,0,0,1,464.87,1
108.03,10,350,3,22,2,0,0,0,1,796.18,0
635.89,1,376,1,6,5,0,0,0,0,288.67,0
1711.04,16,113,4,28,1,0,0,0,0,981.19,0
2441.93,22,717,2,4,0,0,1,0,1,181.34,0
10295.16,19,145,0,0,0,0,0,1,0,553.48,1
610.0,20,917,1,4,5,0,0,0,0,2491.98,0
10089.22,3,232,4,22,1,0,0,0,2,2535.94,0
408.08,21,3,2,5,0,0,1,0,3,488.29,0
8046.32,17,64,1,3,3,0,0,0,0,307.94,1
3737.61,23,39,2,8,3,0,0,0,0,1093.37,1
278.61,19,16,0,0,0,0,0,0,1,368.69,0
1738.12,7,456,2,10,1,0,0,0,1,4745.61,0
1015.51,18,77,2,4,0,0,0,0,1,710.43,0
2802.81,11,665,3,12,0,0,0,0,0,225.41,0
784.54,10,112,2,15,5,0,0,0,0,1085.09,0
691.69,15,11,1,3,3,0,0,0,0,1492.4,0
8549.62,4,627,1,3,0,1,0,0,2,197.48,0
945.69,2,229,1,3,0,0,0,0,0,662.52,0
3788.15,11,333,1,3,1,0,1,0,0,368.74,0
782.09,14,149,2,5,0,0,0,0,2,229.86,0
13359.66,15,17,1,3,1,0,0,0,1,942.76,0
396.43,12,168,0,0,0,0,1,1,0,6934.35,0
436.5,6,266,4,24,0,0,0,0,0,699.84,0
10794.32,14,4,1,5,1,0,0,0,2,1741.8,0
562.61,2,311,0,0,2,0,0,0,0,1056.77,0
12107.88,11,815,0,0,1,1,1,0,2,1066.18,0
4178.72,7,89,2,8,1,0,0,0,0,640.12,1
869.59,11,954,1,6,0,0,0,0,2,755.15,0
72.24,17,37,2,8,0,0,0,0,0,1087.35,0
1065.31,2,637,1,7,0,0,0,0,1,43.3,0
1277.23,11,669,1,5,0,0,0,0,1,511.32,0
6315.91,22,108,3,13,2,0,0,0,0,862.36,0
11880.7,20,1155,1,5,1,0,0,0,0,44.76,0
392.49,22,196,2,6,1,0,0,0,0,137.57,0
3647.41,1,55,4,24,3,0,1,0,1,1910.14,0
3456.82,13,326,2,15,2,0,0,0,0,86.99,0
5486.9,13,2076,4,20,0,0,0,0,0,629.6,0
2317.01,3,837,2,15,1,1,0,0,3,352.07,0
59.52,16,119,0,0,0,0,0,0,0,90.93,0
868.59,14,314,1,5,0,0,0,0,0,2606.52,0
193.72,15,44,2,12,0,0,0,0,0,244.64,0
809.24,4,226,0,0,1,0,0,0,0,4459.79,0
4769.55,23,270,1,4,0,0,0,0,0,486.96,0
1733.2,16,138,2,15,2,0,0,0,0,379.7,0
6137.28,22,241,3,17,5,0,0,0,0,959.39,0
1831.02,6,921,1,6,2,0,0,0,0,48.83,0
156.41,22,253,1,6,1,0,0,0,0,401.14,0
25.0,14,648,0,0,3,0,0,0,0,386.44,0
1370.89,16,139,1,2,0,0,0,0,1,306.93,0
795.61,11,1297,1,5,1,0,0,0,0,158.66,0
253.3,10,35,1,4,0,0,0,0,1,519.83,0
85.55,18,321,2,9,1,1,0,0,1,510.16,0
364.27,10,569,0,0,0,0,0,0,1,335.16,0
819.15,1,614,0,0,0,0,0,0,0,445.97,0
2977.43,14,80,1,6,5,0,0,0,4,410.47,0
1455.27,4,187,1,3,0,0,0,0,1,412.95,0
12235.55,17,357,1,3,1,1,0,0,0,1617.03,0
231.97,20,138,0,0,5,0,0,0,0,599.97,0
4111.69,20,391,1,5,1,0,0,0,0,296.3,0
1177.26,15,173,2,15,1,0,0,0,1,1243.14,0
3108.84,3,157,3,20,0,0,0,0,0,222.02,0
569.77,22,41,0,0,0,0,1,0,0,923.26,0
5472.66,9,14,2,15,2,1,0,0,0,282.47,1
1707.59,21,658,3,22,0,0,0,0,1,1216.08,0
395.77,1,245,1,4,1,0,1,0,1,69.45,0
1077.03,14,302,3,15,0,0,0,0,0,1727.82,0
765.6,3,169,1,3,5,1,0,0,0,465.15,0
2284.19,15,53,3,6,1,0,0,0,1,177.28,0
186.86,6,217,2,9,3,1,0,0,0,187.21,0
1049.4,11,94,2,13,2,1,0,1,0,63.82,0
1984.18,2,663,2,11,0,0,0,0,1,266.71,0
1152.32,16,1579,1,7,1,0,1,1,0,787.52,0
8270.18,8,802,0,0,0,0,1,0,0,168.8,0
3501.81,7,274,0,0,0,0,0,0,0,356.03,0
1084.4,22,361,3,10,3,0,0,0,1,274.98,1
1517.82,5,1079,5,13,1,0,0,0,0,332.17,0
1708.72,14,282,1,6,2,0,0,0,2,1250.36,0
2008.11,9,371,1,7,1,0,0,0,1,1168.07,0
70.92,22,362,3,10,1,0,0,0,3,1068.47,0
697.65,5,449,0,0,2,0,0,0,1,1198.59,0
118.31,14,373,0,0,2,0,0,0,0,1047.54,0
7460.83,13,405,3,12,1,0,0,0,1,552.87,0
1000.97,18,472,2,15,0,0,0,0,1,717.67,0
820.56,12,604,0,0,0,0,1,0,1,171.11,0
4209.91,13,188,1,5,1,0,0,0,1,527.98,0
2066.24,2,499,2,12,3,0,0,0,0,3433.16,0
201.75,3,38,1,6,0,0,1,0,0,1438.1,0
985.99,13,762,3,21,3,1,0,0,0,1835.55,0
663.31,13,125,1,5,3,0,0,0,0,605.62,0
80.09,7,188,0,0,2,0,0,0,0,456.44,0
389.39,9,594,0,0,5,1,0,0,0,417.96,0
832.71,8,369,1,2,1,0,0,0,1,272.83,0
922.95,13,134,1,3,0,0,0,1,1,288.49,0
118.71,7,93,4,26,0,0,0,0,1,2951.23,0
6170.27,10,1154,1,2,0,0,0,0,1,319.26,0
940.91,9,33,0,0,3,0,0,0,1,214.05,0
1160.18,17,1,0,0,0,1,0,0,1,1263.7,0
2000.12,3,407,1,4,1,0,0,0,0,486.87,0
336.26,3,347,1,5,1,0,0,0,1,3226.31,0
2174.46,11,488,3,18,1,0,0,0,2,1830.0,0
632.32,17,480,1,5,0,0,0,0,0,867.84,0
285.75,7,726,1,4,0,0,0,0,1,468.02,0
2591.96,2,931,1,3,0,0,0,0,0,158.77,0
10275.43,17,544,2,11,0,0,0,0,0,859.58,0
3252.71,6,96,3,9,0,0,1,0,0,465.67,0
4378.52,0,227,0,0,0,0,0,0,1,95.45,0
502.23,21,374,3,6,0,0,0,0,1,1107.09,0
99.84,12,282,0,0,1,0,0,0,2,438.52,0
10251.78,2,63,0,0,0,1,0,0,1,355.59,0
23903.31,2,324,4,13,3,0,1,1,0,441.49,1
11094.56,14,794,1,3,0,0,0,0,1,671.99,0
662.7,20,197,2,8,2,0,0,0,0,993.61,0
194.04,18,403,1,6,1,0,0,0,0,211.8,0
221.73,3,349,2,9,0,0,0,0,0,188.57,0
87.74,12,172,0,0,1,0,0,0,2,5716.03,0
933.49,12,304,3,23,0,0,0,0,1,672.75,0
12191.78,14,86,1,7,0,0,0,0,0,535.93,0
886.7,18,288,1,4,2,0,0,0,0,538.69,0
1725.87,15,585,0,0,0,0,0,0,2,1478.98,0
8633.42,6,519,2,14,3,1,0,0,0,1071.86,0
598.16,2,161,3,13,1,0,0,0,0,5952.05,0
23232.26,19,43,3,17,0,0,0,1,0,2123.08,0
21766.81,1,587,1,7,2,1,0,0,2,612.45,1
900.84,17,112,1,5,1,0,0,1,0,1448.86,0
461.14,10,19,1,6,0,1,0,0,1,1908.53,0
3120.84,0,215,2,6,2,0,0,0,1,71.39,0
651.13,15,490,2,6,0,0,0,0,1,404.1,0
193.48,16,603,2,10,2,0,0,0,1,1701.74,0
7494.0,15,1470,2,11,3,0,0,0,0,581.01,0
6799.95,9,76,1,7,0,0,0,0,0,447.78,0
1384.74,16,126,0,0,0,0,0,0,0,1265.72,0
164.96,2,343,1,7,1,0,0,0,1,1961.62,0
173.42,17,608,2,15,0,0,0,0,0,774.63,0
1288.0,18,97,2,11,0,0,0,0,0,441.69,0
518.11,13,192,3,15,0,0,0,0,3,732.91,0
657.44,20,191,0,0,2,0,0,0,2,370.53,0
5079.38,1,541,1,3,2,0,0,0,0,2389.42,0
3293.71,11,100,1,4,0,0,0,0,0,978.34,0
8666.45,10,1265,2,13,0,0,0,0,1,194.81,0
248.16,16,260,0,0,1,0,0,0,0,110.31,0
655.38,5,120,2,14,1,0,0,0,1,418.48,0
3423.68,18,122,1,2,3,0,0,0,1,112.21,0
2147.62,12,6,4,13,0,0,0,0,0,944.48,0
10922.4,6,430,0,0,0,0,0,0,1,690.43,0
2060.71,21,545,0,0,5,0,0,0,1,444.08,0
17538.67,10,12,2,4,2,0,0,0,1,351.77,0
2465.2,6,321,2,6,1,1,0,0,1,915.74,0
5395.13,12,555,1,6,0,0,0,0,1,2443.85,0
675.01,12,172,2,6,0,1,0,0,0,591.04,0
1120.39,20,206,3,22,1,0,0,1,1,812.9,0
4300.2,0,163,1,4,0,0,1,0,0,6281.36,0
12326.01,18,138,3,7,3,0,0,0,3,905.25,1
3274.29,18,246,1,7,5,1,0,0,1,866.85,0
968.01,22,66,3,22,1,0,0,0,0,1840.08,0
8655.95,14,212,3,22,0,1,0,0,0,734.49,1
40.94,13,1038,0,0,0,0,0,0,1,6239.01,0
129.88,2,10,1,7,1,0,0,0,0,1482.43,0
3048.64,20,65,1,6,0,0,0,0,0,157.47,1
1120.09,19,548,1,3,0,0,1,0,0,392.43,0
2719.68,3,51,2,10,2,0,0,0,0,347.67,0
1207.87,6,115,1,4,2,0,0,1,1,2277.59,0
2582.26,0,221,3,14,3,0,1,0,0,243.54,0
323.24,22,1046,4,17,0,0,0,0,1,470.3,0
2580.48,23,73,3,9,0,0,0,0,0,198.71,0
4873.76,18,936,2,8,1,0,0,0,1,484.12,0
6841.94,2,462,0,0,0,0,0,0,0,285.42,0
22478.88,19,405,2,7,1,0,0,0,0,3100.69,0
1581.53,14,469,0,0,0,0,0,0,1,601.18,0
1653.86,12,11,0,0,0,0,0,0,1,3420.5,0
111.64,21,38,1,3,5,0,0,0,0,525.31,0
494.17,13,148,2,9,2,0,0,0,0,1353.29,0
820.88,6,28,2,6,5,0,0,0,0,112.81,1
5300.09,0,1602,2,12,0,0,0,0,0,617.69,0
438.56,12,316,0,0,0,0,0,0,1,103.8,0
3621.02,3,243,0,0,1,0,0,0,0,217.05,0
1093.97,11,561,1,2,0,0,0,1,0,908.18,0
840.71,6,1376,0,0,0,0,0,0,0,2057.55,0
1592.95,1,1132,1,6,0,0,0,1,0,766.92,0
609.88,16,575,2,12,1,0,0,1,0,1110.41,0
576.19,0,172,2,9,0,0,0,0,1,126.92,0
85.01,13,24,0,0,1,0,0,0,0,144.14,0
756.02,21,37,4,9,0,0,0,1,0,265.93,0
533.81,20,0,1,5,0,0,0,0,1,2221.22,0
505.74,0,0,0,0,1,0,0,0,0,280.14,0
2049.41,2,1005,1,4,3,0,0,0,0,91.6,0
2945.25,10,955,4,24,5,0,0,1,0,1892.78,0
1553.54,6,401,1,2,0,0,0,0,0,681.1,0
4881.08,8,473,0,0,1,0,0,0,0,1450.56,0
2600.2,21,262,1,4,0,0,0,0,1,245.27,0
704.45,2,99,6,21,0,0,0,0,0,242.33,0
547.69,0,897,1,6,5,0,0,0,1,559.39,0
1753.26,18,118,0,0,0,0,1,0,0,280.48,0
2593.21,1,491,1,7,0,0,0,0,0,41.72,0
8926.38,20,102,3,17,0,0,0,0,0,273.95,0
6546.98,23,745,1,5,0,1,0,1,0,226.83,0
486.77,4,384,0,0,0,0,0,0,0,78.16,0
941.04,16,375,2,12,0,0,0,0,1,383.22,0
3000.48,18,37,0,0,0,0,0,0,0,172.54,0
5442.52,4,198,3,19,2,0,1,0,1,382.96,0
4484.82,22,271,1,6,3,0,0,0,2,375.9,0
996.43,20,127,1,5,0,0,0,0,0,488.89,0
167.16,13,776,2,14,0,0,0,0,0,178.26,0
245.08,9,663,0,0,2,0,0,0,0,1135.87,0
1650.69,20,248,3,7,0,0,1,0,0,649.03,0
1832.32,6,151,3,12,0,1,0,0,0,354.06,1
211.03,7,590,0,0,0,0,0,0,1,417.19,0
1172.45,7,80,4,9,0,1,0,0,1,1330.76,0
2826.62,6,27,3,19,1,1,0,0,0,2389.21,0
195.03,12,17,4,27,3,0,0,0,1,303.42,0
5753.11,13,14,2,9,2,0,0,0,0,1017.07,0
622.47,18,244,1,3,1,0,0,1,0,282.5,0
7233.08,10,107,2,8,0,0,0,0,1,927.4,0
492.66,1,427,2,8,1,0,0,0,1,311.86,0
235.11,16,387,2,15,1,0,0,0,1,73.41,0
551.58,5,285,2,7,1,0,1,0,0,1407.6,0
950.78,8,158,3,23,0,0,0,0,0,1430.8,0
612.34,18,693,0,0,1,1,0,0,1,1095.12,0
793.14,4,451,1,7,5,0,0,0,0,714.74,0
1809.76,8,115,1,3,0,1,0,0,2,2475.11,0
848.3,6,254,1,3,0,0,0,0,1,4107.0,0
993.1,3,62,1,2,1,0,0,1,0,366.47,0
84.45,17,145,0,0,5,0,0,0,0,1320.05,0
1973.47,17,2137,1,5,0,1,0,0,1,1170.61,0
959.29,19,92,2,11,0,0,0,0,0,2901.5,0
12276.47,16,437,5,21,0,0,0,0,0,525.34,0
267.91,3,99,1,3,5,0,0,0,1,155.92,0
72.79,21,1015,3,23,0,0,0,0,0,395.23,0
2771.39,15,135,1,3,1,1,0,0,0,1218.62,0
1844.18,21,155,1,4,0,0,0,0,0,465.8,0
241.62,22,328,2,9,0,0,0,0,0,150.05,0
110.54,4,323,1,6,0,0,1,0,0,1777.94,0
11004.89,8,315,0,0,5,0,0,0,0,149.63,0
9146.86,1,310,2,7,0,0,1,0,1,403.38,0
26.28,1,136,1,7,3,0,0,0,1,334.77,0
551.51,3,208,2,13,0,0,0,0,0,718.57,0
13310.23,19,328,0,0,2,0,0,0,0,554.34,0
536.95,19,406,3,7,1,0,0,0,1,1181.57,0
525.36,16,106,2,14,1,0,0,0,0,1825.06,0
717.56,19,441,1,6,0,0,0,1,0,654.23,0
204.11,20,937,2,10,0,0,0,0,1,761.43,0
85.02,18,517,0,0,0,0,0,0,0,3059.35,0
5317.83,2,32,1,7,2,0,0,0,1,413.33,0
69.1,4,231,0,0,0,1,0,0,0,830.58,0
1589.07,9,208,2,7,0,0,0,0,1,227.53,0
4145.88,5,149,3,21,0,0,0,0,0,1607.79,0
124.36,2,246,0,0,0,0,0,0,0,606.06,0
274.13,16,211,2,15,1,1,0,0,1,3089.74,0
6766.7,9,2,1,5,1,1,0,0,0,1065.23,0
2438.99,23,98,3,6,0,1,0,0,0,250.22,0
434.45,11,87,0,0,5,0,0,0,0,549.04,0
6656.66,0,156,2,7,0,0,0,0,2,3255.09,0
6699.6,17,69,3,21,2,1,0,1,0,14555.23,0
1641.85,18,25,4,27,0,0,0,0,1,1527.15,0
284.22,21,79,3,20,3,0,0,0,1,51.42,0
589.83,19,702,1,5,1,1,1,0,0,1359.02,0
1685.1,3,582,1,2,1,0,0,0,1,3527.7,0
826.42,14,213,1,2,0,0,0,0,0,1050.79,0
4484.74,8,767,3,8,2,0,0,0,1,11124.9,0
110.54,5,96,1,7,0,1,0,0,1,474.47,0
116.58,11,320,1,2,5,0,0,0,1,949.21,0
1438.43,17,56,1,6,1,1,0,0,2,56.33,0
524.62,22,654,2,14,0,0,0,1,1,609.24,0
428.13,14,51,1,2,1,0,0,0,1,254.94,0
77.32,18,11,2,14,0,0,0,0,0,411.65,0
1129.26,8,116,3,22,0,0,0,0,0,2460.13,0
1013.2,21,843,2,11,3,0,0,0,0,1057.07,0
2922.57,23,50,2,10,1,0,0,0,1,1073.59,0
1216.05,12,146,3,17,1,0,0,0,1,775.71,0
898.83,15,138,1,4,0,0,0,0,2,638.36,0
6409.27,12,590,4,22,5,0,0,0,1,1296.44,0
153.13,0,199,1,7,0,0,0,0,1,621.86,0
2451.81,17,345,2,5,0,0,0,0,0,1321.91,0
89.41,21,189,2,6,0,0,1,0,0,529.88,0
311.83,2,292,5,25,1,0,0,0,0,1139.81,0
177.86,16,23,3,10,1,0,0,0,2,700.42,0
3543.65,21,170,2,15,0,0,0,0,0,794.71,0
994.15,4,705,1,6,3,0,0,0,1,118.9,0
1074.64,5,428,1,4,0,0,0,0,0,91.75,0
208.49,20,1462,0,0,3,0,0,0,0,1273.31,0
699.57,16,566,1,2,3,0,0,0,0,811.61,0
348.91,16,219,1,3,1,0,0,0,1,514.41,0
1949.22,0,411,2,15,0,0,0,0,0,239.9,0
247.98,6,545,2,10,0,0,1,0,0,1131.77,0
8060.18,21,114,1,7,1,0,0,0,1,282.78,0
88.82,15,22,3,23,0,0,0,0,0,358.68,0
327.09,4,190,3,12,3,0,0,0,0,327.06,0
13572.5,15,57,3,16,0,1,0,0,1,174.74,0
570.94,3,118,0,0,2,0,0,0,3,1519.87,0
152.58,10,1071,2,7,3,0,0,0,0,579.01,0
1523.26,13,685,1,4,0,0,0,0,2,663.45,0
537.49,12,327,0,0,3,0,0,0,0,48.83,0
313.0,23,187,2,11,0,0,0,0,1,1013.6,0
211.92,7,112,3,6,0,0,0,0,0,511.47,0
69742.17,20,309,3,14,5,0,0,0,0,760.37,0
751.95,19,278,1,7,0,0,0,0,0,228.09,0
61.05,14,553,5,36,0,0,0,0,1,1764.4,0
10306.86,17,960,0,0,0,0,0,0,0,790.73,0
2742.45,6,145,0,0,0,0,0,1,0,692.83,0
347.34,20,84,0,0,3,0,0,0,0,1384.66,0
270.51,18,188,0,0,3,1,1,0,0,165.4,0
3011.55,8,210,3,7,0,0,0,0,1,3655.87,0
757.2,10,14,3,8,1,0,0,0,0,607.76,0
61.01,9,722,2,4,2,0,0,0,0,167.07,0
16008.26,13,1979,1,3,0,0,0,0,1,93.15,0
571.93,15,936,1,7,3,0,0,0,1,1292.94,0
10335.68,7,719,3,15,3,1,1,0,0,1496.62,1
7462.55,0,1790,1,7,0,0,0,0,0,1861.19,0
244.32,11,870,3,7,1,0,0,0,0,525.41,0
5165.64,2,425,2,4,0,0,0,1,0,149.32,0
412.75,1,66,0,0,0,1,0,0,2,810.77,0
66.68,15,62,0,0,0,0,0,0,0,1722.66,0
580.04,3,18,0,0,0,0,1,0,0,308.65,0
1991.13,1,193,1,4,0,0,0,0,1,287.53,0
547.79,11,603,1,4,0,0,0,0,0,2299.01,0
691.89,23,245,3,21,1,0,0,0,0,636.42,0
6095.76,16,166,2,10,0,0,1,0,0,368.34,0
1286.58,19,42,4,31,0,1,0,1,0,408.06,0
309.53,20,19,2,14,0,0,0,0,0,407.74,0
3143.35,9,185,0,0,0,0,0,0,1,559.52,0
1475.15,19,38,2,11,2,0,0,0,0,635.48,0
24.97,7,39,2,14,1,0,0,0,0,1762.81,0
2085.01,17,183,0,0,0,0,0,0,0,834.53,0
1973.85,17,255,2,5,2,0,0,0,0,1599.7,0
1130.24,17,75,3,12,1,1,0,0,0,302.95,0
4177.85,1,421,0,0,3,0,1,0,1,1325.71,0
399.98,11,198,0,0,0,0,0,0,1,645.5,0
1816.65,9,35,1,5,5,0,0,0,0,342.23,1
104.54,7,369,1,6,0,0,0,0,1,245.09,0
2019.56,18,161,3,10,1,1,1,0,2,1039.31,1
20528.91,9,19,5,22,1,0,0,0,1,949.55,0
246.59,10,1078,0,0,5,0,0,0,0,339.19,0
350.83,13,309,3,12,1,0,0,0,1,643.16,0
378.03,14,237,0,0,0,0,0,0,1,246.83,0
1332.75,23,715,1,4,0,0,1,0,0,1027.06,0
222.62,22,1007,2,14,0,0,0,0,0,1916.68,0
2062.91,9,90,1,4,5,0,0,0,1,202.13,0
3905.96,3,606,0,0,0,1,0,0,0,360.01,0
2444.32,6,649,2,6,5,0,0,0,1,5005.13,0
77.28,10,20,1,4,0,0,0,0,0,814.67,0
4879.27,23,454,2,12,5,0,0,0,0,7562.31,0
4474.06,21,23,1,3,0,0,0,0,0,2501.41,0
3809.46,21,329,1,6,0,0,0,0,0,245.96,0
1918.43,2,403,1,2,2,1,0,0,0,269.67,0
1525.81,4,166,0,0,2,0,0,0,1,425.91,0
5159.44,1,776,0,0,2,0,0,1,0,80.25,0
19638.95,11,588,3,7,5,0,0,0,0,1335.37,1
262.55,20,950,1,6,5,0,0,0,0,148.66,0
5525.83,4,138,3,7,0,0,0,0,1,851.96,0
963.6,6,7,1,2,0,0,0,0,0,1034.29,0
902.79,3,608,1,4,0,0,0,0,1,2582.82,0
109.42,10,92,2,12,0,0,0,0,0,2370.96,0
715.38,21,229,1,7,1,0,0,0,0,300.77,0
245.7,8,620,0,0,5,0,0,0,0,873.5,0
546.87,3,88,0,0,1,1,0,0,0,233.26,0
211.18,21,136,1,3,0,1,0,1,1,413.68,0
559.27,8,211,2,7,5,0,0,0,0,250.25,0
596.35,11,115,1,3,0,0,0,0,0,24.52,0
1267.92,15,225,3,11,1,0,0,0,0,1486.96,0
97.31,0,3,1,2,1,0,0,0,1,819.71,0
125.43,7,87,0,0,0,0,0,0,0,804.47,0
1887.24,0,652,3,7,0,0,0,0,0,2423.73,0
331.57,19,194,1,2,3,0,0,0,1,154.12,0
5496.1,18,369,4,14,2,0,0,0,2,4080.92,0
1537.49,3,96,2,8,0,0,1,0,0,150.24,0
2724.78,13,383,1,7,0,0,0,1,0,346.06,0
9100.08,22,3650,3,23,2,1,0,0,0,3181.18,0
689.13,13,330,0,0,3,0,0,0,0,2860.4,0
463.25,8,361,1,7,0,0,0,0,0,277.2,0
4054.38,8,43,3,17,5,0,0,0,1,213.2,1
2354.94,16,188,1,4,2,0,1,0,1,124.27,1
827.99,14,719,3,6,0,0,0,1,1,499.45,0
8841.28,9,656,2,4,0,1,0,0,0,3400.99,0
797.62,16,269,2,4,5,0,0,0,0,2735.56,1
1151.89,8,853,3,8,0,0,0,0,0,1582.78,0
1132.1,3,56,1,2,5,0,0,0,0,196.19,0
269.92,13,391,3,9,0,0,0,0,1,188.22,0
1231.98,2,104,4,20,0,0,0,1,0,232.32,0
8911.88,20,378,1,5,2,0,0,0,0,161.2,1
2137.63,11,33,2,8,1,0,0,0,0,1553.55,0
1148.94,21,1049,2,11,0,0,0,0,0,1126.78,0
860.36,0,563,1,4,0,0,1,0,1,478.12,0
1801.37,0,81,1,3,0,0,0,0,0,706.71,0
3376.69,12,370,1,6,0,1,1,0,0,80.22,0
2734.92,13,519,2,15,0,0,0,0,0,140.97,0
666.61,15,85,0,0,0,0,0,0,1,4329.38,0
1785.0,6,35,1,4,2,0,0,0,0,926.32,0
2252.76,9,158,3,12,0,0,1,0,1,1699.82,0
242.07,14,53,1,2,0,0,0,0,1,1268.8,0
1411.41,7,304,3,17,5,0,0,0,1,436.45,0
42.86,10,201,4,13,5,0,0,0,0,1912.8,0
2261.54,23,226,0,0,1,1,0,0,0,219.89,0
2952.82,13,285,0,0,0,0,0,0,1,1417.28,0
3365.46,12,1467,1,7,0,0,0,0,0,679.01,0
606.33,22,574,1,5,1,0,0,0,0,2341.9,0
1743.36,12,362,1,6,0,1,0,0,0,231.42,0
9282.91,8,165,1,6,0,0,0,0,1,712.95,0
9142.18,16,10,2,8,2,0,0,0,1,557.3,0
1049.68,17,45,2,5,3,0,1,0,0,2024.28,0
1351.51,18,479,1,3,2,0,0,0,1,515.13,0
5804.37,12,168,1,7,2,0,0,0,0,3074.36,0
115.45,11,148,1,5,1,0,1,0,2,1693.35,0
675.45,20,802,1,5,1,0,0,0,0,1124.75,0
8130.32,19,241,2,13,0,1,0,0,1,385.24,1
4735.3,19,838,0,0,0,0,0,1,0,174.33,0
1908.16,7,794,0,0,0,0,0,0,0,472.58,0
114.58,23,30,4,10,5,0,0,0,0,468.21,0
1017.53,10,1061,1,7,0,0,0,0,0,483.97,0
452.65,6,29,0,0,1,1,1,0,1,339.98,0
1801.83,0,1208,2,14,0,0,0,1,0,607.56,0
325.7,9,219,2,12,1,0,0,0,0,131.48,0
235.43,14,522,1,3,2,0,0,0,3,982.16,0
49.54,3,447,1,2,0,0,1,1,1,854.71,0
6854.82,0,266,0,0,2,1,0,0,0,384.86,0
602.05,10,352,0,0,0,0,0,0,0,588.3,0
1388.14,4,1092,0,0,0,0,0,0,1,2688.28,0
1092.96,18,957,2,11,3,0,0,0,0,1370.62,0
221.15,18,387,2,10,0,0,1,0,0,599.84,0
165.9,3,391,1,2,1,0,0,0,0,1023.16,0
242.75,1,103,4,8,1,0,0,0,0,249.76,0
370.65,6,643,1,2,0,0,0,0,1,275.32,0
1900.57,12,365,4,11,0,0,0,1,0,576.66,0
332.43,19,638,0,0,1,0,0,1,1,3446.98,0
15059.07,20,391,1,3,1,0,0,0,0,911.9,0
5119.06,11,129,0,0,1,0,0,0,1,8655.2,0
3686.89,1,76,1,6,1,0,0,0,0,362.85,0
916.45,21,29,1,7,0,1,0,0,0,630.25,0
10629.85,8,321,5,13,0,0,0,0,1,157.68,0
790.76,15,121,3,23,0,0,0,0,0,88.72,0
1046.4,7,363,2,15,3,0,1,0,0,135.54,0
1415.11,23,22,0,0,0,0,0,0,0,1625.76,0
3142.38,17,171,0,0,5,0,0,0,0,1582.77,0
2850.82,3,110,4,11,0,0,0,0,0,877.05,0
537.71,23,168,4,27,0,1,0,0,1,739.9,0
493.0,10,20,1,5,0,0,0,0,0,866.39,0
2863.66,16,470,1,5,0,0,0,0,1,147.54,0
3206.24,7,45,1,7,0,0,1,0,0,666.81,0
607.88,18,5,1,4,1,0,1,0,0,679.5,0
101.41,7,1067,1,4,0,0,0,0,1,2101.49,0
803.54,5,78,0,0,2,0,0,0,0,302.17,0
2794.17,22,642,3,11,0,0,0,0,0,833.18,0
16450.73,1,1218,1,3,0,0,0,0,2,244.54,0
181.83,14,278,1,4,3,0,0,0,0,1443.85,0
578.33,0,272,2,14,1,0,0,0,0,1430.66,0
611.49,5,167,0,0,1,1,0,0,0,1114.37,0
8380.88,18,202,1,3,0,0,0,0,0,681.16,0
1040.64,3,240,2,5,0,0,1,0,1,478.86,0
281.18,12,60,2,8,1,0,0,0,1,5680.97,0
2535.24,14,165,2,11,2,0,0,0,0,2503.16,1
597.67,8,618,0,0,0,1,0,1,0,886.96,0
174.76,2,73,1,3,0,0,0,0,0,330.62,0
287.39,1,477,4,13,0,0,0,0,0,771.61,0
14780.48,15,384,1,7,3,0,0,0,0,1648.95,0
1951.42,17,21,3,12,0,0,0,0,0,1480.47,0
1289.02,17,8,0,0,0,0,1,1,1,511.27,0
753.82,5,158,4,24,2,0,0,0,0,370.7,0
1699.73,17,430,3,14,0,0,0,0,0,558.06,0
1669.62,10,146,0,0,1,1,0,0,1,304.43,0
1699.78,6,402,2,8,3,1,0,0,1,187.0,0
1302.8,22,399,1,2,5,0,0,0,0,774.83,0
4036.76,22,599,2,7,0,0,0,0,1,2700.11,0
1135.3,13,38,2,9,1,0,0,0,1,1132.18,0
252.92,17,314,0,0,2,0,0,0,1,2367.97,0
437.63,6,23,2,12,1,0,0,0,2,1973.63,0
56.34,9,70,2,8,0,0,1,0,1,512.68,0
22930.56,7,143,4,21,1,0,0,0,1,464.93,1
4000.33,23,448,0,0,0,1,0,0,0,482.77,0
315.73,13,1330,1,6,0,1,0,0,0,727.58,0
718.55,17,153,1,3,0,0,0,0,0,4059.39,0
421.86,4,268,1,3,0,0,0,0,0,3144.27,0
11090.24,13,109,1,5,0,0,0,0,1,1208.1,0
130.34,21,410,1,5,5,0,0,0,0,527.95,0
1302.07,21,166,3,15,5,0,0,0,1,2936.37,0
931.88,21,239,1,2,0,0,0,0,1,788.02,0
3790.52,9,306,3,12,0,0,0,0,0,777.43,0
938.22,14,423,1,6,0,0,0,0,1,249.51,0
78.47,5,22,4,25,1,0,0,0,0,412.9,0
752.44,8,295,1,2,0,0,0,0,0,165.0,0
255.13,9,205,2,9,0,0,0,0,1,557.26,0
1235.67,22,52,3,13,0,0,0,0,0,1152.27,0
9426.36,16,85,3,15,1,1,0,1,0,201.91,0
80.71,0,785,3,14,0,1,0,0,0,1048.04,0
330.19,13,749,0,0,0,0,0,0,0,340.47,0
478.65,3,12,1,6,0,0,0,0,0,644.6,0
618.66,1,426,0,0,1,0,1,0,0,2987.98,0
3328.21,2,294,2,10,2,1,0,0,0,876.32,0
845.29,6,1025,0,0,0,0,0,0,1,156.45,0
2046.13,22,870,1,7,1,0,0,0,0,536.59,0
428.95,13,316,1,5,1,0,0,0,0,149.42,0
1548.26,11,54,2,5,0,1,0,0,2,994.08,0
3521.69,18,224,4,21,5,0,0,0,0,1011.62,0
365.6,17,471,1,5,0,0,0,0,0,1119.8,0
3540.55,14,1106,0,0,1,0,0,0,0,119.22,0
1186.26,0,165,1,2,3,0,0,0,1,3729.76,0
5261.6,2,560,1,2,0,0,0,0,1,1051.75,0
810.68,14,419,2,4,3,0,0,0,0,1623.05,0
1942.76,3,29,2,5,0,0,0,0,2,2171.22,0
1031.83,14,297,0,0,1,0,1,0,0,2035.62,0
949.26,9,73,1,3,1,0,0,0,1,826.61,0
1617.11,5,419,2,6,2,0,0,0,0,249.39,0
2453.35,12,343,2,14,1,0,0,0,1,206.97,0
168.28,6,1319,4,26,1,0,0,0,0,123.45,0
9418.68,21,999,1,6,0,0,0,0,4,732.11,0
67.39,0,3,2,9,5,0,0,0,0,671.7,0
392.6,21,30,1,2,1,0,1,0,0,519.25,0
952.03,10,535,1,6,1,0,0,1,0,813.26,0
2035.58,13,422,2,14,5,0,0,0,1,434.31,0
11663.96,5,589,2,9,2,0,0,0,0,383.67,0
67.53,4,113,0,0,0,0,1,0,0,665.92,0
512.07,18,690,2,9,1,0,0,0,0,744.78,0
45.14,18,213,2,7,1,0,1,0,0,1362.96,0
1149.9,12,110,1,5,0,0,0,0,0,1415.3,0
1648.34,6,3,0,0,2,0,0,0,0,793.34,0
11922.63,7,748,2,5,5,0,0,0,0,503.89,1
1314.16,13,279,1,5,0,0,0,0,1,121.41,0
5250.29,18,1352,3,19,0,1,0,0,2,717.72,0
2632.67,18,457,1,4,0,1,0,0,2,831.93,0
570.85,22,30,2,5,0,0,0,0,1,976.06,0
132.5,11,323,3,21,0,0,1,1,0,1836.97,0
1656.57,22,6,3,18,1,0,0,0,1,275.84,1
116.96,8,297,2,11,0,0,0,0,0,962.2,0
7652.68,13,157,1,5,1,0,0,0,0,101.79,0
859.98,5,376,0,0,0,0,0,0,0,416.03,0
6586.43,14,284,2,9,1,0,0,1,0,3115.07,0
533.62,12,110,4,15,0,1,0,0,0,443.24,0
1641.35,6,64,2,14,0,0,0,0,0,964.89,0
1501.2,10,189,3,16,0,0,0,0,0,406.08,0
1024.99,9,1580,1,6,0,0,0,0,0,678.44,0
573.07,0,208,1,5,1,0,0,0,0,539.48,0
1975.71,6,504,1,4,3,0,0,0,2,196.94,0
273.35,17,21,2,13,0,0,0,0,0,1096.83,0
178.72,22,173,0,0,0,0,0,0,1,206.41,0
7074.42,2,316,1,3,0,0,0,0,1,661.81,0
3264.14,8,507,1,3,0,0,0,0,1,2931.77,0
1210.56,4,274,0,0,1,0,0,0,0,640.83,0
13329.22,22,264,2,15,3,0,0,0,0,605.33,0
733.88,23,526,3,15,1,1,0,0,1,134.91,0
7974.9,12,137,2,8,0,0,0,0,2,2533.83,0
1427.04,15,34,0,0,1,0,0,0,0,800.3,0
235.77,15,155,1,4,0,0,0,0,0,5995.84,0
17536.86,11,63,2,14,0,0,0,1,1,130.81,0
4846.76,17,1233,0,0,1,1,0,0,2,580.62,0
914.58,10,314,2,9,0,0,0,0,0,724.22,0
3264.16,16,215,2,13,0,0,0,0,0,1222.9,0
598.51,6,887,3,9,0,0,0,0,0,367.1,0
3803.68,14,841,1,4,1,0,0,0,0,190.83,0
30.37,5,196,1,2,0,0,1,0,0,831.41,0
237.53,5,758,0,0,0,0,0,0,1,496.6,0
4764.22,17,24,1,7,1,0,0,0,1,2630.11,0
754.09,18,791,2,10,2,0,0,0,0,1056.22,0
1497.14,19,135,4,26,2,0,0,0,1,754.99,0
145.45,18,303,1,4,0,0,0,1,1,699.53,0
17532.31,1,114,1,5,1,0,0,0,0,1525.55,1
6540.67,2,1528,0,0,0,0,0,1,0,2127.87,0
811.57,13,27,3,18,1,0,0,0,1,331.53,0
597.62,21,216,0,0,0,0,0,1,1,791.23,0
5137.94,3,354,2,5,0,1,0,0,3,260.23,1
21454.84,21,348,1,7,3,0,0,0,0,1462.93,0
4585.44,16,489,1,7,1,0,0,0,0,705.72,0
28501.27,5,470,0,0,0,1,0,0,0,661.14,1
274.92,18,575,1,6,5,1,0,1,0,652.01,0
320.83,8,97,2,12,0,1,0,0,0,118.33,0
184.3,3,168,3,21,0,0,0,0,2,204.93,0
2127.37,6,175,3,9,5,0,0,0,1,650.06,0
1427.11,3,1138,3,21,1,0,0,0,1,2507.22,0
873.12,10,192,0,0,3,0,1,0,0,1552.38,0
3691.87,21,91,2,12,1,0,0,0,0,652.26,0
6963.89,22,365,2,11,1,0,0,0,0,130.84,0
111.22,1,203,1,3,0,0,0,0,1,244.93,0
447.89,9,105,1,7,0,0,0,0,0,654.98,0
3752.64,5,458,1,5,3,0,0,0,1,1780.91,0
543.7,7,77,2,11,2,0,0,0,1,2704.6,0
331.19,14,366,2,11,5,0,1,0,2,348.55,0
5053.35,12,205,4,28,0,0,0,0,0,535.71,0
158.5,21,140,1,2,2,0,0,0,0,109.39,0
697.59,1,1065,2,4,0,0,1,0,0,128.51,0
1795.37,19,143,2,6,0,0,0,0,1,114.02,0
463.71,0,155,1,4,0,0,0,0,1,499.27,0
3550.11,14,746,2,9,0,0,0,0,1,826.36,0
467.17,6,50,1,5,0,0,0,0,1,2087.73,0
9071.83,23,41,0,0,0,1,0,0,0,1869.52,0
908.12,17,121,2,13,1,0,0,0,1,703.95,0
3001.61,9,326,3,11,0,0,0,0,1,366.89,0
3357.78,14,177,1,7,0,0,0,0,2,411.48,0
427.81,4,342,1,7,0,0,0,0,0,441.9,0
50.39,23,63,2,4,1,0,0,1,0,513.84,0
1883.96,10,110,0,0,0,0,1,0,0,740.59,0
1222.23,7,303,2,11,0,0,0,0,1,944.14,0
2524.35,20,89,0,0,0,0,1,0,0,825.43,0
780.71,7,200,5,27,0,0,0,0,1,368.35,0
574.99,5,310,3,7,0,0,0,1,2,3473.2,0
22308.2,14,1327,3,14,0,0,0,0,0,229.86,0
120.48,14,30,2,9,1,0,0,0,1,67.6,0
3297.52,4,225,1,5,5,0,0,0,0,5117.38,0
463.17,12,184,2,8,0,0,0,0,0,2253.01,0
662.71,13,634,1,2,1,1,0,0,0,9262.62,0
681.53,10,841,1,7,0,0,0,0,1,2795.56,0
328.6,19,866,1,3,3,0,0,0,1,6195.3,0
2583.33,20,171,2,4,3,0,0,0,0,436.52,0
8830.49,11,132,0,0,0,0,0,0,0,350.34,0
2219.46,19,217,2,14,5,0,0,0,1,403.88,0
1280.59,0,153,1,3,1,0,0,0,0,302.01,0
249.72,2,463,2,9,0,0,1,0,0,345.17,0
2380.91,7,87,2,8,0,0,0,0,1,210.08,0
27848.22,22,392,1,2,0,0,0,0,0,483.37,0
619.53,11,955,2,14,5,0,0,0,1,9681.02,0
623.92,14,119,2,13,0,0,0,1,0,164.45,0
472.66,22,412,2,5,3,0,0,0,0,2377.13,0
526.3,2,56,1,2,0,0,0,0,0,585.26,0
17.85,21,47,3,6,0,0,0,0,0,370.91,0
2013.35,7,44,1,7,0,1,0,0,0,456.6,0
308.48,23,54,0,0,2,0,0,0,1,94.03,0
97.96,18,88,1,7,2,1,0,0,1,2968.75,0
3394.07,19,302,0,0,1,0,1,0,0,442.47,0
216.37,5,531,1,2,1,0,0,0,0,203.44,0
659.84,17,49,2,8,1,1,0,0,1,846.81,0
9893.8,10,744,1,4,2,0,0,0,1,1514.08,0
132.45,11,675,3,9,0,0,0,0,0,679.2,0
110.07,22,474,2,4,1,0,0,0,0,1118.81,0
1642.47,1,202,4,15,2,1,0,0,1,172.46,1
6150.15,4,0,0,0,2,0,0,0,0,505.1,0
103.39,3,484,1,3,0,0,1,0,1,175.97,0
2021.38,8,770,2,15,0,0,0,0,0,672.01,0
2621.49,12,149,3,14,0,0,0,0,0,737.61,0
49.96,12,462,0,0,0,1,0,0,0,370.23,0
3632.77,14,23,2,8,3,0,0,0,0,3934.21,0
4084.31,1,451,0,0,0,1,1,0,1,486.61,0
686.99,22,25,1,4,0,0,0,0,1,1068.52,0
7176.16,12,322,0,0,0,0,0,0,0,2420.66,0
6031.09,6,332,1,2,0,0,1,0,0,274.5,0
1280.08,22,131,0,0,0,0,0,0,0,1531.8,0
557.15,16,30,0,0,1,0,0,0,1,1330.95,0
254.87,7,1088,3,12,0,0,0,0,0,852.58,0
1036.55,17,279,0,0,0,0,0,0,0,1576.15,0
2577.66,14,316,2,12,3,0,0,0,1,288.24,1
674.34,14,348,1,6,0,0,0,0,0,1693.2,0
40.6,4,809,1,3,3,0,0,0,0,1025.38,0
7354.52,1,22,1,2,0,1,0,0,0,1355.42,0
1458.75,15,816,1,4,0,0,0,0,1,507.48,0
620.52,4,100,0,0,1,0,0,0,0,368.89,0
3966.89,22,29,2,13,0,0,0,0,0,214.89,0
10796.29,5,390,3,13,5,1,0,0,0,550.89,1
16.4,11,1376,1,4,5,0,0,0,1,436.15,0
2103.58,4,21,3,22,1,0,0,0,1,302.34,1
129.03,19,202,0,0,3,1,0,0,0,2621.68,0
2318.48,7,275,0,0,2,0,0,0,1,1471.78,0
1328.61,10,106,3,13,0,1,0,0,0,2160.23,0
2845.77,13,1484,0,0,1,0,0,0,0,297.85,0
518.6,23,373,0,0,3,0,0,0,0,1418.84,0
66.03,16,678,1,3,0,0,1,0,0,348.09,0
558.05,9,196,1,4,0,0,0,0,0,381.36,0
2018.83,1,159,4,14,5,1,0,0,0,885.77,0
5029.56,2,294,0,0,0,0,0,0,0,1118.17,0
189.1,12,208,0,0,3,1,0,0,0,325.7,0
5118.37,16,458,0,0,0,0,0,0,0,565.16,0
414.96,2,112,2,15,0,0,0,0,0,225.79,0
1888.76,9,217,2,11,0,0,0,0,1,881.46,0
510.38,7,823,1,6,2,0,0,0,0,137.82,0
1441.24,3,515,0,0,0,0,0,0,1,996.95,0
4178.95,12,67,0,0,2,0,0,0,0,1377.47,0
174.07,6,795,2,10,0,0,0,0,1,310.13,0
395.5,6,324,1,7,0,0,0,0,2,494.78,0
1447.28,15,415,4,25,0,0,0,0,0,515.88,0
40230.29,4,127,1,6,0,0,0,0,1,1189.57,0
300.43,16,212,2,9,3,0,1,0,1,166.68,0
23393.2,9,600,2,14,0,1,0,0,0,152.98,0
22173.1,3,146,0,0,1,0,0,0,1,417.34,0
947.7,22,65,3,18,5,0,0,0,0,12881.7,0
701.18,13,173,1,3,1,0,0,0,0,1501.06,0
388.35,4,26,2,15,1,0,0,0,0,1881.06,0
989.99,1,461,4,14,5,0,0,0,0,379.3,0
132.94,13,58,2,10,5,0,0,0,1,698.22,0
978.13,23,122,1,4,0,0,0,0,1,775.46,0
10355.99,17,777,3,9,1,0,0,0,1,9083.6,0
438.51,23,283,4,11,0,1,0,1,1,757.25,0
764.26,10,141,3,11,0,0,0,0,0,1196.67,0
85.48,15,289,2,12,5,0,0,0,0,693.42,0
1921.95,17,89,3,23,2,0,0,0,1,405.86,1
1630.63,15,9,0,0,1,0,0,0,0,1746.05,0
1206.59,20,337,0,0,0,0,0,0,0,301.22,0
792.16,3,457,0,0,0,0,0,1,1,824.51,0
706.88,0,773,0,0,0,0,0,0,0,1280.4,0
2328.2,13,539,2,4,2,0,0,0,1,216.63,0
1050.24,11,953,0,0,5,0,0,0,0,1886.07,0
1758.92,23,1556,2,13,1,1,0,0,0,2862.23,0
1513.95,9,498,2,13,3,0,0,0,1,645.04,0
5914.37,18,738,2,10,0,0,0,0,0,1265.19,0
3027.5,3,408,3,23,1,0,0,0,0,1352.26,0
1464.53,19,68,2,9,1,1,0,0,0,274.3,0
10696.08,20,73,2,15,0,0,0,0,0,3839.53,0
2059.88,2,42,0,0,0,0,0,0,1,476.11,0
7765.48,3,1045,1,2,0,0,0,0,0,601.31,0
2725.52,14,407,2,14,0,0,0,0,1,890.5,0
69.21,10,569,2,7,0,0,0,0,0,1093.63,0
7763.99,15,146,1,6,1,0,1,0,1,380.95,0
1343.14,3,225,1,2,0,0,0,0,1,581.4,0
1014.42,5,14,2,7,1,1,0,0,1,1458.24,0
1672.41,7,802,2,13,0,0,1,0,1,212.61,0
653.62,12,699,2,15,2,1,0,0,0,1513.97,0
1541.55,22,560,2,6,2,0,0,0,0,2356.84,0
451.32,19,21,3,14,1,0,0,0,1,532.78,0
7416.1,3,69,3,16,1,0,0,0,0,1246.25,0
924.84,4,148,2,15,0,0,0,0,0,1059.61,0
617.77,9,111,1,4,3,0,0,0,1,1317.88,0
273.86,4,665,1,7,0,0,0,0,0,3980.0,0
1641.17,11,79,3,23,2,1,1,0,1,120.44,1
1451.95,0,277,1,7,0,0,0,0,2,246.81,0
1963.8,23,309,1,6,0,0,0,0,1,212.92,0
234.89,9,201,3,8,0,0,0,0,1,216.84,0
99.31,4,100,1,5,2,0,0,0,0,763.92,0
2802.84,18,1177,0,0,3,0,0,0,0,642.08,0
10167.61,18,194,1,7,0,1,0,0,0,778.98,0
235.21,19,474,2,13,1,0,0,1,1,106.78,0
11898.43,11,74,3,15,0,0,1,1,0,399.07,0
1678.85,22,631,0,0,2,0,0,0,0,2885.81,0
1085.08,15,88,2,9,0,0,0,0,0,688.8,0
604.06,4,410,1,5,5,0,0,0,0,919.83,0
137.44,16,257,1,3,5,0,0,0,2,1227.75,0
4825.13,13,57,1,4,0,0,0,0,1,494.0,0
342.61,11,9,3,6,1,0,0,0,0,338.49,0
340.46,12,974,1,7,3,0,0,0,0,612.73,0
4855.61,20,49,1,2,0,0,0,0,1,1201.65,0
65.07,13,445,0,0,0,1,0,0,0,898.6,0
111.56,4,385,2,10,0,0,0,0,1,1233.7,0
1067.21,21,152,1,7,0,0,0,0,1,324.81,0
1702.63,22,74,3,22,5,0,0,0,1,896.4,0
2269.02,4,71,2,11,0,0,0,0,0,1246.3,0
697.36,17,321,3,16,5,0,0,0,1,560.59,0
48803.36,13,288,2,8,0,0,1,0,0,297.16,0
779.12,17,761,0,0,5,0,0,0,1,1969.64,0
775.74,19,372,2,7,0,0,0,0,1,265.37,0
331.8,0,624,5,35,1,0,0,0,0,2618.07,0
1320.62,6,12,3,17,0,0,1,0,0,644.84,0
2758.5,16,405,2,13,3,0,1,0,0,267.22,0
6669.95,2,97,1,7,5,1,0,0,0,459.82,1
117.46,9,106,3,7,0,0,0,0,0,231.21,0
758.25,6,465,0,0,2,0,0,0,0,87.79,0
2143.2,11,575,1,6,3,0,0,0,0,148.26,0
2645.42,21,169,1,7,0,1,0,0,0,226.7,0
1107.46,14,569,0,0,0,0,0,0,1,7570.27,0
2474.11,22,214,0,0,0,0,0,0,2,930.12,0
325.89,20,711,1,7,3,0,0,0,0,337.95,0
11348.7,15,9,2,7,0,0,0,0,0,3967.69,0
4860.72,7,31,2,8,1,1,1,0,1,205.08,1
145.85,5,546,1,3,3,0,0,0,0,1129.27,0
218.62,3,357,1,3,1,0,0,0,0,486.51,0
228.06,10,298,2,4,5,1,0,0,0,740.45,0
3031.93,16,347,2,7,1,0,0,0,0,551.85,0
159.64,1,971,1,3,0,0,0,0,1,546.3,0
667.45,5,389,0,0,1,1,0,0,0,205.55,0
2169.08,3,380,3,12,5,0,0,0,0,1730.68,0
993.02,2,520,3,11,0,0,0,0,0,267.75,0
1617.01,6,735,2,13,1,0,0,1,0,584.2,0
221.69,6,110,0,0,1,0,0,0,0,458.91,0
2676.54,15,350,2,12,2,0,0,0,3,907.03,0
437.11,1,320,1,2,0,1,0,0,0,166.59,0
673.89,7,52,3,14,0,1,0,0,1,926.99,0
1566.5,14,268,2,12,3,0,0,0,0,261.79,0
1280.0,15,26,2,11,3,0,0,0,0,218.0,1
1136.8,0,74,1,5,5,0,0,0,0,112.54,1
355.69,9,891,1,3,1,0,0,0,0,2268.63,0
699.72,6,46,1,6,0,0,0,0,0,617.6,0
1100.23,15,315,4,30,0,1,0,1,1,2018.7,0
139.4,9,142,2,5,3,1,0,0,0,820.35,0
547.96,11,295,3,21,0,0,0,0,1,697.63,0
1961.61,16,97,1,4,0,1,0,0,0,802.68,0
161.39,12,214,1,6,0,0,0,0,1,400.9,0
6215.94,11,737,0,0,0,0,0,0,1,3915.82,0
7364.45,14,172,3,20,5,0,1,0,0,1408.93,0
169.4,13,158,3,6,0,0,0,0,1,679.24,0
8403.72,18,215,1,3,1,1,0,0,0,637.08,0
884.15,18,38,2,4,2,0,0,0,0,2533.81,0
2054.47,13,178,3,22,0,0,0,0,1,229.29,0
520.62,17,2,2,6,0,0,0,0,0,6934.94,0
4378.96,4,255,2,9,0,0,0,1,1,783.79,0
2016.55,19,687,3,17,0,0,0,0,0,5362.68,0
323.36,5,293,1,4,5,0,0,0,0,5837.75,0
190.99,17,341,2,10,2,0,0,0,0,708.51,0
122.68,13,11,1,3,1,0,0,0,1,344.96,0
1453.77,3,716,2,4,2,0,0,0,0,545.69,0
2588.17,22,177,2,7,0,0,0,0,0,142.42,0
2911.57,0,1344,3,11,0,1,1,0,0,631.18,0
918.76,12,46,0,0,0,0,0,0,2,980.93,0
193.35,10,1056,3,11,3,0,1,1,0,1218.6,0
394.21,2,367,3,6,0,0,0,0,0,722.3,0
6176.6,16,19,0,0,0,0,0,0,1,3249.55,0
530.1,17,1301,2,12,0,1,0,1,2,151.05,0
1359.85,9,5,1,2,0,1,1,0,1,825.7,0
218.44,15,478,0,0,2,0,0,0,1,2205.57,0
1816.88,20,804,2,13,5,0,0,0,0,2296.75,0
551.96,12,70,1,2,5,1,0,0,2,4934.68,0
5271.49,19,153,2,4,0,0,0,0,0,1147.95,0
3499.36,11,300,3,15,5,0,0,0,2,431.31,0
521.36,3,415,1,4,0,0,0,0,0,1485.69,0
906.87,7,749,1,7,0,0,0,0,0,214.96,0
479.78,11,522,3,22,0,1,0,0,0,520.73,0
130.43,18,164,0,0,2,0,0,0,1,518.19,0
303.03,14,629,2,4,2,0,0,0,0,698.52,0
1476.35,15,1235,0,0,0,0,0,0,2,303.08,0
1786.28,11,93,2,4,0,0,0,0,0,1146.08,0
1370.35,19,28,4,29,0,0,1,0,0,321.64,0
697.43,17,203,0,0,1,0,0,0,0,2146.08,0
4445.29,21,778,1,5,0,1,0,0,0,396.55,0
1206.3,11,59,1,4,0,0,0,0,0,1175.09,0
3149.13,15,791,0,0,3,0,0,0,0,4444.33,0
76.66,19,1772,0,0,0,0,1,0,0,770.53,0
10.0,10,20,1,2,0,0,1,0,1,3514.1,0
1678.54,21,249,1,5,0,0,0,0,0,777.47,0
129.39,19,145,1,7,2,1,0,0,0,2723.34,0
797.37,13,182,1,2,3,0,0,0,0,2292.12,0
697.05,1,219,1,7,0,0,0,0,1,799.73,0
11862.07,12,491,2,14,1,0,1,0,2,546.87,1
1998.19,13,326,3,22,5,0,1,0,0,587.04,0
1406.4,5,1186,3,20,2,0,0,0,1,528.55,1
3848.68,11,147,2,15,1,1,0,1,0,268.65,0
1905.97,6,284,2,6,2,0,0,0,0,988.84,0
551.96,3,612,3,13,0,0,0,0,0,144.4,0
5470.98,6,170,1,4,0,0,0,0,0,2256.05,0
207.55,12,228,2,4,0,0,1,0,1,1364.19,0
1780.89,10,421,0,0,0,0,0,0,0,978.7,0
107.62,7,719,3,18,0,0,0,0,1,974.28,0
1489.08,18,196,4,18,0,0,0,0,0,95.5,0
1464.82,1,277,3,23,0,0,0,0,1,522.05,0
13557.33,20,1348,1,3,0,0,0,0,0,977.61,0
104.85,17,15,1,4,2,0,1,0,1,5462.5,0
445.26,20,217,0,0,2,0,0,0,1,1870.4,0
3766.96,9,368,3,9,3,0,0,0,0,537.73,1
1813.43,5,3,3,9,2,0,1,0,0,96.87,0
1437.21,23,331,2,11,1,0,0,0,0,1303.35,0
261.33,21,21,2,7,0,0,0,0,1,751.47,0
452.04,3,711,1,7,5,0,0,0,1,1133.77,0
7097.95,18,600,1,6,0,0,0,0,1,1831.89,0
1015.09,13,11,1,2,2,0,0,0,2,1295.71,0
1925.69,13,18,4,28,0,0,0,0,1,636.28,0
922.62,17,511,2,8,1,1,0,0,0,2435.36,0
185.93,16,168,1,3,0,1,0,0,0,166.09,0
4450.25,17,312,1,6,0,0,0,0,0,385.73,0
2332.86,17,115,0,0,5,1,0,0,0,1577.14,0
34837.69,4,69,0,0,3,1,0,0,0,896.25,1
239.04,8,128,0,0,2,0,0,0,0,44.39,0
3766.34,0,103,1,5,0,0,0,0,0,71.44,0
153.34,3,217,2,11,1,0,0,1,1,830.56,0
1388.56,6,501,3,17,2,0,0,1,1,171.1,0
4744.59,10,294,1,4,1,0,0,0,3,534.61,0
49.0,13,342,3,8,0,0,0,0,1,554.54,0
806.42,9,231,2,4,5,0,0,0,2,174.73,0
471.15,18,143,2,14,0,0,0,0,2,353.67,0
382.63,7,56,0,0,1,0,1,0,0,386.15,0
1954.36,2,159,0,0,2,0,0,0,0,522.48,0
5890.1,7,399,1,7,1,0,0,0,0,219.99,0
897.92,17,483,1,6,2,1,0,0,0,155.65,0
1492.53,4,231,0,0,1,0,0,0,1,3835.43,0
1301.75,19,378,0,0,0,1,0,0,0,837.51,0
1099.6,10,86,0,0,1,1,0,0,0,1253.05,0
214.0,8,717,1,6,3,1,0,0,1,137.99,0
5782.94,18,733,2,10,0,0,0,0,0,168.92,0
1707.51,11,140,0,0,0,0,0,0,1,252.17,0
1982.91,4,289,1,2,3,0,0,0,0,193.62,0
327.09,15,340,1,5,1,1,0,0,1,165.39,0
550.69,12,233,1,5,0,0,0,0,0,277.08,0
842.02,5,883,2,12,0,0,0,0,0,641.63,0
109.82,15,491,3,20,0,0,0,1,0,257.34,0
87.18,17,407,2,5,5,0,0,0,0,3714.22,0
445.36,16,267,2,11,0,0,0,1,2,461.07,0
2401.34,11,32,0,0,1,0,0,0,2,813.62,0
411.7,0,41,0,0,0,0,0,1,0,1402.49,0
237.89,6,129,0,0,5,0,0,0,0,719.14,0
323.1,13,86,0,0,1,0,0,1,0,3859.93,0
553.9,17,1112,0,0,3,0,0,0,0,378.22,0
644.97,22,192,1,5,0,0,0,1,0,589.98,0
28234.0,0,763,1,3,1,1,0,0,1,839.2,0
5334.4,19,622,2,9,1,0,0,0,0,62.2,0
5100.84,9,611,5,37,0,0,0,0,0,251.41,0
6328.83,14,88,2,14,1,0,0,1,0,158.49,0
245.13,10,216,0,0,1,0,0,0,0,1272.22,0
175.29,3,139,0,0,1,0,0,0,0,86.74,0
208.45,14,1284,2,6,0,0,1,0,0,2404.32,0
8117.35,20,764,0,0,2,1,0,0,0,396.87,0
482.61,15,104,0,0,1,0,0,0,1,559.74,0
167.83,14,137,0,0,0,0,0,0,0,55.48,0
574.5,16,274,0,0,0,0,1,0,1,885.77,0
766.7,22,119,1,3,5,0,0,0,1,3006.39,0
1640.28,10,635,1,3,1,0,0,1,1,216.22,0
1597.87,17,624,2,10,0,1,0,0,0,611.3,0
316.63,15,470,1,7,0,0,0,0,0,5614.18,0
3067.09,14,426,0,0,1,0,0,0,0,285.84,0
420.4,10,289,2,10,0,0,0,0,0,1150.6,0
867.47,12,155,0,0,0,0,0,0,1,2086.79,0
3072.24,17,661,2,7,0,0,0,0,1,3648.55,0
418.75,7,714,1,3,0,0,1,0,1,161.13,0
466.83,8,18,2,14,3,0,0,0,0,2880.67,1
2663.78,21,185,5,38,0,0,1,0,0,57.87,0
302.9,10,9,1,4,0,0,0,1,1,376.69,0
615.73,16,667,3,6,1,1,0,0,3,609.58,0
2524.03,0,71,1,3,0,0,1,0,1,668.13,0
23888.17,10,408,0,0,0,0,0,0,0,84.59,0
2719.24,6,161,1,2,1,0,0,0,0,319.5,0
2228.22,7,618,1,6,0,1,0,0,1,649.94,0
2431.35,18,260,4,22,1,1,0,0,1,379.03,0
219.25,3,143,1,6,0,0,0,0,0,2398.92,0
1304.27,3,142,3,10,1,1,0,1,0,510.57,0
1048.75,18,144,0,0,1,0,0,0,3,1892.34,0
1776.46,23,567,1,2,1,0,0,1,0,378.43,0
1306.05,8,453,1,6,2,1,0,0,1,1406.35,0
1938.27,16,140,0,0,3,0,0,0,1,381.57,0
687.32,17,245,3,21,5,0,0,0,0,326.02,0
1197.41,0,28,1,4,0,1,0,0,0,983.39,0
173.86,13,641,3,15,0,0,0,0,1,399.05,0
678.67,3,112,1,6,0,1,0,0,0,136.07,0
8833.0,9,803,1,4,5,0,0,0,1,1461.35,0
1769.08,22,331,3,23,0,0,0,0,0,841.78,0
1062.75,13,306,1,6,3,0,0,0,1,790.96,0
18848.43,6,64,1,6,1,0,0,0,1,1470.34,1
142.42,11,26,1,6,0,1,0,0,0,641.44,0
207.64,21,293,4,26,0,1,1,0,1,70.59,0
14315.06,15,230,4,13,0,0,1,0,0,1666.87,0
1174.9,4,46,1,3,0,0,0,0,0,5922.57,0
762.14,10,658,2,11,0,0,0,0,0,559.84,0
181.49,3,197,4,18,0,0,0,0,1,104.86,0
2146.39,12,110,1,7,3,0,0,0,1,2273.12,0
2481.68,7,566,0,0,1,0,1,0,1,475.52,0
212.35,6,891,0,0,0,0,0,0,0,1969.16,0
888.55,10,133,0,0,5,1,0,0,1,528.76,0
662.97,10,545,3,23,0,0,0,0,4,499.62,0
1609.96,16,385,1,2,1,0,0,1,0,114.08,0
204.61,21,1671,0,0,0,0,0,0,2,390.02,0
7171.87,13,83,1,6,5,0,0,0,0,154.49,0
4331.79,1,1181,2,5,1,0,0,0,2,400.45,0
636.02,19,138,1,2,0,0,0,0,0,1336.02,0
792.64,20,193,1,3,2,0,0,0,1,323.21,0
893.7,7,162,0,0,2,0,0,0,0,249.99,0
341.22,21,114,0,0,0,0,0,0,2,543.31,0
563.89,1,431,2,11,1,0,0,1,0,657.01,0
731.13,20,324,1,2,0,0,0,0,0,217.34,0
12323.98,14,133,1,5,0,0,0,1,0,99.31,0
4536.57,4,51,1,7,3,0,0,0,0,203.81,0
4455.89,5,139,1,4,0,1,0,0,1,1119.86,0
1910.06,16,175,1,5,0,0,0,0,1,876.73,0
205.21,7,174,2,13,0,1,0,0,0,2002.08,0
1030.46,18,161,1,3,0,1,0,0,2,4543.65,0
4701.95,4,18,4,28,5,0,0,0,1,5744.88,0
166.1,22,227,2,9,1,0,0,0,4,356.18,0
2849.3,18,660,1,2,0,1,0,0,0,517.83,0
35736.0,13,72,3,21,0,0,0,0,1,989.33,0
5392.29,9,57,0,0,2,0,0,0,0,364.9,1
9145.74,12,233,5,15,1,0,0,0,2,614.75,0
1521.59,21,168,1,3,0,0,0,0,0,216.38,0
4683.95,4,300,1,5,0,0,0,0,1,1041.81,0
373.61,6,1072,1,4,5,0,0,0,1,582.94,0
3618.43,9,522,1,3,5,0,0,0,0,425.55,0
2926.56,10,424,2,9,0,0,0,0,0,1597.4,0
1694.03,2,196,1,3,0,0,0,1,0,105.47,0
7895.21,12,123,3,10,2,0,0,1,1,790.2,0
488.74,1,283,2,13,0,0,0,0,1,855.24,0
828.33,3,790,2,6,0,0,0,0,1,277.21,0
1265.46,2,764,1,6,1,0,0,0,1,116.45,0
234.06,14,215,3,10,0,0,0,0,0,533.8,0
1541.33,3,103,1,3,2,0,0,0,2,1029.16,0
83.23,22,93,2,7,2,0,0,0,1,1131.29,0
5273.41,20,12,0,0,1,0,0,0,0,474.39,0
1176.1,3,675,1,2,3,0,0,1,0,2891.83,0
502.03,14,112,3,7,0,0,0,0,0,6946.84,0
313.7,5,162,0,0,0,0,0,0,1,4061.54,0
771.34,22,604,4,8,2,0,1,1,1,280.65,0
3079.09,4,46,0,0,5,0,0,0,1,180.06,0
2493.91,11,225,0,0,0,0,1,0,0,439.7,0
380.58,6,47,5,36,5,0,0,0,1,774.32,1
308.26,2,212,5,33,0,0,1,0,0,339.58,0
2937.6,6,17,3,15,2,0,0,0,0,235.05,1
371.1,11,266,3,14,2,0,0,0,1,3559.97,0
1199.75,14,579,4,21,0,0,0,0,1,3514.74,0
1320.32,18,411,0,0,0,1,0,0,0,836.63,0
1751.26,5,259,2,12,1,0,0,0,1,5283.54,0
3973.51,7,644,2,12,0,0,0,0,1,326.73,0
164.94,5,94,1,5,2,0,0,0,0,1138.03,0
62.38,2,648,4,9,5,0,0,0,0,1377.07,0
468.17,4,118,0,0,1,1,0,0,0,1252.6,0
16355.06,8,164,0,0,1,0,0,0,0,708.85,0
22771.41,23,50,0,0,5,0,0,1,1,531.52,0
17098.84,15,39,0,0,0,1,0,0,0,470.07,0
821.0,21,981,3,23,0,0,0,0,0,450.4,0
75.7,15,76,2,15,0,0,1,0,1,2863.61,0
32.64,8,147,5,33,0,0,0,0,0,439.06,0
436.57,17,274,1,4,1,0,1,0,1,741.56,0
814.76,12,156,2,7,0,0,0,0,0,645.58,0
7715.13,10,745,3,9,1,0,0,0,0,804.61,0
4030.75,9,843,1,3,0,1,0,0,0,1374.18,0
1542.42,9,143,1,7,1,1,0,0,1,1491.5,0
288.66,5,35,0,0,3,1,0,0,3,2541.78,0
259.52,15,86,2,4,0,0,0,0,1,604.0,0
1605.5,11,234,4,9,0,0,0,0,0,431.61,0
3119.96,3,124,0,0,0,0,0,0,2,565.48,0
1974.01,4,220,3,13,3,0,0,0,0,2338.23,0
232.32,1,518,3,13,5,0,0,1,2,111.76,0
2910.27,18,199,2,13,0,0,0,0,0,759.82,0
2077.39,0,80,0,0,0,0,0,1,0,472.07,0
220.08,3,161,1,2,1,0,1,1,0,376.33,0
338.16,11,495,5,20,1,0,0,0,1,259.01,0
3080.18,1,201,0,0,0,0,0,0,0,155.53,0
771.42,11,104,1,4,3,1,0,1,1,1293.53,0
11893.19,15,203,1,3,3,0,0,0,0,1350.36,0
2325.51,1,221,5,28,0,0,0,0,1,607.07,0
528.51,16,128,0,0,1,0,0,0,1,154.26,0
1079.97,1,1987,1,7,2,1,1,0,0,1452.87,0
1206.01,3,532,0,0,2,1,0,0,1,1630.73,0
367.75,5,430,4,28,5,0,0,0,0,2692.64,0
278.97,22,704,2,15,0,0,1,0,1,948.28,0
3140.34,6,400,2,9,0,0,0,0,2,1201.15,0
3896.8,22,571,2,4,2,0,0,0,1,121.11,0
2712.63,14,194,0,0,1,0,0,0,0,803.9,0
10646.4,19,253,3,15,1,0,0,0,1,406.54,0
486.55,11,17,0,0,0,0,0,0,1,79.03,0
13512.98,4,120,1,5,0,0,0,0,1,606.04,0
283.9,13,167,1,3,0,1,0,0,0,354.9,0
240.08,15,358,0,0,0,0,0,0,1,346.58,0
78.26,10,227,0,0,0,0,0,0,1,4594.78,0
561.89,11,341,1,2,0,0,0,0,2,202.07,0
515.13,18,456,4,13,0,0,0,0,0,340.64,0
2413.68,16,15,1,2,0,0,0,0,0,572.21,0
1581.04,23,109,1,6,3,0,0,0,0,455.8,0
183.19,6,68,1,7,0,0,0,0,1,122.08,0
608.45,8,75,0,0,0,1,0,1,1,1134.72,0
628.17,13,255,1,7,3,0,0,0,1,370.47,0
76.4,19,491,4,23,0,0,0,0,0,3497.61,0
251.79,11,116,1,5,1,0,0,0,2,112.83,0
345.08,14,635,2,10,5,0,0,0,0,351.08,0
9418.56,11,813,1,2,0,0,0,0,0,314.33,0
1461.44,20,157,4,30,5,0,0,0,1,2271.01,0
2960.91,20,417,3,12,0,0,0,1,0,1968.17,0
115.82,22,45,2,13,2,0,0,0,0,353.83,0
6576.92,12,497,2,13,0,0,0,0,0,227.48,1
7720.64,8,65,2,15,2,0,0,0,1,634.92,0
54.73,23,424,2,7,1,0,0,0,0,884.72,0
380.71,6,200,1,7,3,0,0,0,0,1139.94,0
2306.87,0,962,2,7,0,0,0,0,1,422.39,0
2882.99,9,227,1,4,1,0,0,0,0,363.63,0
